raw_code,link_count,registry_classification,routing_classification,canonical_code,is_core_alias,canonical_name,parent_code,root_code,wiktionary_section,parent_chain_json,components_json,source_language_counts_json,example_1_source_lang,example_1_source_word,example_1_source_pos,example_1_source_id,example_1_target_word,example_1_target_label,example_1_anchor,example_2_source_lang,example_2_source_word,example_2_source_pos,example_2_source_id,example_2_target_word,example_2_target_label,example_2_anchor,example_3_source_lang,example_3_source_word,example_3_source_pos,example_3_source_id,example_3_target_word,example_3_target_label,example_3_anchor
fi,238236,full_language,,fi,false,Finnish,,,,[],[],"{""ca"": 2, ""cs"": 3, ""da"": 11, ""de"": 17, ""el"": 2, ""en"": 259, ""eo"": 5, ""es"": 2, ""fi"": 237427, ""fr"": 4, ""gl"": 1, ""hu"": 211, ""id"": 2, ""it"": 6, ""la"": 4, ""nb"": 111, ""nl"": 7, ""pl"": 12, ""pt"": 3, ""ro"": 1, ""ru"": 47, ""sv"": 91, ""tr"": 6, ""uk"": 1, ""vi"": 1}",fr,ménager la chèvre et le chou,verb,43015,pukki kaalimaan vartijana,,,fr,yogourt,noun,70621,jogurtti,,,fr,Tampere,name,101083,Tampere,,
en,220174,full_language,,en,false,English,,,,[],[],"{""ca"": 486, ""cs"": 205, ""da"": 1627, ""de"": 4680, ""el"": 431, ""en"": 177208, ""eo"": 1181, ""es"": 2047, ""fi"": 11158, ""fr"": 2365, ""gl"": 292, ""hu"": 715, ""id"": 1824, ""it"": 1548, ""la"": 581, ""nb"": 1327, ""nl"": 3351, ""pl"": 1527, ""pt"": 778, ""ro"": 1287, ""ru"": 2152, ""sv"": 2151, ""tr"": 485, ""uk"": 233, ""vi"": 535}",fr,sur,adj,93,sour,,,fr,avoir,verb,376,aver,,,fr,peu,adv,434,few,,
la,138478,full_language,,la,false,Latin,,,,[],[],"{""ca"": 9210, ""cs"": 634, ""da"": 1891, ""de"": 3750, ""el"": 412, ""en"": 34896, ""eo"": 1641, ""es"": 10243, ""fi"": 2672, ""fr"": 12020, ""gl"": 4943, ""hu"": 1756, ""id"": 3033, ""it"": 16262, ""la"": 7036, ""nb"": 2180, ""nl"": 3906, ""pl"": 1750, ""pt"": 8045, ""ro"": 7148, ""ru"": 1891, ""sv"": 1695, ""tr"": 407, ""uk"": 959, ""vi"": 98}",fr,la,article,3,illam,,,fr,le,article,6,illum,,,fr,et,conj,10,et,,
hu,135449,full_language,,hu,false,Hungarian,,,,[],[],"{""ca"": 2, ""cs"": 27, ""da"": 6, ""de"": 65, ""el"": 3, ""en"": 300, ""eo"": 18, ""es"": 5, ""fi"": 193, ""fr"": 9, ""hu"": 130775, ""id"": 4, ""it"": 10, ""la"": 10, ""nb"": 12, ""nl"": 12, ""pl"": 83, ""pt"": 12, ""ro"": 3791, ""ru"": 25, ""sv"": 16, ""tr"": 44, ""uk"": 27}",fr,coche,noun,46514,kocsi,,,fr,paprika,noun,61784,paprika,,,fr,Tass,name,66774,Tass,,
fr,131661,full_language,,fr,false,French,,,,[],[],"{""ca"": 1686, ""cs"": 222, ""da"": 1172, ""de"": 2521, ""el"": 640, ""en"": 15339, ""eo"": 1557, ""es"": 1639, ""fi"": 1931, ""fr"": 53209, ""gl"": 447, ""hu"": 727, ""id"": 1774, ""it"": 2954, ""la"": 75, ""nb"": 1313, ""nl"": 3181, ""pl"": 1793, ""pt"": 1652, ""ro"": 30068, ""ru"": 1798, ""sv"": 1651, ""tr"": 2746, ""uk"": 547, ""vi"": 1019}",fr,que,pron,39,quoi,,,fr,sur,prep,92,super,,,fr,sur-,prefix,94,super-,,
de,128958,full_language,,de,false,German,,,,[],[],"{""ca"": 82, ""cs"": 544, ""da"": 2683, ""de"": 92676, ""el"": 63, ""en"": 13159, ""eo"": 1001, ""es"": 191, ""fi"": 1299, ""fr"": 560, ""gl"": 63, ""hu"": 1931, ""id"": 231, ""it"": 312, ""la"": 153, ""nb"": 1810, ""nl"": 2991, ""pl"": 1707, ""pt"": 125, ""ro"": 1848, ""ru"": 1419, ""sv"": 3523, ""tr"": 49, ""uk"": 496, ""vi"": 42}",fr,on,pron,105,man,,,fr,ça va,intj,503,wie geht es,wie geht es?,,fr,comment ça va,phrase,1160,wie geht's,wie geht es?,
sv,83685,full_language,,sv,false,Swedish,,,,[],[],"{""ca"": 7, ""cs"": 4, ""da"": 1663, ""de"": 604, ""el"": 3, ""en"": 4429, ""eo"": 38, ""es"": 14, ""fi"": 3777, ""fr"": 31, ""gl"": 6, ""hu"": 8, ""id"": 8, ""it"": 19, ""la"": 34, ""nb"": 1416, ""nl"": 218, ""pl"": 31, ""pt"": 12, ""ro"": 3, ""ru"": 41, ""sv"": 71307, ""tr"": 2, ""uk"": 8, ""vi"": 2}",fr,barre,noun,8604,bärling,,,fr,vague,noun,10976,våg,,,fr,cloche,noun,20707,klocka,,
ru,81045,full_language,,ru,false,Russian,,,,[],[],"{""ca"": 37, ""cs"": 307, ""da"": 25, ""de"": 238, ""el"": 29, ""en"": 2766, ""eo"": 612, ""es"": 41, ""fi"": 1008, ""fr"": 194, ""gl"": 4, ""hu"": 132, ""id"": 30, ""it"": 121, ""la"": 218, ""nb"": 53, ""nl"": 83, ""pl"": 837, ""pt"": 42, ""ro"": 1135, ""ru"": 65347, ""sv"": 86, ""tr"": 78, ""uk"": 7583, ""vi"": 39}",fr,nom,noun,996,и́мя,,,fr,grand de ce monde,noun,1112,вели́кие ми́ра сего́,,,fr,Amour,name,1982,Аму́р,,
nl,77460,full_language,,nl,false,Dutch,,,,[],[],"{""ca"": 20, ""cs"": 18, ""da"": 686, ""de"": 3105, ""el"": 3, ""en"": 8008, ""eo"": 98, ""es"": 64, ""fi"": 99, ""fr"": 364, ""gl"": 18, ""hu"": 12, ""id"": 5949, ""it"": 81, ""la"": 40, ""nb"": 526, ""nl"": 56947, ""pl"": 68, ""pt"": 49, ""ro"": 13, ""ru"": 229, ""sv"": 995, ""tr"": 10, ""uk"": 51, ""vi"": 7}",fr,on,pron,105,men,,,fr,toujours,adv,486,altijd,,,fr,être de la partie,verb,965,van de partij zijn,,
ro,67563,full_language,,ro,false,Romanian,,,,[],[],"{""ca"": 50, ""cs"": 12, ""da"": 2, ""de"": 14, ""el"": 13, ""en"": 2025, ""eo"": 74, ""es"": 212, ""fi"": 10, ""fr"": 156, ""gl"": 34, ""hu"": 78, ""id"": 2, ""it"": 240, ""la"": 10, ""nb"": 16, ""nl"": 2, ""pl"": 29, ""pt"": 150, ""ro"": 64351, ""ru"": 29, ""sv"": 3, ""tr"": 8, ""uk"": 40, ""vi"": 3}",fr,tout,adv,195,tot,,,fr,être,verb,218,fi,,,fr,du tout,adv,236,de tot,,
it,60479,full_language,,it,false,Italian,,,,[],[],"{""ca"": 630, ""cs"": 81, ""da"": 171, ""de"": 649, ""el"": 446, ""en"": 5731, ""eo"": 1076, ""es"": 1200, ""fi"": 473, ""fr"": 1964, ""gl"": 237, ""hu"": 268, ""id"": 298, ""it"": 42150, ""la"": 67, ""nb"": 287, ""nl"": 377, ""pl"": 369, ""pt"": 999, ""ro"": 1986, ""ru"": 310, ""sv"": 238, ""tr"": 295, ""uk"": 114, ""vi"": 63}",fr,et,conj,10,e,,,fr,en,pron,25,ne,,,fr,tu,pron,165,tu,,
grc,56053,full_language,,grc,false,Ancient Greek,,,,[],[],"{""ca"": 1315, ""cs"": 333, ""da"": 953, ""de"": 1329, ""el"": 7401, ""en"": 15995, ""eo"": 565, ""es"": 2504, ""fi"": 1238, ""fr"": 2967, ""gl"": 664, ""hu"": 738, ""id"": 1088, ""it"": 3772, ""la"": 5646, ""nb"": 912, ""nl"": 1297, ""pl"": 1256, ""pt"": 2029, ""ro"": 854, ""ru"": 1265, ""sv"": 639, ""tr"": 490, ""uk"": 781, ""vi"": 22}",fr,a-,prefix,44,ἀ-,,,fr,-on,suffix,108,-ον,,,fr,nous,noun,201,νοῦς,,
enm,29965,full_language,,enm,false,Middle English,,,,[],[],"{""ca"": 6, ""cs"": 1, ""da"": 6, ""de"": 75, ""el"": 2, ""en"": 29372, ""eo"": 1, ""es"": 12, ""fi"": 2, ""fr"": 48, ""gl"": 10, ""id"": 186, ""it"": 8, ""la"": 23, ""nb"": 18, ""nl"": 72, ""pl"": 71, ""pt"": 13, ""ru"": 6, ""sv"": 22, ""tr"": 6, ""uk"": 5}",fr,parlement,noun,5746,parlement,,,fr,développer,verb,7719,wlappen,,,fr,développer,verb,7719,wrappen,,
da,24771,full_language,,da,false,Danish,,,,[],[],"{""ca"": 3, ""cs"": 2, ""da"": 16521, ""de"": 690, ""en"": 3269, ""eo"": 20, ""es"": 7, ""fi"": 50, ""fr"": 39, ""gl"": 2, ""hu"": 3, ""id"": 13, ""it"": 8, ""la"": 15, ""nb"": 1901, ""nl"": 244, ""pl"": 13, ""pt"": 8, ""ro"": 2, ""ru"": 19, ""sv"": 1937, ""tr"": 1, ""uk"": 3, ""vi"": 1}",fr,toujours,adv,486,altid,,,fr,blanc,adj,2851,blank,,,fr,entre quatre yeux,adv,3728,under fire øjne,,
pl,24216,full_language,,pl,false,Polish,,,,[],[],"{""ca"": 6, ""cs"": 508, ""da"": 15, ""de"": 217, ""el"": 6, ""en"": 2192, ""eo"": 528, ""es"": 10, ""fi"": 25, ""fr"": 61, ""gl"": 3, ""hu"": 74, ""id"": 2, ""it"": 20, ""la"": 47, ""nb"": 39, ""nl"": 29, ""pl"": 12744, ""pt"": 8, ""ro"": 258, ""ru"": 1094, ""sv"": 19, ""tr"": 6, ""uk"": 6304, ""vi"": 1}",fr,de bonne maison,adj,2057,z dobrego domu,,,fr,à grands pas,adv,2419,wielkimi krokami,,,fr,donner l'exemple,verb,3156,dać przykład,,
id,23469,full_language,,id,false,Indonesian,,,,[],[],"{""ca"": 1, ""da"": 1, ""de"": 3, ""en"": 205, ""eo"": 1, ""es"": 4, ""fi"": 5, ""fr"": 5, ""id"": 23191, ""it"": 3, ""nb"": 1, ""nl"": 34, ""pl"": 1, ""pt"": 3, ""ro"": 1, ""ru"": 3, ""sv"": 1, ""uk"": 1, ""vi"": 5}",fr,entre quatre yeux,adv,3728,empat mata,,,fr,Fougères,name,44571,Sepaku,,,fr,kaki-lima,noun,59666,kaki-lima,,
es,23149,full_language,,es,false,Spanish,,,,[],[],"{""ca"": 1436, ""cs"": 41, ""da"": 54, ""de"": 206, ""el"": 51, ""en"": 5788, ""eo"": 403, ""es"": 7356, ""fi"": 272, ""fr"": 956, ""gl"": 1816, ""hu"": 44, ""id"": 128, ""it"": 993, ""la"": 35, ""nb"": 107, ""nl"": 224, ""pl"": 146, ""pt"": 2419, ""ro"": 345, ""ru"": 131, ""sv"": 102, ""tr"": 52, ""uk"": 23, ""vi"": 21}",fr,et,conj,10,e,,,fr,-et,suffix,11,-ito,,,fr,tout,adv,195,todo,,
ca,21783,full_language,,ca,false,Catalan,,,,[],[],"{""ca"": 19228, ""da"": 5, ""de"": 7, ""el"": 5, ""en"": 340, ""eo"": 39, ""es"": 819, ""fi"": 4, ""fr"": 375, ""gl"": 221, ""hu"": 3, ""id"": 5, ""it"": 211, ""la"": 4, ""nb"": 8, ""nl"": 10, ""pl"": 3, ""pt"": 399, ""ro"": 85, ""ru"": 3, ""sv"": 5, ""tr"": 1, ""uk"": 2, ""vi"": 1}",fr,et,conj,10,i,,,fr,en,pron,25,en,,,fr,on,pron,105,hom,,
fro,20199,full_language,,fro,false,Old French,,,,[],[],"{""ca"": 164, ""cs"": 26, ""da"": 116, ""de"": 302, ""el"": 6, ""en"": 9867, ""eo"": 20, ""es"": 271, ""fi"": 52, ""fr"": 5854, ""gl"": 343, ""hu"": 50, ""id"": 721, ""it"": 482, ""la"": 56, ""nb"": 154, ""nl"": 957, ""pl"": 232, ""pt"": 243, ""ro"": 72, ""ru"": 39, ""sv"": 116, ""tr"": 33, ""uk"": 23}",fr,la,article,3,la,,,fr,le,article,6,le,,,fr,et,conj,10,et,,
ang,18816,full_language,,ang,false,Old English,,,,[],[],"{""ca"": 13, ""cs"": 5, ""da"": 181, ""de"": 447, ""el"": 6, ""en"": 16770, ""eo"": 9, ""es"": 56, ""fi"": 35, ""fr"": 268, ""gl"": 24, ""hu"": 2, ""id"": 53, ""it"": 34, ""la"": 286, ""nb"": 71, ""nl"": 256, ""pl"": 32, ""pt"": 32, ""ro"": 2, ""ru"": 31, ""sv"": 195, ""tr"": 6, ""uk"": 2}",fr,est,adj,20,ēast,,,fr,sur,prep,92,ofer,,,fr,on,pron,105,man,,
pt,18002,full_language,,pt,false,Portuguese,,,,[],[],"{""ca"": 274, ""cs"": 27, ""da"": 21, ""de"": 70, ""el"": 15, ""en"": 1355, ""eo"": 147, ""es"": 1583, ""fi"": 62, ""fr"": 431, ""gl"": 1937, ""hu"": 15, ""id"": 233, ""it"": 505, ""la"": 10, ""nb"": 67, ""nl"": 104, ""pl"": 48, ""pt"": 10798, ""ro"": 132, ""ru"": 39, ""sv"": 27, ""tr"": 15, ""uk"": 17, ""vi"": 70}",fr,et,conj,10,e,,,fr,du,contraction,58,do,,,fr,tout,adv,195,todo,,
vi,17547,full_language,,vi,false,Vietnamese,,,,[],[],"{""ca"": 1, ""da"": 1, ""de"": 7, ""en"": 235, ""eo"": 4, ""es"": 2, ""fi"": 2, ""fr"": 44, ""gl"": 1, ""hu"": 2, ""id"": 21, ""it"": 2, ""la"": 1, ""nb"": 1, ""nl"": 2, ""pl"": 1, ""pt"": 1, ""ru"": 6, ""sv"": 1, ""tr"": 2, ""uk"": 1, ""vi"": 17209}",fr,Le,name,9,Lê,,,fr,Vu,name,753,Vũ,,,fr,Do,name,11061,Đỗ,,
nb,17039,full_language,,nb,false,Norwegian Bokmål,,,,[],[],"{""da"": 268, ""de"": 75, ""en"": 569, ""eo"": 3, ""es"": 2, ""fi"": 4, ""id"": 1, ""la"": 5, ""nb"": 15613, ""nl"": 28, ""pl"": 1, ""ro"": 1, ""ru"": 3, ""sv"": 465, ""tr"": 1}",de,Teil,noun,833,del,,,de,Sohn,noun,1845,sønn,,,de,helfen,verb,2017,hjelpe,,
tr,16170,full_language,,tr,false,Turkish,,,,[],[],"{""ca"": 6, ""cs"": 3, ""da"": 10, ""de"": 38, ""el"": 46, ""en"": 459, ""eo"": 13, ""es"": 26, ""fi"": 24, ""fr"": 41, ""gl"": 1, ""hu"": 107, ""id"": 16, ""it"": 25, ""la"": 10, ""nb"": 9, ""nl"": 19, ""pl"": 36, ""pt"": 22, ""ro"": 666, ""ru"": 111, ""sv"": 35, ""tr"": 14386, ""uk"": 60, ""vi"": 1}",fr,café,noun,6352,kahve,,,fr,gilet,noun,27038,yelek,,,fr,Erdogan,name,31429,Erdoğan,,
non,14871,full_language,,non,false,Old Norse,,,,[],[],"{""ca"": 16, ""cs"": 6, ""da"": 3433, ""de"": 313, ""el"": 4, ""en"": 3408, ""eo"": 25, ""es"": 39, ""fi"": 292, ""fr"": 198, ""gl"": 40, ""hu"": 11, ""id"": 24, ""it"": 29, ""la"": 129, ""nb"": 3347, ""nl"": 172, ""pl"": 35, ""pt"": 45, ""ro"": 4, ""ru"": 73, ""sv"": 3205, ""tr"": 5, ""uk"": 18}",fr,avoir,verb,376,hafa,,,fr,lieu,noun,1033,lýr,,,fr,choix,noun,1940,kjósa,,
ota,14256,full_language,,ota,false,Ottoman Turkish,,,,[],[],"{""ca"": 18, ""cs"": 15, ""da"": 8, ""de"": 30, ""el"": 366, ""en"": 385, ""eo"": 9, ""es"": 20, ""fi"": 16, ""fr"": 82, ""gl"": 1, ""hu"": 142, ""id"": 26, ""it"": 47, ""la"": 10, ""nb"": 6, ""nl"": 24, ""pl"": 68, ""pt"": 31, ""ro"": 1304, ""ru"": 105, ""sv"": 20, ""tr"": 11464, ""uk"": 59}",fr,café,noun,6352,قهوه,,,fr,musulman,noun,14064,مسلمان,,,fr,tarif,noun,16226,تعرفه,,
ar,12883,full_language,,ar,false,Arabic,,,,[],[],"{""ca"": 358, ""cs"": 42, ""da"": 62, ""de"": 180, ""el"": 132, ""en"": 2867, ""eo"": 107, ""es"": 746, ""fi"": 125, ""fr"": 530, ""gl"": 156, ""hu"": 98, ""id"": 1414, ""it"": 513, ""la"": 135, ""nb"": 84, ""nl"": 162, ""pl"": 127, ""pt"": 449, ""ro"": 307, ""ru"": 205, ""sv"": 83, ""tr"": 3944, ""uk"": 52, ""vi"": 5}",fr,fou,noun,4775,فيل,اَلْفِيل,,fr,café,noun,6352,قَهْوَة,,,fr,au revoir,intj,7159,إلى اللقاء,,
uk,12866,full_language,,uk,false,Ukrainian,,,,[],[],"{""ca"": 4, ""cs"": 75, ""da"": 1, ""de"": 28, ""el"": 2, ""en"": 1467, ""eo"": 13, ""es"": 2, ""fi"": 9, ""fr"": 30, ""hu"": 24, ""id"": 1, ""it"": 5, ""la"": 6, ""nb"": 2, ""nl"": 8, ""pl"": 504, ""pt"": 2, ""ro"": 893, ""ru"": 952, ""sv"": 6, ""tr"": 31, ""uk"": 8801}",fr,au revoir,intj,7159,до побачення,,,fr,Ukraine,name,16157,Украї́на,,,fr,élan,noun,21952,о́лень,,
dum,12428,full_language,,dum,false,Middle Dutch,,,,[],[],"{""ca"": 4, ""cs"": 3, ""da"": 35, ""de"": 299, ""el"": 1, ""en"": 1403, ""eo"": 3, ""es"": 13, ""fi"": 9, ""fr"": 192, ""gl"": 6, ""hu"": 3, ""id"": 662, ""it"": 15, ""la"": 8, ""nb"": 21, ""nl"": 9671, ""pl"": 25, ""pt"": 8, ""ro"": 1, ""ru"": 11, ""sv"": 29, ""tr"": 2, ""uk"": 3, ""vi"": 1}",fr,drôle,adj,5405,drol,,,fr,écran,noun,6920,scherm,,,fr,étape,noun,7072,stapel,,
la-lat,12298,etymology_only,supported,la-lat,false,Late Latin,la,la,Latin,"[""la-lat"", ""la""]",[],"{""ca"": 835, ""cs"": 39, ""da"": 86, ""de"": 249, ""el"": 47, ""en"": 3068, ""eo"": 75, ""es"": 1206, ""fi"": 312, ""fr"": 1377, ""gl"": 524, ""hu"": 125, ""id"": 297, ""it"": 2028, ""la"": 39, ""nb"": 78, ""nl"": 197, ""pl"": 203, ""pt"": 876, ""ro"": 402, ""ru"": 53, ""sv"": 102, ""tr"": 14, ""uk"": 64, ""vi"": 2}",fr,-et,suffix,11,-ittus,,,fr,pour,prep,60,pōr,,,fr,il,pron,62,illī,,
el,10597,full_language,,el,false,Greek,,,,[],[],"{""ca"": 8, ""cs"": 5, ""da"": 6, ""de"": 10, ""el"": 8107, ""en"": 711, ""eo"": 12, ""es"": 22, ""fi"": 17, ""fr"": 37, ""gl"": 5, ""hu"": 12, ""id"": 1, ""it"": 66, ""la"": 20, ""nb"": 14, ""nl"": 9, ""pl"": 12, ""pt"": 10, ""ro"": 1150, ""ru"": 63, ""sv"": 11, ""tr"": 258, ""uk"": 30, ""vi"": 1}",fr,de première nécessité,adj,10790,πρώτης ανάγκης,,,fr,adieu,intj,17830,αντίο,,,fr,gilet,noun,27038,γιλέκο,,
gmh,9712,full_language,,gmh,false,Middle High German,,,,[],[],"{""ca"": 7, ""cs"": 172, ""da"": 49, ""de"": 7490, ""en"": 946, ""eo"": 2, ""es"": 12, ""fi"": 48, ""fr"": 75, ""gl"": 4, ""hu"": 66, ""id"": 11, ""it"": 33, ""la"": 37, ""nb"": 37, ""nl"": 191, ""pl"": 254, ""pt"": 8, ""ro"": 17, ""ru"": 84, ""sv"": 77, ""tr"": 4, ""uk"": 88}",fr,installer,verb,10032,anstalt,,,fr,bière,noun,10807,bier,,,fr,Strasbourg,name,11006,Strāzburc,,
frm,9548,full_language,,frm,false,Middle French,,,,[],[],"{""ca"": 15, ""cs"": 8, ""da"": 15, ""de"": 100, ""el"": 1, ""en"": 4276, ""eo"": 4, ""es"": 45, ""fi"": 24, ""fr"": 3246, ""gl"": 18, ""hu"": 4, ""id"": 507, ""it"": 40, ""la"": 14, ""nb"": 44, ""nl"": 945, ""pl"": 136, ""pt"": 29, ""ro"": 9, ""ru"": 15, ""sv"": 24, ""tr"": 23, ""uk"": 6}",fr,la,article,3,la,,,fr,le,article,6,le,,,fr,et,conj,10,et,,
goh,8640,full_language,,goh,false,Old High German,,,,[],[],"{""ca"": 17, ""cs"": 61, ""da"": 90, ""de"": 5660, ""el"": 2, ""en"": 1322, ""eo"": 2, ""es"": 56, ""fi"": 136, ""fr"": 271, ""gl"": 29, ""hu"": 34, ""id"": 11, ""it"": 118, ""la"": 124, ""nb"": 62, ""nl"": 261, ""pl"": 143, ""pt"": 29, ""ro"": 16, ""ru"": 57, ""sv"": 89, ""tr"": 5, ""uk"": 45}",fr,avoir,verb,376,habēn,,,fr,trop,adv,602,dorf,,,fr,haut,adj,1775,hōh,,
be,7953,full_language,,be,false,Belarusian,,,,[],[],"{""cs"": 19, ""da"": 1, ""de"": 9, ""en"": 274, ""eo"": 4, ""es"": 1, ""fr"": 4, ""hu"": 2, ""id"": 2, ""la"": 1, ""nb"": 2, ""nl"": 4, ""pl"": 190, ""ro"": 4, ""ru"": 425, ""uk"": 7009, ""vi"": 2}",fr,Minsk,name,47365,Мінск,,,fr,Gretzky,name,79944,Грэцкі,,,fr,Kikoïne,name,152385,Кікоін,,
ms,7671,full_language,,ms,false,Malay,,,,[],[],"{""ca"": 16, ""cs"": 8, ""da"": 7, ""de"": 19, ""el"": 8, ""en"": 565, ""eo"": 15, ""es"": 33, ""fi"": 33, ""fr"": 32, ""gl"": 3, ""hu"": 12, ""id"": 6618, ""it"": 22, ""la"": 4, ""nb"": 8, ""nl"": 124, ""pl"": 12, ""pt"": 35, ""ro"": 8, ""ru"": 13, ""sv"": 14, ""tr"": 7, ""uk"": 5, ""vi"": 50}",fr,Singapour,name,24034,Singapura,,,fr,bambou,noun,39824,bambu,,,fr,ketchup,noun,40547,kicap,,
la-med,7434,etymology_only,supported,la-med,false,Medieval Latin,la,la,Latin,"[""la-med"", ""la""]",[],"{""ca"": 301, ""cs"": 55, ""da"": 146, ""de"": 296, ""el"": 22, ""en"": 2585, ""eo"": 56, ""es"": 411, ""fi"": 256, ""fr"": 739, ""gl"": 192, ""hu"": 148, ""id"": 251, ""it"": 633, ""la"": 25, ""nb"": 185, ""nl"": 224, ""pl"": 190, ""pt"": 358, ""ro"": 66, ""ru"": 62, ""sv"": 126, ""tr"": 22, ""uk"": 85}",fr,armée,noun,2803,armāta,,,fr,objet,noun,3191,obiectum,,,fr,contrôle,noun,3342,contrārotulum,,
sa,6760,full_language,,sa,false,Sanskrit,,,,[],[],"{""ca"": 23, ""cs"": 25, ""da"": 44, ""de"": 91, ""el"": 27, ""en"": 3316, ""eo"": 25, ""es"": 92, ""fi"": 76, ""fr"": 47, ""gl"": 19, ""hu"": 55, ""id"": 1462, ""it"": 61, ""la"": 704, ""nb"": 28, ""nl"": 68, ""pl"": 52, ""pt"": 88, ""ro"": 30, ""ru"": 214, ""sv"": 65, ""tr"": 39, ""uk"": 30, ""vi"": 79}",fr,nom,noun,996,नामन्,,,fr,Chine,name,4677,चीन,,,fr,yoga,noun,27860,योग,,
gml,6746,full_language,,gml,false,Middle Low German,,,,[],[],"{""cs"": 6, ""da"": 1507, ""de"": 1285, ""en"": 1219, ""es"": 5, ""fi"": 236, ""fr"": 43, ""gl"": 1, ""hu"": 5, ""id"": 8, ""it"": 6, ""la"": 5, ""nb"": 834, ""nl"": 265, ""pl"": 33, ""pt"": 3, ""ro"": 2, ""ru"": 27, ""sv"": 1241, ""uk"": 15}",fr,développer,verb,7719,wrempen,,,fr,tas,noun,9553,tas,,,fr,garantie,noun,12118,warent,,
roa-opt,6426,full_language,,roa-opt,false,Old Galician-Portuguese,,,,[],[],"{""ca"": 2, ""de"": 2, ""en"": 23, ""es"": 34, ""fr"": 4, ""gl"": 2955, ""id"": 47, ""it"": 4, ""nb"": 4, ""nl"": 4, ""pl"": 2, ""pt"": 3340, ""ro"": 3, ""tr"": 2}",fr,couper,verb,9708,golpar,,,fr,mensonge,noun,14220,mensonha,,,fr,cabas,noun,75295,cabaz,,
cs,6295,full_language,,cs,false,Czech,,,,[],[],"{""ca"": 3, ""cs"": 3315, ""da"": 11, ""de"": 193, ""el"": 7, ""en"": 783, ""eo"": 12, ""es"": 6, ""fi"": 15, ""fr"": 18, ""hu"": 69, ""id"": 8, ""it"": 9, ""la"": 24, ""nb"": 23, ""nl"": 18, ""pl"": 654, ""pt"": 3, ""ro"": 69, ""ru"": 418, ""sv"": 10, ""tr"": 4, ""uk"": 621, ""vi"": 2}",fr,sable,noun,12262,sobol,,,fr,tchèque,adj,21708,Čech,,,fr,Tchèque,noun,21720,Čech,,
is,4789,full_language,,is,false,Icelandic,,,,[],[],"{""ca"": 3, ""da"": 247, ""de"": 210, ""el"": 2, ""en"": 2997, ""eo"": 4, ""es"": 5, ""fi"": 61, ""fr"": 34, ""gl"": 4, ""hu"": 2, ""id"": 4, ""it"": 10, ""la"": 26, ""nb"": 422, ""nl"": 82, ""pl"": 1, ""pt"": 2, ""ro"": 2, ""ru"": 7, ""sv"": 660, ""tr"": 1, ""uk"": 2, ""vi"": 1}",fr,salle,noun,3265,salur,,,fr,entre quatre yeux,adv,3728,undir fjögur augu,,,fr,taper,verb,13024,tappa,,
cu,4534,full_language,,cu,false,Old Church Slavonic,,,,[],[],"{""ca"": 3, ""cs"": 27, ""da"": 1, ""de"": 17, ""el"": 5, ""en"": 156, ""es"": 4, ""fi"": 1, ""fr"": 5, ""hu"": 18, ""it"": 3, ""la"": 127, ""nb"": 4, ""nl"": 9, ""pl"": 26, ""ro"": 2654, ""ru"": 1198, ""sv"": 2, ""tr"": 2, ""uk"": 272}",fr,salon,noun,6934,село,,,fr,bulgare,noun,36747,блъгаринъ,,,fr,pope,noun,44996,попъ,,
ja,4488,full_language,,ja,false,Japanese,,,,[],[],"{""ca"": 10, ""cs"": 15, ""da"": 14, ""de"": 37, ""el"": 7, ""en"": 2684, ""eo"": 48, ""es"": 102, ""fi"": 87, ""fr"": 141, ""gl"": 5, ""hu"": 31, ""id"": 107, ""it"": 44, ""la"": 3, ""nb"": 10, ""nl"": 41, ""pl"": 33, ""pt"": 281, ""ro"": 20, ""ru"": 251, ""sv"": 18, ""tr"": 11, ""uk"": 27, ""vi"": 461}",fr,dan,noun,14366,段,,,fr,animé,noun,16382,アニメ,,,fr,tsunami,noun,37371,津波,,
gmq-osw,4184,full_language,,gmq-osw,false,Old Swedish,,,,[],[],"{""da"": 29, ""de"": 11, ""en"": 126, ""es"": 1, ""fi"": 347, ""fr"": 2, ""la"": 2, ""nb"": 29, ""nl"": 8, ""pt"": 1, ""ru"": 4, ""sv"": 3620, ""uk"": 4}",fr,aubin,noun,39733,hoppa,,,fr,turbot,noun,89324,törnbut,,,de,unmöglich,adj,5833,ōmø̄gheliker,,
fy,3699,full_language,,fy,false,West Frisian,,,,[],[],"{""da"": 21, ""de"": 186, ""en"": 2668, ""eo"": 5, ""fr"": 4, ""id"": 1, ""it"": 3, ""la"": 4, ""nb"": 16, ""nl"": 764, ""ru"": 1, ""sv"": 25, ""uk"": 1}",fr,bille,noun,39853,bikkel,,,fr,toupie,noun,61030,top,,,fr,étron,noun,77475,stront,,
gl,3690,full_language,,gl,false,Galician,,,,[],[],"{""ca"": 50, ""de"": 3, ""en"": 116, ""eo"": 1, ""es"": 428, ""fi"": 1, ""fr"": 49, ""gl"": 1814, ""it"": 36, ""la"": 3, ""nb"": 2, ""pl"": 1, ""pt"": 1171, ""ro"": 12, ""ru"": 2, ""sv"": 1}",fr,et,conj,10,e,,,fr,du,contraction,58,do,,,fr,être,verb,218,estar,,
cmn,3571,full_language,,cmn,false,Mandarin,,,,[],[],"{""ca"": 4, ""cs"": 3, ""da"": 1, ""de"": 7, ""en"": 3283, ""eo"": 6, ""es"": 22, ""fi"": 19, ""fr"": 25, ""hu"": 7, ""id"": 11, ""it"": 7, ""la"": 1, ""nl"": 4, ""pl"": 7, ""pt"": 19, ""ro"": 2, ""ru"": 43, ""sv"": 3, ""tr"": 3, ""uk"": 3, ""vi"": 91}",fr,li,noun,15505,里,,,fr,Canton,name,16884,廣東,,,fr,Pékin,name,21008,北京,,
la-new,3292,etymology_only,supported,la-new,false,New Latin,la,la,Latin,"[""la-new"", ""la""]",[],"{""ca"": 91, ""cs"": 17, ""da"": 42, ""de"": 120, ""el"": 31, ""en"": 1325, ""eo"": 49, ""es"": 198, ""fi"": 172, ""fr"": 156, ""gl"": 23, ""hu"": 94, ""id"": 150, ""it"": 198, ""la"": 16, ""nb"": 46, ""nl"": 122, ""pl"": 79, ""pt"": 129, ""ro"": 27, ""ru"": 54, ""sv"": 28, ""tr"": 11, ""uk"": 38, ""vi"": 76}",fr,national,adj,3260,nātiōnālis,,,fr,Amérique,name,5506,America,,,fr,suicide,noun,10805,suīcīdium,,
orv,3287,full_language,,orv,false,Old East Slavic,,,,[],[],"{""ca"": 2, ""cs"": 11, ""da"": 3, ""de"": 6, ""el"": 3, ""en"": 63, ""es"": 2, ""fi"": 70, ""fr"": 5, ""gl"": 2, ""hu"": 5, ""id"": 7, ""it"": 3, ""la"": 14, ""nb"": 10, ""nl"": 5, ""pl"": 50, ""pt"": 2, ""ro"": 83, ""ru"": 1773, ""sv"": 4, ""tr"": 3, ""uk"": 1159, ""vi"": 2}",fr,Ukraine,name,16157,оукраина,,,fr,tsar,noun,38446,цьсарь,,,fr,bièvre,noun,72279,бо́бръ,,
he,3008,full_language,,he,false,Hebrew,,,,[],[],"{""ca"": 46, ""cs"": 24, ""da"": 20, ""de"": 154, ""el"": 21, ""en"": 1533, ""eo"": 47, ""es"": 114, ""fi"": 34, ""fr"": 78, ""gl"": 17, ""hu"": 62, ""id"": 58, ""it"": 108, ""la"": 59, ""nb"": 14, ""nl"": 182, ""pl"": 98, ""pt"": 107, ""ro"": 36, ""ru"": 76, ""sv"": 38, ""tr"": 24, ""uk"": 37, ""vi"": 21}",fr,Jean,name,1302,יוחנן,,,fr,entre quatre yeux,adv,3728,בארבע עיניים,,,fr,samedi,noun,4022,שַׁבָּת,,
fa,2945,full_language,,fa,false,Persian,,,,[],[],"{""ca"": 36, ""cs"": 19, ""da"": 17, ""de"": 54, ""el"": 12, ""en"": 1007, ""eo"": 29, ""es"": 62, ""fi"": 41, ""fr"": 76, ""gl"": 20, ""hu"": 66, ""id"": 139, ""it"": 61, ""la"": 76, ""nb"": 17, ""nl"": 47, ""pl"": 56, ""pt"": 68, ""ro"": 236, ""ru"": 152, ""sv"": 24, ""tr"": 577, ""uk"": 50, ""vi"": 3}",fr,pied,noun,3540,پا,,,fr,Chine,name,4677,چینی,,,fr,con,noun,4769,کون,,
sh,2838,full_language,,sh,false,Serbo-Croatian,,,,[],[],"{""ca"": 3, ""cs"": 170, ""da"": 6, ""de"": 40, ""el"": 14, ""en"": 583, ""eo"": 10, ""es"": 5, ""fi"": 16, ""fr"": 20, ""gl"": 1, ""hu"": 257, ""id"": 8, ""it"": 36, ""la"": 31, ""nb"": 18, ""nl"": 11, ""pl"": 103, ""pt"": 13, ""ro"": 918, ""ru"": 323, ""sv"": 11, ""tr"": 21, ""uk"": 215, ""vi"": 5}",fr,le con de ta mère,intj,6776,u pičku materinu,,,fr,adieu,intj,17830,ади̏о,,,fr,ban,noun,20239,ban,bȃn,
zlw-ocs,2722,full_language,,zlw-ocs,false,Old Czech,,,,[],[],"{""cs"": 2590, ""de"": 9, ""en"": 7, ""es"": 2, ""fi"": 1, ""hu"": 1, ""it"": 1, ""nb"": 2, ""pl"": 64, ""pt"": 1, ""ru"": 22, ""sv"": 1, ""uk"": 21}",de,Pistole,noun,19964,píščala,,,de,Wenzel,name,29432,Venceslav,,,de,Stieglitz,noun,63960,stehlec,,
nn,2709,full_language,,nn,false,Norwegian Nynorsk,,,,[],[],"{""ca"": 1, ""da"": 221, ""de"": 52, ""en"": 787, ""es"": 2, ""fi"": 7, ""fr"": 3, ""gl"": 2, ""it"": 1, ""la"": 4, ""nb"": 977, ""nl"": 7, ""pl"": 3, ""pt"": 1, ""ru"": 9, ""sv"": 631, ""uk"": 1}",fr,entre la peste et le choléra,prep_phrase,42266,mellom pest og kolera,,,fr,renne,noun,55250,rein,,,fr,rorqual,noun,98961,røyrkval,,
nds,2661,full_language,,nds,false,Low German,,,,[],[],"{""ca"": 2, ""cs"": 1, ""da"": 178, ""de"": 579, ""en"": 1298, ""eo"": 1, ""es"": 4, ""fi"": 12, ""fr"": 15, ""hu"": 1, ""it"": 2, ""la"": 4, ""nb"": 149, ""nl"": 204, ""pl"": 9, ""pt"": 1, ""ro"": 1, ""ru"": 11, ""sv"": 188, ""uk"": 1}",fr,cloche,noun,20707,Klock,,,fr,cliché,noun,23729,klikken,,,fr,patte,noun,27291,pedden,,
sco,2499,full_language,,sco,false,Scots,,,,[],[],"{""ca"": 2, ""da"": 2, ""de"": 16, ""en"": 2417, ""eo"": 6, ""es"": 1, ""fr"": 2, ""id"": 1, ""it"": 3, ""la"": 9, ""nb"": 7, ""nl"": 13, ""pl"": 1, ""pt"": 1, ""ro"": 1, ""sv"": 17}",fr,tas,noun,9553,dass,,,fr,raid,noun,23520,raid,,,de,zusammen,adv,929,samin,,
oc,2354,full_language,,oc,false,Occitan,,,,[],[],"{""ca"": 769, ""da"": 2, ""de"": 5, ""el"": 4, ""en"": 260, ""eo"": 5, ""es"": 140, ""fi"": 1, ""fr"": 868, ""gl"": 50, ""hu"": 1, ""id"": 4, ""it"": 79, ""la"": 2, ""nl"": 4, ""pl"": 9, ""pt"": 103, ""ro"": 42, ""ru"": 1, ""sv"": 4, ""tr"": 1}",fr,et,conj,10,e,,,fr,vous,pron,142,vosautres,,,fr,nous,pron,200,nosautres,,
no,2348,full_language,,no,false,Norwegian,,,,[],[],"{""ca"": 1, ""cs"": 1, ""da"": 407, ""de"": 90, ""el"": 1, ""en"": 1284, ""eo"": 4, ""es"": 7, ""fi"": 60, ""fr"": 25, ""gl"": 1, ""hu"": 1, ""id"": 4, ""it"": 4, ""la"": 7, ""nb"": 16, ""nl"": 54, ""pl"": 1, ""pt"": 3, ""ro"": 1, ""ru"": 10, ""sv"": 363, ""tr"": 1, ""vi"": 2}",fr,lieu,noun,1033,lyr,,,fr,barre,noun,8604,berling,,,fr,canard,noun,16634,kane,,
jv,2245,full_language,,jv,false,Javanese,,,,[],[],"{""cs"": 1, ""de"": 2, ""en"": 48, ""eo"": 1, ""fi"": 4, ""fr"": 3, ""hu"": 1, ""id"": 2144, ""it"": 3, ""nb"": 1, ""nl"": 29, ""pl"": 2, ""pt"": 1, ""ro"": 1, ""ru"": 1, ""vi"": 3}",fr,jonque,noun,92004,ꦗꦺꦴꦁ,,,fr,batik,noun,104994,bathik,,,fr,gourami,noun,134249,ꦒꦸꦫꦩꦶ,,
osp,2202,full_language,,osp,false,Old Spanish,,,,[],[],"{""ca"": 11, ""de"": 6, ""el"": 1, ""en"": 67, ""es"": 1952, ""fr"": 15, ""gl"": 43, ""hu"": 1, ""id"": 5, ""it"": 21, ""la"": 1, ""nb"": 3, ""nl"": 8, ""pl"": 5, ""pt"": 51, ""ro"": 8, ""ru"": 2, ""sv"": 1, ""tr"": 1}",fr,d'où,adv,405,do,,,fr,hasard,noun,7847,azar,,,fr,couper,verb,9708,golpar,,
gkm,2185,etymology_only,external,gkm,false,Byzantine Greek,grc,grc,Ancient Greek,"[""gkm"", ""grc""]",[],"{""ca"": 19, ""cs"": 4, ""da"": 6, ""de"": 16, ""el"": 1310, ""en"": 235, ""eo"": 6, ""es"": 40, ""fi"": 9, ""fr"": 37, ""gl"": 7, ""hu"": 17, ""id"": 19, ""it"": 86, ""la"": 37, ""nb"": 6, ""nl"": 18, ""pl"": 18, ""pt"": 31, ""ro"": 86, ""ru"": 51, ""sv"": 3, ""tr"": 86, ""uk"": 38}",fr,pape,noun,8323,παπᾶς,,,fr,tapis,noun,14216,ταπήτιον,,,fr,riz,noun,14607,ὄρυζα,,
odt,2185,full_language,,odt,false,Old Dutch,,,,[],[],"{""ca"": 3, ""cs"": 1, ""da"": 3, ""de"": 41, ""en"": 91, ""eo"": 1, ""es"": 2, ""fr"": 20, ""gl"": 2, ""id"": 74, ""it"": 5, ""la"": 2, ""nb"": 8, ""nl"": 1921, ""pl"": 4, ""pt"": 4, ""ro"": 1, ""tr"": 2}",fr,étape,noun,7072,stapul,,,fr,trompe,noun,13246,drumba,,,fr,mignon,adj,13884,minna,,
xno,2155,etymology_only,external,xno,false,Anglo-Norman,fro-nor,fro,Old French,"[""xno"", ""fro-nor"", ""fro""]",[],"{""en"": 2087, ""eo"": 1, ""fr"": 10, ""gl"": 1, ""id"": 34, ""la"": 3, ""nb"": 1, ""nl"": 5, ""pl"": 8, ""pt"": 1, ""ru"": 1, ""sv"": 2, ""uk"": 1}",fr,bateau,noun,8458,bat,,,fr,garniture,noun,48483,warnesture,,,fr,taquet,noun,54539,estaque,,
stq,2139,full_language,,stq,false,Saterland Frisian,,,,[],[],"{""ca"": 1, ""da"": 2, ""de"": 88, ""en"": 1974, ""fr"": 4, ""it"": 1, ""la"": 2, ""nb"": 1, ""nl"": 44, ""sv"": 22}",fr,loupe,noun,31526,lobbe,,,fr,buron,noun,94704,Búur,,,fr,gâtine,noun,104729,Wüüste,,
ga,2051,full_language,,ga,false,Irish,,,,[],[],"{""ca"": 8, ""cs"": 3, ""da"": 7, ""de"": 13, ""el"": 3, ""en"": 1810, ""eo"": 13, ""es"": 23, ""fi"": 5, ""fr"": 30, ""gl"": 26, ""id"": 2, ""it"": 18, ""la"": 40, ""nb"": 1, ""nl"": 4, ""pl"": 5, ""pt"": 10, ""ru"": 16, ""sv"": 8, ""tr"": 2, ""uk"": 4}",fr,quinze jours,noun,11937,coicís,,,fr,Brian,name,17834,Brian,,,fr,Toulon,name,18341,toll,,
grc-koi,1986,etymology_only,external,grc-koi,false,Koine Greek,grc,grc,Ancient Greek,"[""grc-koi"", ""grc""]",[],"{""ca"": 3, ""cs"": 2, ""da"": 2, ""de"": 13, ""el"": 1473, ""en"": 234, ""eo"": 5, ""es"": 14, ""fi"": 12, ""fr"": 17, ""gl"": 1, ""hu"": 2, ""id"": 5, ""it"": 16, ""la"": 66, ""nb"": 11, ""nl"": 23, ""pl"": 10, ""pt"": 10, ""ro"": 10, ""ru"": 26, ""sv"": 9, ""tr"": 6, ""uk"": 16}",fr,Michel,name,4457,Μιχαήλ,Μῐχᾱήλ,,fr,dôme,noun,27411,δῶμα,,,fr,rabbin,noun,36421,ῥαββί,,
yi,1979,full_language,,yi,false,Yiddish,,,,[],[],"{""ca"": 2, ""cs"": 9, ""da"": 7, ""de"": 307, ""el"": 2, ""en"": 1034, ""eo"": 238, ""es"": 5, ""fi"": 5, ""fr"": 18, ""hu"": 46, ""id"": 5, ""it"": 3, ""nb"": 5, ""nl"": 152, ""pl"": 45, ""pt"": 8, ""ro"": 13, ""ru"": 38, ""sv"": 17, ""uk"": 20}",fr,entre quatre yeux,adv,3728,צווישן פֿיר אויגן,,,fr,bagel,noun,62641,בייגל,,,fr,yiddish,adj,63534,ייִדיש,,
bg,1872,full_language,,bg,false,Bulgarian,,,,[],[],"{""ca"": 1, ""cs"": 27, ""da"": 3, ""de"": 10, ""el"": 17, ""en"": 286, ""eo"": 4, ""es"": 1, ""fi"": 1, ""fr"": 3, ""hu"": 48, ""id"": 1, ""it"": 3, ""la"": 15, ""nb"": 1, ""pl"": 39, ""pt"": 1, ""ro"": 915, ""ru"": 279, ""sv"": 3, ""tr"": 34, ""uk"": 175, ""vi"": 5}",fr,au revoir,intj,7159,довиждане,,,fr,élan,noun,21952,еле́н,,,fr,variole,noun,49486,вариола,,
mul,1848,full_language,,mul,false,Translingual,,,,[],[],"{""ca"": 1, ""da"": 1, ""de"": 25, ""el"": 107, ""en"": 1123, ""eo"": 3, ""es"": 34, ""fi"": 3, ""fr"": 64, ""id"": 2, ""it"": 232, ""la"": 6, ""nl"": 11, ""pt"": 5, ""ru"": 229, ""tr"": 1, ""vi"": 1}",fr,passe-fleur,noun,13798,Passiflora,,,fr,molle,noun,33732,Molle,,,fr,brome,noun,54831,Bromus,,
got,1805,full_language,,got,false,Gothic,,,,[],[],"{""ca"": 18, ""cs"": 10, ""da"": 131, ""de"": 185, ""el"": 4, ""en"": 925, ""es"": 30, ""fi"": 22, ""fr"": 36, ""gl"": 37, ""hu"": 1, ""it"": 12, ""la"": 110, ""nb"": 22, ""nl"": 68, ""pl"": 8, ""pt"": 28, ""ro"": 7, ""ru"": 45, ""sv"": 91, ""uk"": 15}",fr,avoir,verb,376,𐌷𐌰𐌱𐌰𐌽,,,fr,laisser,verb,2798,𐌻𐌰𐌲𐌾𐌰𐌽,,,fr,mauvais,adj,3617,𐌱𐌰𐌻𐍅𐌰𐍅𐌴𐍃𐌴𐌹,,
nds-de,1713,etymology_only,external,nds-de,false,German Low German,nds,nds,Low German,"[""nds-de"", ""nds""]",[],"{""ca"": 2, ""da"": 28, ""de"": 273, ""en"": 1221, ""es"": 1, ""fi"": 2, ""fr"": 8, ""la"": 1, ""nb"": 74, ""nl"": 83, ""pl"": 4, ""sv"": 16}",fr,if,noun,21425,Iev,,,fr,gazon,noun,29216,Waas,,,fr,renifler,verb,66103,Niff,,
hi,1701,full_language,,hi,false,Hindi,,,,[],[],"{""ca"": 9, ""cs"": 4, ""da"": 3, ""de"": 21, ""el"": 3, ""en"": 1318, ""eo"": 14, ""es"": 22, ""fi"": 36, ""fr"": 23, ""hu"": 19, ""id"": 71, ""it"": 27, ""la"": 5, ""nb"": 7, ""nl"": 24, ""pl"": 16, ""pt"": 26, ""ro"": 7, ""ru"": 24, ""sv"": 10, ""tr"": 5, ""uk"": 4, ""vi"": 3}",fr,pyjama,noun,33077,पैजामा,,,fr,punch,noun,36698,पाँच,,,fr,chai,noun,49612,चाय,,
gmq-oda,1700,full_language,,gmq-oda,false,Old Danish,,,,[],[],"{""da"": 1453, ""de"": 3, ""en"": 59, ""es"": 1, ""fi"": 7, ""fr"": 2, ""gl"": 1, ""la"": 1, ""nb"": 123, ""pl"": 1, ""pt"": 1, ""ro"": 1, ""sv"": 47}",fr,Copenhague,name,31864,Køpmannæhafn,,,fr,bréchet,noun,101037,bryske,,,de,Kopenhagen,name,21317,Køpmenhafn,Køp(m)enhafn,
lt,1683,full_language,,lt,false,Lithuanian,,,,[],[],"{""cs"": 18, ""da"": 15, ""de"": 67, ""el"": 4, ""en"": 747, ""eo"": 13, ""es"": 2, ""fi"": 169, ""fr"": 7, ""gl"": 2, ""hu"": 5, ""it"": 5, ""la"": 307, ""nb"": 11, ""nl"": 21, ""pl"": 50, ""ro"": 5, ""ru"": 168, ""sv"": 14, ""tr"": 2, ""uk"": 50, ""vi"": 1}",fr,pied,noun,3540,pėda,,,fr,salon,noun,6934,sala,,,fr,cracher,verb,27891,kregeti,,
fa-cls,1646,etymology_only,external,fa-cls,false,Classical Persian,fa,fa,Persian,"[""fa-cls"", ""fa""]",[],"{""ca"": 2, ""cs"": 8, ""da"": 4, ""de"": 9, ""el"": 90, ""en"": 589, ""eo"": 1, ""es"": 19, ""fi"": 2, ""fr"": 28, ""gl"": 1, ""hu"": 3, ""id"": 118, ""it"": 13, ""la"": 16, ""nb"": 4, ""nl"": 13, ""pl"": 12, ""pt"": 16, ""ro"": 25, ""ru"": 33, ""sv"": 4, ""tr"": 622, ""uk"": 13, ""vi"": 1}",fr,échec,noun,9280,شاه,,,fr,Inde,name,9847,هِنْد,,,fr,Pars,name,12411,پَارْس,,
scn,1615,full_language,,scn,false,Sicilian,,,,[],[],"{""ca"": 58, ""de"": 4, ""el"": 13, ""en"": 163, ""eo"": 2, ""es"": 93, ""fr"": 54, ""gl"": 43, ""id"": 1, ""it"": 1036, ""la"": 7, ""nl"": 1, ""pl"": 1, ""pt"": 81, ""ro"": 54, ""tr"": 4}",fr,et,conj,10,e,,,fr,du,contraction,58,dû,,,fr,être,verb,218,èssiri,,
et,1606,full_language,,et,false,Estonian,,,,[],[],"{""da"": 1, ""de"": 14, ""en"": 68, ""eo"": 2, ""es"": 1, ""fi"": 1376, ""hu"": 100, ""nb"": 17, ""nl"": 2, ""pl"": 1, ""ru"": 12, ""sv"": 10, ""tr"": 1, ""uk"": 1}",de,König,noun,2873,kuningas,,,de,Teig,noun,25741,taigen,,,de,Keks,noun,26646,keeks,,
eo,1595,full_language,,eo,false,Esperanto,,,,[],[],"{""ca"": 1, ""da"": 1, ""de"": 2, ""el"": 2, ""en"": 27, ""eo"": 1544, ""es"": 1, ""fi"": 1, ""id"": 1, ""it"": 2, ""nb"": 1, ""nl"": 3, ""pl"": 1, ""pt"": 1, ""ro"": 2, ""ru"": 1, ""sv"": 2, ""tr"": 1, ""uk"": 1}",el,εσπεράντο,noun,25261,Esperanto,,,el,Εσπεράντο,noun,83028,Esperanto,,,de,scheinen,verb,7219,ŝajni,,
cy,1568,full_language,,cy,false,Welsh,,,,[],[],"{""ca"": 12, ""cs"": 4, ""da"": 6, ""de"": 15, ""en"": 1195, ""eo"": 10, ""es"": 17, ""fi"": 2, ""fr"": 44, ""gl"": 55, ""id"": 2, ""it"": 10, ""la"": 150, ""nb"": 3, ""nl"": 5, ""pl"": 3, ""pt"": 10, ""ro"": 2, ""ru"": 13, ""sv"": 6, ""uk"": 3, ""vi"": 1}",fr,tas,noun,9553,dâs,,,fr,mine,noun,11149,mwyn,,,fr,quinze jours,noun,11937,pythefnos,,
,1495,empty_anchor_fallback,,,false,,,,,[],[],"{""ca"": 1, ""da"": 1, ""de"": 15, ""el"": 1, ""en"": 333, ""eo"": 2, ""es"": 6, ""fr"": 5, ""gl"": 1, ""hu"": 1067, ""id"": 2, ""it"": 2, ""la"": 8, ""nl"": 4, ""pt"": 4, ""ro"": 2, ""sv"": 7, ""tr"": 19, ""uk"": 9, ""vi"": 6}",fr,pile,noun,16169,pīla,,pillar-pier-Latin,fr,ris,noun,27576,reef,,Etymology 2,fr,méfier,verb,28498,fier,,Etymology_2_2
osx,1494,full_language,,osx,false,Old Saxon,,,,[],[],"{""da"": 203, ""de"": 360, ""en"": 429, ""es"": 2, ""fi"": 22, ""fr"": 26, ""id"": 1, ""it"": 6, ""la"": 16, ""nb"": 66, ""nl"": 117, ""pl"": 3, ""pt"": 2, ""ru"": 1, ""sv"": 240}",fr,trop,adv,602,thorp,,,fr,mauvais,adj,3617,balowīso,,,fr,mignon,adj,13884,minnia,,
zlw-opl,1432,full_language,,zlw-opl,false,Old Polish,,,,[],[],"{""cs"": 9, ""da"": 1, ""de"": 9, ""en"": 30, ""es"": 1, ""la"": 3, ""nl"": 1, ""pl"": 1224, ""pt"": 1, ""ro"": 6, ""ru"": 60, ""uk"": 87}",de,Pole,noun,19935,polanín,,,de,Warschau,name,21086,Warszewa,,,de,Schlesien,name,26398,ślęg,,
sk,1336,full_language,,sk,false,Slovak,,,,[],[],"{""cs"": 208, ""de"": 27, ""el"": 4, ""en"": 369, ""eo"": 3, ""fi"": 4, ""fr"": 2, ""gl"": 1, ""hu"": 150, ""id"": 1, ""it"": 1, ""la"": 3, ""nb"": 5, ""nl"": 3, ""pl"": 206, ""pt"": 3, ""ro"": 35, ""ru"": 144, ""sv"": 5, ""tr"": 1, ""uk"": 161}",fr,Kosice,name,123619,Košice,,,fr,Košice,name,145854,Košice,,,el,τον,article,41,ten,,
fo,1270,full_language,,fo,false,Faroese,,,,[],[],"{""da"": 93, ""de"": 39, ""en"": 711, ""es"": 4, ""fi"": 5, ""fr"": 4, ""gl"": 1, ""nb"": 273, ""nl"": 13, ""pl"": 2, ""ru"": 3, ""sv"": 121, ""uk"": 1}",fr,saisir,verb,13896,saka,,,fr,skua,noun,156880,skúgvur,,,fr,gorfou,noun,164046,geirfuglur,,
sq,1264,full_language,,sq,false,Albanian,,,,[],[],"{""cs"": 3, ""da"": 5, ""de"": 33, ""el"": 47, ""en"": 657, ""eo"": 1, ""es"": 2, ""fi"": 1, ""fr"": 8, ""gl"": 1, ""hu"": 4, ""it"": 46, ""la"": 124, ""nb"": 3, ""nl"": 10, ""pl"": 4, ""pt"": 5, ""ro"": 271, ""ru"": 11, ""sv"": 6, ""tr"": 15, ""uk"": 5, ""vi"": 2}",fr,gratter,verb,31283,gërresë,,,fr,Tirana,name,81012,Tirana,,,fr,Lipa,name,103224,Lipa,,
az,1187,full_language,,az,false,Azerbaijani,,,,[],[],"{""en"": 60, ""eo"": 1, ""fi"": 1, ""fr"": 5, ""hu"": 6, ""id"": 1, ""pl"": 2, ""pt"": 1, ""ro"": 5, ""ru"": 44, ""tr"": 1048, ""uk"": 12, ""vi"": 1}",fr,Alat,name,95634,Ələt,,,fr,koumis,noun,344423,qımız,,,fr,eltchi,noun,388980,elçi,ایلچی,
rup,1110,full_language,,rup,false,Aromanian,,,,[],[],"{""ca"": 3, ""cs"": 2, ""el"": 14, ""en"": 7, ""es"": 3, ""fr"": 12, ""gl"": 1, ""it"": 11, ""la"": 1, ""pt"": 6, ""ro"": 1047, ""uk"": 3}",fr,être,verb,218,escu,,,fr,autre,adj,445,altu,,,fr,voir,verb,483,ved,,
hy,1108,full_language,,hy,false,Armenian,,,,[],[],"{""ca"": 2, ""cs"": 2, ""da"": 1, ""de"": 7, ""el"": 18, ""en"": 692, ""eo"": 4, ""es"": 2, ""fi"": 3, ""fr"": 20, ""hu"": 3, ""id"": 1, ""it"": 6, ""la"": 19, ""nb"": 1, ""nl"": 3, ""ro"": 23, ""ru"": 131, ""sv"": 2, ""tr"": 165, ""uk"": 3}",fr,élan,noun,21952,եղնիկ,,,fr,tambour,noun,30645,տաւիղ,,,fr,Aznavour,name,49554,Ազնավուրյան,,
zh,1105,full_language,,zh,false,Chinese,,,,[],[],"{""ca"": 1, ""cs"": 2, ""da"": 1, ""de"": 7, ""el"": 3, ""en"": 359, ""eo"": 7, ""es"": 5, ""fi"": 2, ""fr"": 20, ""hu"": 2, ""id"": 64, ""it"": 4, ""la"": 2, ""nb"": 1, ""nl"": 4, ""pl"": 4, ""pt"": 4, ""ro"": 2, ""ru"": 21, ""sv"": 4, ""tr"": 10, ""uk"": 2, ""vi"": 574}",fr,dan,noun,14366,段,,,fr,toutou,noun,49538,嘟嘟,,,fr,Bo'ao,name,51983,博鳌,,
hbo,1104,etymology_only,external,hbo,false,Biblical Hebrew,he,he,Hebrew,"[""hbo"", ""he""]",[],"{""ca"": 8, ""cs"": 7, ""da"": 4, ""de"": 26, ""el"": 26, ""en"": 278, ""eo"": 13, ""es"": 27, ""fi"": 135, ""fr"": 23, ""gl"": 4, ""hu"": 4, ""id"": 25, ""it"": 77, ""la"": 209, ""nb"": 53, ""nl"": 59, ""pl"": 31, ""pt"": 19, ""ro"": 9, ""ru"": 35, ""sv"": 10, ""tr"": 6, ""uk"": 14, ""vi"": 2}",fr,Michel,name,4457,מִיכָאֵל,,,fr,Jacques,name,5495,יַעֲקֹב,,,fr,amen,intj,31797,אָמֵן,,
krl,1096,full_language,,krl,false,Karelian,,,,[],[],"{""en"": 3, ""fi"": 1077, ""hu"": 3, ""ru"": 12, ""sv"": 1}",en,purga,noun,593161,purgu,,,en,Sandarmokh,name,1392694,Sandarmoh,,,en,akja,noun,1467981,ahkivo,,
ofs,1090,full_language,,ofs,false,Old Frisian,,,,[],[],"{""da"": 11, ""de"": 33, ""en"": 344, ""fi"": 9, ""fr"": 14, ""id"": 2, ""la"": 2, ""nb"": 4, ""nl"": 657, ""ru"": 2, ""sv"": 12}",fr,choisir,verb,5897,kēra,,,fr,barre,noun,8604,ber,,,fr,bague,noun,20997,bāg,,
kaw,976,full_language,,kaw,false,Old Javanese,,,,[],[],"{""de"": 1, ""en"": 20, ""fr"": 1, ""id"": 944, ""it"": 1, ""nb"": 1, ""nl"": 7, ""sv"": 1}",fr,jonque,noun,92004,joṅ,,,de,Dschunke,noun,130018,joṅ,,,it,giunca,noun,139900,joṅ,,
ms-cla,950,etymology_only,external,ms-cla,false,Classical Malay,ms,ms,Malay,"[""ms-cla"", ""ms""]",[],"{""id"": 948, ""nl"": 2}",nl,lila,noun,26450,ليلا,,,nl,atjar,noun,82856,اچر,,,id,yang,conj,0,يڠ,,
pro,927,full_language,,pro,false,Old Occitan,,,,[],[],"{""ca"": 33, ""cs"": 1, ""da"": 1, ""de"": 3, ""el"": 1, ""en"": 181, ""es"": 106, ""fi"": 3, ""fr"": 193, ""gl"": 95, ""hu"": 2, ""id"": 16, ""it"": 142, ""la"": 5, ""nb"": 4, ""nl"": 13, ""pl"": 15, ""pt"": 101, ""ro"": 9, ""ru"": 1, ""uk"": 2}",fr,son,noun,178,segon,,,fr,selon,prep,1051,segon,,,fr,truc,noun,2072,truc,,
roa-oca,899,full_language,,roa-oca,false,Old Catalan,,,,[],[],"{""ca"": 826, ""en"": 13, ""es"": 23, ""fi"": 1, ""fr"": 7, ""gl"": 8, ""it"": 2, ""la"": 1, ""pt"": 13, ""ro"": 5}",fr,puis,verb,821,puix,,,fr,pouvoir,verb,1219,puix,,,fr,papier,noun,6123,paper,,
gd,869,full_language,,gd,false,Scottish Gaelic,,,,[],[],"{""da"": 1, ""de"": 4, ""el"": 1, ""en"": 814, ""eo"": 1, ""es"": 2, ""fr"": 15, ""gl"": 3, ""hu"": 2, ""id"": 1, ""it"": 2, ""la"": 5, ""nb"": 5, ""nl"": 2, ""pl"": 2, ""pt"": 5, ""sv"": 1, ""tr"": 3}",fr,tas,noun,9553,dais,,,fr,clan,noun,15290,clann,,,fr,craindre,verb,18336,crith,,
la-vul,855,etymology_only,supported,la-vul,false,Vulgar Latin,la-cla,la,Latin,"[""la-vul"", ""la-cla"", ""la""]",[],"{""ca"": 115, ""cs"": 5, ""da"": 4, ""de"": 13, ""el"": 1, ""en"": 113, ""eo"": 2, ""es"": 109, ""fi"": 2, ""fr"": 107, ""gl"": 87, ""hu"": 4, ""id"": 14, ""it"": 97, ""la"": 4, ""nb"": 2, ""nl"": 12, ""pl"": 9, ""pt"": 94, ""ro"": 43, ""ru"": 5, ""sv"": 7, ""tr"": 3, ""uk"": 3}",fr,dans,prep,67,dē intus,,,fr,tout,adv,195,tōttus,,,fr,ils,pron,225,illī,,
csb,824,full_language,,csb,false,Kashubian,,,,[],[],"{""cs"": 20, ""de"": 2, ""en"": 24, ""hu"": 1, ""nb"": 1, ""pl"": 732, ""ru"": 33, ""sv"": 1, ""uk"": 10}",de,Glumse,noun,232067,glëmzda,,,de,Wruke,noun,325201,wrëk,,,en,may,verb,1508,mòc,,
sl,816,full_language,,sl,false,Slovene,,,,[],[],"{""cs"": 42, ""da"": 1, ""de"": 35, ""en"": 305, ""eo"": 1, ""es"": 4, ""fi"": 2, ""fr"": 2, ""gl"": 3, ""hu"": 80, ""it"": 9, ""la"": 3, ""nb"": 2, ""nl"": 3, ""pl"": 38, ""pt"": 5, ""ro"": 20, ""ru"": 188, ""sv"": 3, ""tr"": 1, ""uk"": 69}",fr,adieu,intj,17830,adȋjo,,,de,Leute,noun,767,ljudjẹ̑,,,de,genug,det,1425,nesti,,
lb,804,full_language,,lb,false,Luxembourgish,,,,[],[],"{""de"": 192, ""en"": 545, ""eo"": 2, ""es"": 1, ""fi"": 3, ""fr"": 2, ""gl"": 2, ""it"": 2, ""nb"": 4, ""nl"": 36, ""ru"": 1, ""sv"": 14}",fr,étron,noun,77475,strëllchen,,,fr,groseille,noun,82532,Kréischel,,,de,auf,prep,58,op,,
zle-ort,767,full_language,,zle-ort,false,Old Ruthenian,,,,[],[],"{""el"": 1, ""en"": 2, ""id"": 1, ""la"": 5, ""pl"": 25, ""ro"": 2, ""ru"": 39, ""tr"": 1, ""uk"": 691}",el,Χάρκοβο,name,83274,Харьковъ,,,en,Kharkiv,name,330958,Ха́рьковъ,,,en,knez,noun,614405,кнѧзь,,
kk,761,full_language,,kk,false,Kazakh,,,,[],[],"{""el"": 1, ""en"": 71, ""fi"": 4, ""fr"": 5, ""hu"": 13, ""id"": 2, ""la"": 1, ""nb"": 3, ""pl"": 7, ""pt"": 4, ""ro"": 5, ""ru"": 98, ""tr"": 529, ""uk"": 18}",fr,Oural,name,59850,Орал,,,fr,koumis,noun,344423,қымыз,,,fr,Sayragul,name,392042,Сайрагүл,,
sga,758,full_language,,sga,false,Old Irish,,,,[],[],"{""ca"": 15, ""cs"": 7, ""da"": 6, ""de"": 21, ""en"": 364, ""es"": 17, ""fi"": 2, ""fr"": 33, ""gl"": 26, ""hu"": 4, ""id"": 1, ""it"": 6, ""la"": 199, ""nb"": 9, ""nl"": 8, ""pl"": 2, ""pt"": 10, ""ru"": 14, ""sv"": 7, ""tr"": 3, ""uk"": 4}",fr,Orange,name,8610,arae,,,fr,clan,noun,15290,cland,,,fr,brûler,verb,18321,bruth,,
af,744,full_language,,af,false,Afrikaans,,,,[],[],"{""ca"": 3, ""da"": 6, ""de"": 43, ""el"": 1, ""en"": 472, ""eo"": 5, ""es"": 2, ""fi"": 12, ""fr"": 4, ""id"": 94, ""it"": 8, ""nb"": 15, ""nl"": 41, ""pl"": 1, ""pt"": 11, ""ro"": 1, ""ru"": 3, ""sv"": 21, ""tr"": 1}",fr,apartheid,noun,36367,apartheid,,,fr,apartheid,noun,36367,apart,,,fr,apartheid,noun,36367,-heid,,
tl,741,full_language,,tl,false,Tagalog,,,,[],[],"{""ca"": 3, ""de"": 4, ""en"": 425, ""eo"": 2, ""es"": 68, ""fi"": 3, ""fr"": 5, ""gl"": 1, ""id"": 205, ""it"": 5, ""nb"": 1, ""nl"": 2, ""pt"": 7, ""ru"": 2, ""vi"": 8}",fr,Luçon,name,63021,lusong,,,fr,tagalog,noun,103258,Tagalog,,,fr,calao,noun,118265,kalaw,,
+suf,739,template_marker,,,false,,,,,[],[],"{""de"": 6, ""en"": 727, ""es"": 3, ""la"": 3}",de,Bewegung,noun,3725,de,,,de,Bewegung,noun,3725,bewegen,,,de,Bewegung,noun,3725,ung,,
frr,703,full_language,,frr,false,North Frisian,,,,[],[],"{""da"": 2, ""de"": 5, ""en"": 679, ""eo"": 1, ""fr"": 5, ""la"": 2, ""nl"": 6, ""sv"": 3}",fr,frapper,verb,13655,rippe,,,fr,gaule,noun,29210,waal,,,fr,aubin,noun,39733,hoppe,,
li,699,full_language,,li,false,Limburgish,,,,[],[],"{""da"": 1, ""de"": 12, ""en"": 175, ""id"": 1, ""la"": 1, ""nb"": 1, ""nl"": 501, ""sv"": 7}",de,wie,adv,120,wie,,,de,hier,adv,248,heej,,,de,Aachen,name,10413,Aoke,,
nan-hbl,673,full_language,,nan-hbl,false,Hokkien,,,,[],[],"{""ca"": 1, ""da"": 4, ""de"": 2, ""en"": 370, ""eo"": 4, ""es"": 22, ""fi"": 4, ""fr"": 4, ""hu"": 2, ""id"": 206, ""it"": 2, ""la"": 1, ""nb"": 1, ""nl"": 10, ""pl"": 1, ""pt"": 11, ""sv"": 2, ""tr"": 1, ""uk"": 1, ""vi"": 24}",fr,thé,noun,13021,茶,,,fr,bou,noun,38487,武夷岩茶,武夷,,fr,ketchup,noun,40547,膎汁,,
lv,663,full_language,,lv,false,Latvian,,,,[],[],"{""cs"": 10, ""da"": 2, ""de"": 18, ""el"": 2, ""en"": 252, ""eo"": 8, ""fi"": 119, ""fr"": 1, ""gl"": 2, ""hu"": 4, ""it"": 2, ""la"": 71, ""nb"": 10, ""nl"": 7, ""pl"": 17, ""ro"": 4, ""ru"": 103, ""sv"": 12, ""tr"": 1, ""uk"": 18}",fr,amélanche,noun,390304,melns,,,el,ύπνος,noun,5530,sapnis,,,el,σπανός,adj,17495,spārns,,
nci,660,full_language,,nci,false,Classical Nahuatl,,,,[],[],"{""ca"": 11, ""da"": 4, ""de"": 12, ""el"": 2, ""en"": 216, ""eo"": 13, ""es"": 306, ""fi"": 10, ""fr"": 13, ""gl"": 6, ""hu"": 4, ""id"": 5, ""it"": 7, ""la"": 4, ""nb"": 3, ""nl"": 8, ""pl"": 8, ""pt"": 13, ""ro"": 3, ""ru"": 3, ""tr"": 6, ""uk"": 2, ""vi"": 1}",fr,chocolat,adj,10317,chocolātl,,,fr,Mexique,name,12095,Mēxihco,,,fr,tomate,noun,27538,tomatl,,
eu,605,full_language,,eu,false,Basque,,,,[],[],"{""ca"": 48, ""cs"": 1, ""de"": 2, ""en"": 230, ""es"": 215, ""fi"": 1, ""fr"": 32, ""gl"": 22, ""id"": 2, ""it"": 1, ""la"": 17, ""nl"": 3, ""pt"": 27, ""ro"": 1, ""sv"": 2, ""vi"": 1}",fr,bagarre,noun,23575,batzarre,,,fr,basque,noun,24309,euskal,,,fr,silhouette,noun,28170,Ziloeta,,
km,593,full_language,,km,false,Khmer,,,,[],[],"{""en"": 112, ""eo"": 1, ""es"": 1, ""fi"": 3, ""fr"": 3, ""id"": 40, ""la"": 1, ""pl"": 1, ""ru"": 2, ""vi"": 429}",fr,Cambodge,name,30932,កម្ពុជា,,,fr,Sihanoukville,name,127659,សីហនុ,,,fr,Poipet,name,398489,ប៉ោយប៉ែត,,
tpw,591,full_language,,tpw,false,Old Tupi,,,,[],[],"{""ca"": 14, ""cs"": 6, ""da"": 3, ""de"": 17, ""el"": 3, ""en"": 87, ""eo"": 8, ""es"": 14, ""fi"": 19, ""fr"": 17, ""gl"": 1, ""hu"": 3, ""id"": 4, ""it"": 14, ""la"": 2, ""nb"": 4, ""nl"": 13, ""pl"": 8, ""pt"": 330, ""ro"": 4, ""ru"": 4, ""sv"": 3, ""tr"": 10, ""uk"": 3}",fr,ananas,noun,34644,naná,,,fr,jaguar,noun,38440,îagûara,,,fr,poivre de Cayenne,noun,43787,quiínia,,
tk,587,full_language,,tk,false,Turkmen,,,,[],[],"{""en"": 18, ""eo"": 1, ""fi"": 4, ""hu"": 8, ""id"": 3, ""it"": 1, ""pl"": 4, ""ro"": 1, ""ru"": 12, ""tr"": 532, ""uk"": 2, ""vi"": 1}",it,Aşgabat,name,205024,Aşgabat,,,en,Mary,name,36120,Mary,,,en,Urdu,name,274656,oorda,,
bar,580,full_language,,bar,false,Bavarian,,,,[],[],"{""cs"": 3, ""da"": 2, ""de"": 227, ""en"": 235, ""fr"": 1, ""hu"": 90, ""it"": 4, ""nb"": 1, ""nl"": 8, ""ro"": 5, ""ru"": 3, ""uk"": 1}",fr,gaupe,noun,194363,Walpe,,,de,aber,conj,122,owa,,,de,haben,verb,179,håbn,,
uz,576,full_language,,uz,false,Uzbek,,,,[],[],"{""cs"": 1, ""en"": 31, ""eo"": 1, ""fi"": 1, ""fr"": 1, ""hu"": 5, ""pl"": 1, ""pt"": 3, ""ro"": 1, ""ru"": 33, ""tr"": 490, ""uk"": 8}",fr,Ouzbek,noun,81181,oʻzbek,,,en,sum,noun,84823,soʻm,,,en,som,noun,286936,сўм,,
ta,573,full_language,,ta,false,Tamil,,,,[],[],"{""ca"": 3, ""cs"": 1, ""da"": 3, ""de"": 4, ""en"": 351, ""eo"": 2, ""es"": 6, ""fi"": 5, ""fr"": 12, ""gl"": 1, ""hu"": 5, ""id"": 135, ""it"": 4, ""la"": 2, ""nb"": 2, ""nl"": 5, ""pl"": 2, ""pt"": 12, ""ro"": 4, ""ru"": 5, ""sv"": 1, ""tr"": 2, ""uk"": 3, ""vi"": 3}",fr,curry,noun,34625,கறி,,,fr,mangue,noun,49693,மா,,,fr,mangue,noun,49693,காய்,,
la-ecc,567,etymology_only,supported,la-ecc,false,Ecclesiastical Latin,la,la,Latin,"[""la-ecc"", ""la""]",[],"{""ca"": 27, ""cs"": 4, ""da"": 2, ""de"": 24, ""en"": 124, ""eo"": 6, ""es"": 47, ""fi"": 13, ""fr"": 108, ""gl"": 26, ""hu"": 2, ""id"": 15, ""it"": 57, ""la"": 1, ""nb"": 5, ""nl"": 10, ""pl"": 25, ""pt"": 56, ""ro"": 3, ""ru"": 1, ""sv"": 11}",fr,type,noun,1882,typus,,,fr,mondial,adj,7566,mundialis,,,fr,pape,noun,8323,papa,,
vep,565,full_language,,vep,false,Veps,,,,[],[],"{""en"": 6, ""fi"": 553, ""hu"": 1, ""ru"": 5}",en,king,noun,13372,kunigaz,,,en,withe,noun,458012,vic,,,en,purga,noun,593161,purg,,
+deverbal,563,template_marker,,,false,,,,,[],[],"{""cs"": 73, ""da"": 2, ""de"": 8, ""en"": 6, ""es"": 2, ""fr"": 4, ""nl"": 40, ""pl"": 392, ""ru"": 10, ""uk"": 26}",fr,insulte,noun,17474,fr,,,fr,insulte,noun,17474,insulter,,,fr,bamboche,noun,116151,fr,,
ast,562,full_language,,ast,false,Asturian,,,,[],[],"{""ca"": 14, ""en"": 28, ""es"": 172, ""fr"": 15, ""gl"": 218, ""it"": 6, ""pt"": 104, ""ro"": 5}",fr,et,conj,10,y,,,fr,autre,adj,445,otru,,,fr,vous autres,pron,550,vosotros,,
se,542,full_language,,se,false,Northern Sami,,,,[],[],"{""da"": 1, ""de"": 3, ""en"": 29, ""eo"": 1, ""es"": 3, ""fi"": 447, ""hu"": 23, ""la"": 1, ""nb"": 10, ""pt"": 3, ""ru"": 7, ""sv"": 14}",de,Stunde,noun,2541,stund,,,de,Same,noun,23355,Sámi,,,de,Kohte,noun,157567,goahti,,
vec,536,full_language,,vec,false,Venetan,,,,[],[],"{""ca"": 4, ""cs"": 1, ""da"": 1, ""de"": 8, ""el"": 96, ""en"": 50, ""eo"": 1, ""es"": 14, ""fi"": 1, ""fr"": 26, ""gl"": 5, ""hu"": 10, ""id"": 11, ""it"": 193, ""la"": 2, ""nb"": 5, ""nl"": 4, ""pl"": 3, ""pt"": 25, ""ro"": 44, ""ru"": 2, ""sv"": 1, ""tr"": 29}",fr,et,conj,10,e,,,fr,être,verb,218,èsar,,,fr,autre,adj,445,altro,,
yue,525,full_language,,yue,false,Cantonese,,,,[],[],"{""ca"": 1, ""cs"": 1, ""de"": 1, ""en"": 369, ""eo"": 3, ""es"": 11, ""fi"": 2, ""fr"": 2, ""id"": 18, ""it"": 1, ""nl"": 7, ""pl"": 4, ""pt"": 2, ""ru"": 3, ""tr"": 1, ""vi"": 99}",fr,lap cheong,noun,115577,臘腸,,,fr,wampi,noun,269205,黃皮,,,de,Wok,noun,56899,鑊,,
izh,518,full_language,,izh,false,Ingrian,,,,[],[],"{""en"": 14, ""fi"": 500, ""ru"": 4}",en,low,adj,8595,laaku,,,en,king,noun,13372,kunigas,,,en,eye,noun,20235,aukko,,
mul-tax,515,etymology_only,special,mul-tax,false,taxonomic name,mul,mul,Translingual,"[""mul-tax"", ""mul""]",[],"{""ca"": 30, ""cs"": 3, ""de"": 1, ""el"": 4, ""en"": 233, ""eo"": 13, ""es"": 1, ""fi"": 111, ""fr"": 9, ""gl"": 1, ""id"": 7, ""it"": 27, ""la"": 2, ""nb"": 1, ""nl"": 29, ""pl"": 2, ""pt"": 21, ""ro"": 7, ""ru"": 2, ""sv"": 1, ""tr"": 5, ""uk"": 3, ""vi"": 2}",fr,bégonia,noun,101240,Begonia,,,fr,apion,noun,132218,Apion,,,fr,copépode,noun,140940,Copepoda,,
nds-nl,508,etymology_only,external,nds-nl,false,Dutch Low Saxon,nds,nds,Low German,"[""nds-nl"", ""nds""]",[],"{""da"": 1, ""de"": 1, ""en"": 52, ""nl"": 453, ""sv"": 1}",de,Fietse,noun,325322,fietse,,,en,but,prep,328,buten,,,en,new,adj,796,nij,,
trk-oat,498,full_language,,trk-oat,false,Old Anatolian Turkish,,,,[],[],"{""de"": 1, ""el"": 2, ""en"": 5, ""es"": 1, ""fr"": 1, ""it"": 1, ""ro"": 3, ""tr"": 484}",fr,bey,noun,39121,بك,,,el,ζέρδελο,noun,75832,زردالو,,,el,ασκέρι,noun,79760,عسكر,,
la-cla,494,etymology_only,supported,la-cla,false,Classical Latin,la,la,Latin,"[""la-cla"", ""la""]",[],"{""ca"": 37, ""de"": 1, ""en"": 124, ""es"": 18, ""fr"": 27, ""gl"": 10, ""hu"": 1, ""id"": 1, ""it"": 224, ""la"": 27, ""nl"": 3, ""pt"": 10, ""ro"": 8, ""tr"": 2, ""uk"": 1}",fr,je,pron,69,egō̆,,,fr,savoir,verb,1193,sapiō,,,fr,savoir,verb,1193,sapiat,,
szl,494,full_language,,szl,false,Silesian,,,,[],[],"{""cs"": 18, ""de"": 3, ""en"": 10, ""hu"": 1, ""pl"": 433, ""ru"": 22, ""uk"": 7}",de,Fürstentum,noun,45201,firsztyntōm,,,de,Pierona,intj,332610,pierōn,,,de,Schwientochlowitz,name,365437,Śwjyntochlowicy,,
ko,487,full_language,,ko,false,Korean,,,,[],[],"{""ca"": 2, ""cs"": 5, ""da"": 1, ""de"": 3, ""el"": 1, ""en"": 294, ""eo"": 7, ""es"": 3, ""fi"": 8, ""fr"": 9, ""gl"": 2, ""hu"": 2, ""id"": 22, ""it"": 1, ""la"": 1, ""nb"": 4, ""nl"": 4, ""pl"": 2, ""pt"": 3, ""ru"": 24, ""sv"": 3, ""tr"": 5, ""uk"": 2, ""vi"": 79}",fr,Séoul,name,31654,^서울,,,fr,Pyeongchang,name,67723,평창,,,fr,kimchi,noun,88772,김치,,
la-eme,487,etymology_only,supported,la-eme,false,Early Medieval Latin,la-med,la,Latin,"[""la-eme"", ""la-med"", ""la""]",[],"{""ca"": 66, ""cs"": 1, ""de"": 1, ""el"": 1, ""en"": 56, ""es"": 50, ""fi"": 1, ""fr"": 110, ""gl"": 40, ""id"": 2, ""it"": 73, ""la"": 2, ""nb"": 1, ""nl"": 2, ""pl"": 1, ""pt"": 65, ""ro"": 14, ""ru"": 1}",fr,être,verb,218,essere,,,fr,français,adj,670,francēnsis,,,fr,aller,verb,949,alāre,,
th,481,full_language,,th,false,Thai,,,,[],[],"{""de"": 1, ""en"": 219, ""eo"": 2, ""es"": 1, ""fi"": 4, ""fr"": 4, ""id"": 27, ""it"": 2, ""nl"": 1, ""pl"": 1, ""pt"": 3, ""ru"": 7, ""vi"": 209}",fr,thaï,adj,43158,ไทย,,,fr,Thaï,noun,43318,ไทย,,,fr,Thaïs,noun,64244,ไทย,,
ky,477,full_language,,ky,false,Kyrgyz,,,,[],[],"{""en"": 40, ""eo"": 1, ""es"": 1, ""fi"": 2, ""fr"": 3, ""hu"": 15, ""pl"": 4, ""ro"": 2, ""ru"": 31, ""sv"": 1, ""tr"": 376, ""uk"": 1}",fr,tarpan,noun,158633,тарпан,,,fr,koumis,noun,344423,кымыз,,,fr,beshbarmak,noun,389619,бешбармак,,
gsw,476,full_language,,gsw,false,Alemannic German,,,,[],[],"{""ca"": 3, ""cs"": 1, ""da"": 3, ""de"": 112, ""en"": 285, ""eo"": 5, ""fi"": 4, ""fr"": 35, ""gl"": 1, ""hu"": 2, ""id"": 1, ""it"": 5, ""nl"": 11, ""pl"": 1, ""ro"": 5, ""sv"": 2}",fr,cible,noun,10019,Schiibe,,,fr,poche,noun,10498,Pfoch,,,fr,Miller,name,21464,Miller,,
vot,464,full_language,,vot,false,Votic,,,,[],[],"{""en"": 7, ""fi"": 454, ""ru"": 3}",en,king,noun,13372,kunikõz,,,en,Vote,noun,15849,vadʹdʹa,,,en,cottage,noun,140125,kõta,,
myv,458,full_language,,myv,false,Erzya,,,,[],[],"{""en"": 8, ""fi"": 374, ""hu"": 74, ""la"": 1, ""ru"": 1}",en,mud,noun,117919,мода,,,en,cottage,noun,140125,кудо,,,en,jade,noun,179288,эльде,,
xaa,457,full_language,,xaa,false,Andalusian Arabic,,,,[],[],"{""ca"": 63, ""de"": 4, ""en"": 31, ""es"": 250, ""fr"": 5, ""gl"": 37, ""hu"": 1, ""it"": 6, ""la"": 2, ""nb"": 1, ""nl"": 3, ""pl"": 3, ""pt"": 45, ""ru"": 2, ""sv"": 1, ""uk"": 3}",fr,chiffre,noun,8156,صفر,صِفر,,fr,artichaut,noun,64950,خرشوف,الْخَرْشُوف,,fr,alezan,adj,93812,اَلْأَصْهَب,,
ur,449,full_language,,ur,false,Urdu,,,,[],[],"{""ca"": 2, ""cs"": 1, ""da"": 1, ""de"": 3, ""el"": 1, ""en"": 341, ""eo"": 5, ""es"": 3, ""fi"": 14, ""fr"": 5, ""hu"": 3, ""id"": 20, ""it"": 5, ""la"": 2, ""nb"": 5, ""nl"": 5, ""pl"": 6, ""pt"": 9, ""ro"": 2, ""ru"": 7, ""sv"": 3, ""tr"": 1, ""uk"": 3, ""vi"": 2}",fr,pyjama,noun,33077,پایجامه,,,fr,punch,noun,36698,پانچ,,,fr,chai,noun,49612,چائے,,
ug,445,full_language,,ug,false,Uyghur,,,,[],[],"{""da"": 1, ""en"": 141, ""fi"": 2, ""fr"": 1, ""hu"": 4, ""la"": 1, ""nl"": 1, ""pt"": 1, ""ru"": 6, ""tr"": 284, ""uk"": 3}",fr,Gulbahar,name,391832,گۈلباھار,,,en,sum,noun,84823,سوم,,,en,Dol,name,337762,دول,,
arc,432,full_language,,arc,false,Aramaic,,,,[],[],"{""ca"": 5, ""da"": 3, ""de"": 10, ""el"": 8, ""en"": 137, ""eo"": 2, ""es"": 21, ""fi"": 12, ""fr"": 9, ""gl"": 8, ""hu"": 4, ""id"": 18, ""it"": 13, ""la"": 47, ""nb"": 14, ""nl"": 19, ""pl"": 13, ""pt"": 20, ""ro"": 10, ""ru"": 10, ""sv"": 6, ""tr"": 41, ""uk"": 2}",fr,Maria,name,12812,מרים,,,fr,abbé,noun,14210,אבא,,,fr,guitare,noun,16006,קיתרא,,
pms,432,full_language,,pms,false,Piedmontese,,,,[],[],"{""ca"": 11, ""el"": 1, ""en"": 11, ""es"": 13, ""fr"": 25, ""gl"": 1, ""hu"": 1, ""it"": 363, ""la"": 2, ""pt"": 1, ""ro"": 3}",fr,et,conj,10,e,,,fr,être,verb,218,esse,,,fr,autre,adj,445,àutr,,
mi,429,full_language,,mi,false,Māori,,,,[],[],"{""da"": 3, ""en"": 368, ""es"": 1, ""fi"": 10, ""fr"": 2, ""hu"": 1, ""id"": 19, ""it"": 4, ""nb"": 1, ""nl"": 10, ""pl"": 1, ""pt"": 4, ""ru"": 1, ""sv"": 3, ""tr"": 1}",fr,taro,noun,59531,taro,,,fr,kawa,noun,74960,kawa,,,es,kiwi,noun,56325,kiwi,,
ba,426,full_language,,ba,false,Bashkir,,,,[],[],"{""en"": 8, ""fi"": 2, ""hu"": 18, ""pl"": 2, ""pt"": 2, ""ro"": 1, ""ru"": 41, ""tr"": 345, ""uk"": 7}",en,Ural,adj,382225,үр,,,en,aul,noun,449011,ауыл,,,en,Bashkortostan,name,516155,Башҡортостан,,
mk,425,full_language,,mk,false,Macedonian,,,,[],[],"{""cs"": 14, ""da"": 1, ""de"": 3, ""el"": 9, ""en"": 165, ""es"": 1, ""fi"": 1, ""fr"": 3, ""gl"": 2, ""hu"": 7, ""it"": 1, ""la"": 3, ""nb"": 3, ""pl"": 20, ""pt"": 1, ""ro"": 34, ""ru"": 81, ""sv"": 1, ""tr"": 5, ""uk"": 69, ""vi"": 1}",fr,Skopje,name,71028,Скопје,,,fr,canadair,noun,83908,канадер,,,fr,Najdovski,name,117392,Најдовски,,
br,421,full_language,,br,false,Breton,,,,[],[],"{""ca"": 3, ""cs"": 1, ""de"": 6, ""el"": 1, ""en"": 214, ""eo"": 3, ""es"": 9, ""fr"": 117, ""gl"": 15, ""id"": 2, ""it"": 3, ""la"": 31, ""nl"": 6, ""pl"": 1, ""pt"": 6, ""ro"": 3}",fr,barre,noun,8604,barri,,,fr,Le Pen,name,9492,penn,,,fr,mine,noun,11150,min,,
egy,415,full_language,,egy,false,Egyptian,,,,[],[],"{""ca"": 2, ""cs"": 4, ""da"": 5, ""de"": 10, ""el"": 6, ""en"": 225, ""eo"": 4, ""es"": 14, ""fi"": 8, ""fr"": 8, ""gl"": 1, ""hu"": 3, ""id"": 11, ""it"": 4, ""la"": 45, ""nb"": 19, ""nl"": 7, ""pl"": 2, ""pt"": 16, ""ro"": 1, ""ru"": 9, ""sv"": 2, ""tr"": 4, ""uk"": 5}",fr,gomme,noun,33095,qmy,,,fr,copte,noun,60106,ḥwt-kꜣ-ptḥ,,,fr,Moshe,name,72755,msj,,
wym,383,full_language,,wym,false,Vilamovian,,,,[],[],"{""de"": 23, ""en"": 352, ""nl"": 2, ""pl"": 3, ""sv"": 3}",de,euch,pron,641,aojch,,,de,Geschichte,noun,1151,gyśicht,,,de,bereit,adj,2878,byrat,,
xcl,383,full_language,,xcl,false,Old Armenian,,,,[],[],"{""ca"": 2, ""cs"": 4, ""da"": 1, ""de"": 8, ""el"": 7, ""en"": 123, ""es"": 1, ""fi"": 3, ""fr"": 3, ""gl"": 1, ""it"": 2, ""la"": 176, ""nb"": 1, ""nl"": 5, ""pl"": 1, ""pt"": 2, ""ro"": 2, ""ru"": 23, ""sv"": 3, ""tr"": 13, ""uk"": 2}",fr,cruche,noun,50210,կարաս,,,fr,barde,noun,57487,պարտակ,,,fr,Tigranocerte,name,397821,Տիգրանակերտ,,
+univ,377,template_marker,,,false,,,,,[],[],"{""cs"": 37, ""it"": 22, ""nl"": 3, ""pl"": 256, ""pt"": 2, ""ru"": 9, ""uk"": 48}",it,inoltre,adv,1167,it,,,it,inoltre,adv,1167,in,,,it,inoltre,adv,1167,oltre,,
tt,374,full_language,,tt,false,Tatar,,,,[],[],"{""ca"": 1, ""cs"": 1, ""en"": 18, ""es"": 2, ""fi"": 1, ""fr"": 3, ""hu"": 12, ""it"": 1, ""la"": 1, ""pl"": 10, ""pt"": 1, ""ro"": 19, ""ru"": 96, ""sv"": 1, ""tr"": 183, ""uk"": 24}",fr,sabot,noun,50022,чабата,,,fr,savate,noun,79623,чабата,,,fr,koumis,noun,344423,кымыз,,
ae,370,full_language,,ae,false,Avestan,,,,[],[],"{""cs"": 2, ""da"": 1, ""de"": 8, ""el"": 2, ""en"": 213, ""es"": 6, ""fi"": 6, ""fr"": 2, ""hu"": 9, ""id"": 3, ""la"": 86, ""nl"": 6, ""pl"": 1, ""pt"": 2, ""ru"": 19, ""sv"": 2, ""tr"": 2}",fr,zend,adj,97454,𐬰𐬀𐬌𐬥𐬙𐬌,,,el,πτηνό,noun,20583,𐬞𐬀𐬙𐬀𐬌𐬙𐬌,,,el,Αθίγγανος,name,24833,𐬛𐬀𐬉𐬰𐬀,,
mni,360,full_language,,mni,false,Manipuri,,,,[],[],"{""en"": 359, ""vi"": 1}",en,Ching,name,255407,ꯆꯤꯡ,,,en,Salam,name,318113,ꯁꯂꯥꯝ,,,en,Pena,name,329562,ꯄꯦꯅꯥ,,
otk,357,full_language,,otk,false,Old Turkic,,,,[],[],"{""de"": 1, ""en"": 35, ""es"": 1, ""fr"": 3, ""hu"": 15, ""id"": 4, ""la"": 4, ""nb"": 1, ""nl"": 1, ""pl"": 3, ""pt"": 1, ""ro"": 4, ""ru"": 9, ""tr"": 273, ""uk"": 2}",fr,laiton,noun,48125,𐰞𐱃𐰆𐰣,,,fr,tangoute,noun,399561,𐱃𐰭𐰆𐱃,,,de,Türkei,name,4706,𐱅𐰇𐰼𐰜,,
qu,349,full_language,,qu,false,Quechua,,,,[],[],"{""ca"": 11, ""cs"": 6, ""da"": 6, ""de"": 10, ""el"": 1, ""en"": 83, ""eo"": 6, ""es"": 111, ""fi"": 17, ""fr"": 10, ""gl"": 1, ""hu"": 3, ""id"": 5, ""it"": 9, ""la"": 5, ""nb"": 7, ""nl"": 8, ""pl"": 9, ""pt"": 27, ""ro"": 4, ""ru"": 3, ""sv"": 2, ""tr"": 3, ""vi"": 2}",fr,caoutchouc,noun,26107,kawchu,,,fr,lama,noun,33012,llama,,,fr,maté,noun,51264,mati,,
cim,331,full_language,,cim,false,Cimbrian,,,,[],[],"{""de"": 5, ""en"": 313, ""it"": 10, ""nl"": 3}",de,galt,adj,7995,galt,,,de,Führer,noun,8364,büurar,,,de,flöhen,verb,99255,vlöogan,,
mn,331,full_language,,mn,false,Mongolian,,,,[],[],"{""ca"": 3, ""de"": 3, ""en"": 141, ""eo"": 1, ""es"": 5, ""fi"": 5, ""fr"": 3, ""hu"": 11, ""it"": 3, ""la"": 4, ""nl"": 1, ""pl"": 5, ""pt"": 1, ""ro"": 3, ""ru"": 39, ""tr"": 91, ""uk"": 1, ""vi"": 11}",fr,Hunnu,name,390744,ᠬᠣᠨᠨᠣ,,,fr,soyombo,adj,399986,соёмбо,,,de,Ohrwurm,noun,40610,чихүүр хорхой,,
+com,328,template_marker,,,false,,,,,[],[],"{""de"": 4, ""en"": 313, ""fi"": 6, ""nb"": 3, ""nl"": 2}",de,Gebäude,noun,3623,de,,,de,Gebäude,noun,3623,ge-,,,de,Gebäude,noun,3623,Bau,,
bn,327,full_language,,bn,false,Bengali,,,,[],[],"{""de"": 2, ""en"": 271, ""eo"": 1, ""es"": 4, ""fi"": 4, ""fr"": 1, ""hu"": 2, ""id"": 10, ""it"": 3, ""la"": 1, ""nl"": 2, ""pl"": 2, ""pt"": 9, ""ro"": 3, ""ru"": 3, ""sv"": 1, ""tr"": 7, ""vi"": 1}",fr,Calcutta,name,52012,কলকাতা,,,de,Kalkutta,name,55967,কলকাতা,,,de,Pangasius,noun,144216,পাঙ্গাশ,,
itc-ola,319,etymology_only,supported,itc-ola,false,Old Latin,la,la,Latin,"[""itc-ola"", ""la""]",[],"{""ca"": 15, ""en"": 53, ""eo"": 3, ""es"": 22, ""fr"": 16, ""gl"": 1, ""hu"": 1, ""id"": 6, ""it"": 23, ""la"": 125, ""nb"": 9, ""nl"": 2, ""pl"": 2, ""pt"": 27, ""ro"": 13, ""ru"": 1}",fr,un,article,32,oinos,,,fr,bon,adj,496,duenos,,,fr,homme,noun,744,hemō,,
rom,313,full_language,,rom,false,Romani,,,,[],[],"{""ca"": 2, ""cs"": 6, ""de"": 9, ""en"": 76, ""es"": 13, ""fi"": 1, ""fr"": 21, ""hu"": 26, ""it"": 1, ""nb"": 1, ""nl"": 7, ""pl"": 2, ""pt"": 6, ""ro"": 85, ""ru"": 9, ""sv"": 42, ""tr"": 6}",fr,boule,noun,15973,bul,,,fr,Rom,noun,29946,rrom,,,fr,rom,adj,29969,rrom,,
pal,309,full_language,,pal,false,Middle Persian,,,,[],[],"{""ca"": 5, ""da"": 1, ""de"": 6, ""el"": 3, ""en"": 103, ""eo"": 2, ""es"": 15, ""fi"": 5, ""fr"": 14, ""gl"": 2, ""hu"": 6, ""id"": 32, ""it"": 11, ""la"": 12, ""nb"": 4, ""nl"": 5, ""pl"": 6, ""pt"": 13, ""ro"": 11, ""ru"": 8, ""sv"": 2, ""tr"": 42, ""uk"": 1}",fr,Chine,name,4677,𐭰𐭩𐭭,,,fr,échec,noun,9280,𐭬𐭫𐭪𐭠,,,fr,Pars,name,12411,𐭯𐭠𐭫𐭮𐭩,,
haw,299,full_language,,haw,false,Hawaiian,,,,[],[],"{""ca"": 2, ""cs"": 2, ""de"": 3, ""en"": 234, ""eo"": 9, ""es"": 1, ""fi"": 7, ""fr"": 5, ""id"": 10, ""it"": 4, ""nb"": 2, ""nl"": 2, ""pl"": 3, ""pt"": 7, ""ru"": 2, ""sv"": 2, ""tr"": 2, ""uk"": 2}",fr,aa,noun,31510,ʻaʻā,,,fr,Hawaï,name,37509,Hawaiʻi,,,fr,canaque,adj,138288,kanaka,,
akk,293,full_language,,akk,false,Akkadian,,,,[],[],"{""ca"": 4, ""da"": 1, ""de"": 2, ""el"": 3, ""en"": 133, ""eo"": 1, ""es"": 14, ""fi"": 8, ""fr"": 3, ""gl"": 4, ""hu"": 2, ""id"": 13, ""it"": 8, ""la"": 41, ""nl"": 7, ""pl"": 3, ""pt"": 15, ""ro"": 8, ""ru"": 3, ""sv"": 1, ""tr"": 17, ""uk"": 2}",fr,Tigre,name,23009,Idiglat,𒀀𒇉𒈦𒄘𒃼,,fr,canne,noun,26125,𒄀,,,fr,Habacuc,name,123968,𒄩𒄠𒁀𒄣𒄣,,
cv,293,full_language,,cv,false,Chuvash,,,,[],[],"{""en"": 1, ""fi"": 1, ""hu"": 66, ""ru"": 15, ""sv"": 1, ""tr"": 207, ""uk"": 2}",en,bogatyr,noun,641863,паттӑр,,,sv,piga,noun,33695,пике,пике́,,ru,хозяин,noun,4976,хуҫа,,
yol,293,full_language,,yol,false,Yola,,,,[],[],"{""en"": 288, ""nl"": 5}",en,I,pron,129,Ich,,,en,it,pron,191,it,,,en,on,adj,202,a,,
ka,292,full_language,,ka,false,Georgian,,,,[],[],"{""ca"": 2, ""cs"": 1, ""de"": 2, ""el"": 1, ""en"": 177, ""eo"": 1, ""es"": 1, ""fi"": 3, ""fr"": 3, ""hu"": 5, ""id"": 1, ""it"": 3, ""la"": 4, ""nb"": 4, ""nl"": 2, ""pl"": 8, ""pt"": 1, ""ro"": 3, ""ru"": 44, ""sv"": 1, ""tr"": 21, ""uk"": 4}",fr,Sotchi,name,49942,სოჭი,,,fr,Natela,name,391880,ნათელა,,,fr,Grigalachvili,name,391881,გრიგალაშვილი,,
crh,286,full_language,,crh,false,Crimean Tatar,,,,[],[],"{""ca"": 1, ""en"": 16, ""es"": 1, ""hu"": 6, ""it"": 1, ""nb"": 1, ""nl"": 2, ""pl"": 3, ""ro"": 79, ""ru"": 28, ""tr"": 115, ""uk"": 32, ""vi"": 1}",es,Crimea,name,31043,Qırım,,,it,Crimea,name,25451,Qırım,,,en,Crimea,name,240467,Qırım,,
"fo,is",284,multiple_languages,,,false,,,,,[],"[{""input"": ""fo"", ""classification"": ""full_language"", ""canonical"": ""fo"", ""name"": ""Faroese""}, {""input"": ""is"", ""classification"": ""full_language"", ""canonical"": ""is"", ""name"": ""Icelandic""}]","{""da"": 2, ""de"": 2, ""en"": 273, ""nb"": 3, ""sv"": 4}",de,Ansgar,name,49078,Ásgeir,,,de,Answald,name,360413,Ásvaldur,,,en,on,adj,202,á,,
kw,281,full_language,,kw,false,Cornish,,,,[],[],"{""en"": 256, ""eo"": 2, ""es"": 2, ""fr"": 5, ""id"": 1, ""it"": 1, ""la"": 13, ""pt"": 1}",fr,mégot,noun,62825,meith,,,fr,dolmen,noun,67805,tolmen,,,fr,menhir,noun,69204,men hir,,
liv,274,full_language,,liv,false,Livonian,,,,[],[],"{""en"": 12, ""fi"": 255, ""hu"": 2, ""nb"": 3, ""ru"": 2}",en,eye,noun,20235,ouk,,,en,dear,adj,36877,tõurõz,,,en,cottage,noun,140125,kuodā,,
mtq,269,full_language,,mtq,false,Muong,,,,[],[],"{""en"": 1, ""id"": 1, ""vi"": 267}",en,douc,noun,654617,dộc,,,id,dekan,noun,10992,cẳn,,,vi,có,verb,11,cỏ,,
roa-oit,269,etymology_only,supported,roa-oit,false,Old Italian,it,it,Italian,"[""roa-oit"", ""it""]",[],"{""ca"": 3, ""cs"": 1, ""de"": 3, ""el"": 5, ""en"": 83, ""eo"": 2, ""es"": 10, ""fi"": 3, ""fr"": 25, ""hu"": 4, ""id"": 6, ""it"": 72, ""la"": 11, ""nb"": 2, ""nl"": 7, ""pl"": 5, ""pt"": 11, ""ro"": 10, ""ru"": 4, ""sv"": 1, ""uk"": 1}",fr,manque,noun,2795,manco,,,fr,risque,noun,3016,risco,,,fr,modèle,noun,4119,modello,,
sc,262,full_language,,sc,false,Sardinian,,,,[],[],"{""ca"": 12, ""da"": 2, ""en"": 9, ""eo"": 1, ""es"": 15, ""fr"": 29, ""gl"": 3, ""it"": 120, ""la"": 2, ""pt"": 6, ""ro"": 63}",fr,et,conj,10,e,,,fr,être,verb,218,èssere,,,fr,autre,adj,445,àteru,,
+pre,248,template_marker,,,false,,,,,[],[],"{""en"": 248}",en,until,prep,3798,en,,,en,until,prep,3798,un,,,en,until,prep,3798,till,,
hrx,246,full_language,,hrx,false,Hunsrik,,,,[],[],"{""de"": 228, ""en"": 10, ""eo"": 1, ""nl"": 4, ""pt"": 3}",de,unter,prep,310,unne,,,de,nichts,pron,456,nichs,,,de,wirklich,adj,595,werklich,,
su,244,full_language,,su,false,Sundanese,,,,[],[],"{""en"": 15, ""fi"": 2, ""id"": 223, ""nl"": 1, ""pl"": 2, ""vi"": 1}",en,muntjac,noun,530508,mencek,,,en,Sundanese,noun,543318,ᮞᮥᮔ᮪ᮓ,,,en,angklung,noun,627663,angklung,,
bo,242,full_language,,bo,false,Tibetan,,,,[],[],"{""ca"": 2, ""cs"": 3, ""da"": 1, ""de"": 4, ""el"": 1, ""en"": 159, ""eo"": 4, ""es"": 3, ""fi"": 6, ""fr"": 9, ""hu"": 4, ""id"": 10, ""it"": 4, ""nb"": 2, ""nl"": 5, ""pl"": 2, ""pt"": 1, ""ro"": 1, ""ru"": 6, ""sv"": 2, ""tr"": 5, ""uk"": 2, ""vi"": 6}",fr,lama,noun,33013,བླ་མ,,,fr,panda,noun,35989,ཕོ་ཉ,,,fr,dalaï-lama,noun,53109,ཏཱ་ལའི་བླ་མ,,
ltc,242,full_language,,ltc,false,Middle Chinese,,,,[],[],"{""cs"": 11, ""da"": 1, ""de"": 4, ""el"": 1, ""en"": 106, ""eo"": 4, ""es"": 4, ""fi"": 1, ""fr"": 2, ""hu"": 5, ""id"": 11, ""it"": 3, ""nb"": 2, ""nl"": 1, ""pl"": 3, ""pt"": 2, ""ro"": 1, ""ru"": 7, ""sv"": 1, ""tr"": 11, ""uk"": 4, ""vi"": 57}",fr,daïmio,noun,391839,大,,,fr,daïmio,noun,391839,名,,,el,ταψί,noun,9587,疊子,,
zlw-slv,240,full_language,,zlw-slv,false,Slovincian,,,,[],[],"{""en"": 6, ""pl"": 233, ""uk"": 1}",en,may,verb,1508,môc,,,en,eye,noun,20235,wôkô,,,en,ear,noun,72283,wùchô,,
peo,238,full_language,,peo,false,Old Persian,,,,[],[],"{""ca"": 9, ""da"": 2, ""de"": 5, ""el"": 3, ""en"": 89, ""eo"": 1, ""es"": 9, ""fi"": 2, ""fr"": 10, ""gl"": 3, ""hu"": 4, ""id"": 10, ""it"": 10, ""la"": 40, ""nb"": 2, ""nl"": 2, ""pl"": 5, ""pt"": 15, ""ro"": 1, ""ru"": 2, ""sv"": 2, ""tr"": 8, ""uk"": 4}",fr,échec,noun,9280,𐏋,,,fr,Pars,name,12411,𐎱𐎠𐎼𐎿,,,fr,Tigre,name,23009,𐎫𐎡𐎥𐎼𐎠,,
my,237,full_language,,my,false,Burmese,,,,[],[],"{""en"": 176, ""eo"": 2, ""fi"": 5, ""fr"": 1, ""hu"": 2, ""id"": 6, ""it"": 3, ""nb"": 1, ""nl"": 1, ""pl"": 3, ""pt"": 2, ""ru"": 9, ""sv"": 1, ""uk"": 1, ""vi"": 24}",fr,thanakha,noun,389253,သနပ်ခါး,,,it,Birmania,name,33113,ဗမာ,,,it,marzapane,noun,75916,မုတ္ထမ,,
gmw-cfr,236,full_language,,gmw-cfr,false,Central Franconian,,,,[],[],"{""de"": 56, ""en"": 136, ""fr"": 2, ""nl"": 41, ""pl"": 1}",fr,pif,noun,42680,Pief,,,fr,quetsche,noun,138900,Quetsch,,,de,er,pron,83,hä,,
fro-nor,234,etymology_only,external,fro-nor,false,Old Northern French,fro,fro,Old French,"[""fro-nor"", ""fro""]",[],"{""ca"": 1, ""da"": 2, ""de"": 2, ""en"": 177, ""eo"": 1, ""fr"": 13, ""gl"": 2, ""id"": 13, ""it"": 1, ""nl"": 18, ""pl"": 2, ""sv"": 2}",fr,car,noun,789,car,,,fr,campagne,noun,3197,campaigne,,,fr,camp,noun,5402,camp,,
lud,234,full_language,,lud,false,Ludian,,,,[],[],"{""en"": 1, ""fi"": 231, ""ru"": 2}",en,leek,noun,340441,lauk,,,ru,нерпа,noun,90326,ńorp,,,ru,юдега,noun,435451,huudeh,,
sah,228,full_language,,sah,false,Yakut,,,,[],[],"{""de"": 1, ""en"": 16, ""es"": 1, ""fi"": 3, ""fr"": 1, ""hu"": 6, ""id"": 1, ""nl"": 2, ""pt"": 1, ""ru"": 15, ""tr"": 178, ""uk"": 2, ""vi"": 1}",fr,taïga,noun,85226,тайга,,,de,Taiga,noun,79412,тайга,,,es,taiga,noun,96475,тайга,,
mns-nor,226,full_language,,mns-nor,false,Northern Mansi,,,,[],[],"{""en"": 4, ""fi"": 53, ""hu"": 167, ""ru"": 2}",en,Ural,adj,382225,ур ала,,,en,menk,noun,527672,менкв,,,en,Uray,name,1354774,Урай,,
fur,221,full_language,,fur,false,Friulian,,,,[],[],"{""ca"": 7, ""en"": 7, ""eo"": 1, ""es"": 10, ""fr"": 22, ""hu"": 2, ""it"": 91, ""pt"": 3, ""ro"": 76, ""sv"": 1, ""tr"": 1}",fr,et,conj,10,e,,,fr,être,verb,218,jessi,,,fr,autre,adj,445,altri,,
zea,219,full_language,,zea,false,Zealandic,,,,[],[],"{""en"": 6, ""nl"": 213}",en,The Bottom,name,31777,botte,,,en,draw,verb,33725,draege,,,en,scream,noun,116318,schreême,,
nrf,218,full_language,,nrf,false,Norman,,,,[],[],"{""da"": 1, ""en"": 124, ""eo"": 1, ""es"": 4, ""fi"": 2, ""fr"": 74, ""gl"": 1, ""it"": 6, ""la"": 1, ""nb"": 1, ""pt"": 2, ""ro"": 1}",fr,avec,prep,122,aveuc,,,fr,nous,pron,200,je,,,fr,être,verb,218,ête,,
pa,218,full_language,,pa,false,Punjabi,,,,[],[],"{""ca"": 5, ""cs"": 1, ""de"": 6, ""en"": 191, ""fi"": 2, ""fr"": 1, ""id"": 3, ""la"": 2, ""nb"": 1, ""nl"": 4, ""pl"": 1, ""pt"": 1}",fr,Sajjan,name,392035,ਸਜਣ,,,de,über,prep,194,ਉੱਪਰ,,,de,Guru,noun,39790,ਗੁਰੂ,,
alt,216,full_language,,alt,false,Southern Altai,,,,[],[],"{""en"": 2, ""hu"": 3, ""ru"": 9, ""tr"": 201, ""uk"": 1}",en,koumiss,noun,689963,кымыс,,,en,topshur,noun,1128526,топшуур,,,ru,пай,noun,37370,пай,,
syc,214,full_language,,syc,false,Classical Syriac,,,,[],[],"{""ca"": 4, ""cs"": 1, ""de"": 5, ""el"": 1, ""en"": 84, ""es"": 10, ""fr"": 7, ""gl"": 3, ""id"": 9, ""it"": 5, ""la"": 26, ""nb"": 3, ""nl"": 2, ""pl"": 1, ""pt"": 8, ""ro"": 3, ""ru"": 6, ""tr"": 35, ""uk"": 1}",fr,arsenic,noun,46497,ܙܪܢܝܟܐ,,,fr,sofa,noun,53806,ܨܦܬܐ,,,fr,barde,noun,57487,ܦܪܕܩܐ,,
ml,212,full_language,,ml,false,Malayalam,,,,[],[],"{""ca"": 5, ""da"": 1, ""de"": 1, ""en"": 156, ""eo"": 1, ""es"": 2, ""fi"": 5, ""fr"": 3, ""hu"": 3, ""id"": 11, ""it"": 1, ""nl"": 2, ""pl"": 4, ""pt"": 12, ""ru"": 2, ""tr"": 1, ""vi"": 2}",fr,Mahé,name,66061,മയ്യഴി,,,fr,jaque,noun,97865,ചക്ക,,,fr,grantha,noun,399915,ഗ്രന്ഥം,,
nap,209,full_language,,nap,false,Neapolitan,,,,[],[],"{""ca"": 3, ""de"": 2, ""el"": 2, ""en"": 35, ""es"": 9, ""fi"": 1, ""fr"": 19, ""gl"": 3, ""it"": 113, ""la"": 3, ""pt"": 4, ""ro"": 14, ""tr"": 1}",fr,et,conj,10,e,,,fr,être,verb,218,essere,,,fr,autre,adj,445,ato,,
txb,206,full_language,,txb,false,Tocharian B,,,,[],[],"{""de"": 2, ""en"": 154, ""la"": 44, ""pl"": 1, ""ru"": 4, ""tr"": 1}",de,Knie,noun,10119,kenī,,,de,rütteln,verb,41363,kärwats,,,en,the,article,0,se,,
an,203,full_language,,an,false,Aragonese,,,,[],[],"{""ca"": 70, ""en"": 7, ""es"": 78, ""fr"": 11, ""gl"": 11, ""it"": 2, ""pt"": 21, ""ro"": 3}",fr,et,conj,10,e,,,fr,être,verb,218,estar,,,fr,autre,adj,445,altro,,
phn,196,full_language,,phn,false,Phoenician,,,,[],[],"{""ca"": 2, ""de"": 2, ""el"": 4, ""en"": 58, ""eo"": 3, ""es"": 9, ""fi"": 5, ""fr"": 7, ""gl"": 1, ""id"": 3, ""it"": 6, ""la"": 25, ""nb"": 32, ""nl"": 2, ""pl"": 20, ""pt"": 7, ""ro"": 1, ""ru"": 2, ""sv"": 1, ""tr"": 5, ""uk"": 1}",fr,Séville,name,27293,𐤔𐤐𐤋𐤄,,,fr,alphabet,noun,30260,aleph,,,fr,Cadix,name,54646,𐤂𐤃𐤓,,
cel-gau,193,full_language,,cel-gau,false,Gaulish,,,,[],[],"{""ca"": 5, ""da"": 1, ""de"": 5, ""en"": 63, ""eo"": 4, ""es"": 6, ""fi"": 1, ""fr"": 30, ""gl"": 8, ""id"": 3, ""it"": 7, ""la"": 37, ""nb"": 5, ""nl"": 5, ""pl"": 3, ""pt"": 5, ""ro"": 3, ""ru"": 1, ""sv"": 1}",fr,mon,det,295,mon,,,fr,bouge,noun,13698,bolgā,,,fr,chêne,noun,23989,kassanos,,
pac,193,full_language,,pac,false,Pacoh,,,,[],[],"{""vi"": 193}",vi,và,verb,9,cuva,,,vi,trong,prep,40,callúng,,,vi,người,noun,46,ngai,,
ceb,189,full_language,,ceb,false,Cebuano,,,,[],[],"{""de"": 1, ""en"": 130, ""es"": 18, ""fi"": 1, ""fr"": 1, ""id"": 34, ""it"": 1, ""nb"": 1, ""pl"": 1, ""vi"": 1}",fr,dugong,noun,130571,dugong,,,de,Dugong,noun,159814,dugong,,,es,cha,noun,27871,tsa,,
mnw,177,full_language,,mnw,false,Mon,,,,[],[],"{""en"": 5, ""fr"": 1, ""id"": 5, ""pl"": 1, ""pt"": 1, ""vi"": 164}",fr,talapoin,noun,161499,တၠဳ ပိုဲ,,,en,Dawei,name,531133,ထဝဲ,,,en,Mawlamyine,name,595756,မတ်မလီု,,
mga,176,full_language,,mga,false,Middle Irish,,,,[],[],"{""ca"": 1, ""cs"": 2, ""da"": 1, ""de"": 4, ""en"": 108, ""eo"": 1, ""es"": 5, ""fi"": 1, ""fr"": 5, ""gl"": 9, ""it"": 4, ""la"": 21, ""nb"": 1, ""nl"": 2, ""pl"": 1, ""pt"": 7, ""ru"": 1, ""sv"": 2}",fr,mine,noun,11149,míanach,,,fr,soc,noun,39489,socc,,,fr,béret,noun,51228,berr,,
kmr,173,full_language,,kmr,false,Northern Kurdish,,,,[],[],"{""el"": 1, ""en"": 120, ""fi"": 3, ""hu"": 3, ""la"": 8, ""pt"": 2, ""ru"": 5, ""tr"": 31}",el,κουλούρι,noun,18744,kilor,,,en,I,pron,129,ez,,,en,new,adj,796,nû,,
bew,172,full_language,,bew,false,Betawi,,,,[],[],"{""en"": 2, ""id"": 167, ""nl"": 2, ""pl"": 1}",en,sosatie,noun,652834,sesaté,,,en,bobotie,noun,658013,bebotoh,,,nl,pienter,adj,50295,pinter,,
xum,171,full_language,,xum,false,Umbrian,,,,[],[],"{""en"": 33, ""la"": 135, ""nb"": 1, ""pl"": 1, ""ru"": 1}",en,on,adj,202,𐌀𐌌-,,,en,north,noun,8347,nertru,,,en,fire,noun,9383,𐌐𐌉𐌓,,
ett,170,full_language,,ett,false,Etruscan,,,,[],[],"{""da"": 1, ""de"": 2, ""el"": 1, ""en"": 23, ""es"": 1, ""fr"": 1, ""gl"": 2, ""it"": 26, ""la"": 93, ""nb"": 6, ""pl"": 1, ""pt"": 8, ""ro"": 1, ""ru"": 3, ""sv"": 1}",fr,chianti,noun,79451,𐌂𐌋𐌀𐌍𐌕𐌄,,,el,νερό,noun,599,𐌍𐌄𐌓𐌉,,,de,Adrian,name,19169,𐌇𐌀𐌕𐌓𐌉𐌀,,
dz,169,full_language,,dz,false,Dzongkha,,,,[],[],"{""en"": 167, ""fi"": 1, ""fr"": 1}",fr,Thimphou,name,272302,ཐིམ་ཕུ,,,en,Chang,name,189153,ལྕང་,,,en,'Ole,name,189347,ཨོ་ལེ,,
"da,nb,nn,sv",168,multiple_languages,,,false,,,,,[],"[{""input"": ""da"", ""classification"": ""full_language"", ""canonical"": ""da"", ""name"": ""Danish""}, {""input"": ""nb"", ""classification"": ""full_language"", ""canonical"": ""nb"", ""name"": ""Norwegian Bokmål""}, {""input"": ""nn"", ""classification"": ""full_language"", ""canonical"": ""nn"", ""name"": ""Norwegian Nynorsk""}, {""input"": ""sv"", ""classification"": ""full_language"", ""canonical"": ""sv"", ""name"": ""Swedish""}]","{""en"": 168}",en,new,adj,796,ny,,,en,good,adj,1034,god,,,en,go,verb,1303,gå,,
mhr,168,full_language,,mhr,false,Eastern Mari,,,,[],[],"{""en"": 1, ""es"": 2, ""fi"": 128, ""hu"": 29, ""pl"": 1, ""ru"": 7}",es,mari,adj,28590,мари,,,en,Ingria,name,653874,эҥер,,,pl,Joszkar-Oła,name,153028,Йошкар-Ола,,
dsb,165,full_language,,dsb,false,Lower Sorbian,,,,[],[],"{""ca"": 3, ""cs"": 22, ""de"": 22, ""en"": 31, ""pl"": 33, ""ro"": 1, ""ru"": 40, ""sv"": 2, ""uk"": 11}",de,Dresden,name,4629,Drježdźany,,,de,Potsdam,name,10147,Podstupim,,,de,Cottbus,name,19502,Chóśebuz,,
xqa,162,full_language,,xqa,false,Karakhanid,,,,[],[],"{""en"": 7, ""es"": 1, ""fr"": 1, ""hu"": 5, ""pt"": 1, ""ro"": 1, ""ru"": 1, ""tr"": 145}",fr,laiton,noun,48125,اَلْتُونْ,,,es,latón,noun,53847,اَلْتُونْ,,,en,Seljuk,name,483220,سلجك,,
hit,159,full_language,,hit,false,Hittite,,,,[],[],"{""da"": 1, ""de"": 2, ""en"": 94, ""es"": 3, ""it"": 1, ""la"": 50, ""nb"": 1, ""pl"": 1, ""ru"": 3, ""tr"": 3}",de,Knie,noun,10119,𒄀𒉡,,,de,Tanne,noun,41491,𒄑𒋫𒈾𒀀𒌑,,,es,hitita,adj,128285,𒄩𒋾,,
ovd,158,full_language,,ovd,false,Elfdalian,,,,[],[],"{""da"": 1, ""en"": 140, ""nb"": 1, ""nl"": 1, ""sv"": 15}",en,I,pron,129,ig,,,en,it,pron,191,eð,,,en,on,adj,202,ą̊,,
pi,156,full_language,,pi,false,Pali,,,,[],[],"{""en"": 35, ""es"": 1, ""fi"": 1, ""fr"": 1, ""gl"": 1, ""id"": 96, ""la"": 1, ""nl"": 3, ""pl"": 4, ""pt"": 5, ""sv"": 2, ""vi"": 6}",fr,dhamma,noun,112848,dhamma,,,es,chaval,noun,26337,chāpa,,,en,fox,noun,46713,puccha,,
mr,154,full_language,,mr,false,Marathi,,,,[],[],"{""ca"": 1, ""en"": 135, ""es"": 2, ""fi"": 3, ""fr"": 2, ""id"": 2, ""it"": 1, ""pl"": 2, ""pt"": 5, ""uk"": 1}",fr,mangouste,noun,80025,मुंगूस,,,es,chaval,noun,26337,छावा,,,es,mangosta,noun,101666,मुंगूस,,
udm,154,full_language,,udm,false,Udmurt,,,,[],[],"{""en"": 6, ""eo"": 1, ""fi"": 95, ""hu"": 43, ""it"": 3, ""ro"": 2, ""ru"": 4}",it,udmurto,adj,600434,удмурт,,,en,cottage,noun,140125,корка,,,en,chum,noun,323976,чум,,
oj,153,full_language,,oj,false,Ojibwe,,,,[],[],"{""de"": 2, ""en"": 121, ""eo"": 4, ""es"": 3, ""fi"": 3, ""fr"": 8, ""it"": 3, ""pl"": 3, ""pt"": 3, ""ru"": 2, ""tr"": 1}",fr,Ottawa,name,17826,odaawaa,,,fr,manitou,noun,66507,manidoo,,,fr,maskinongé,noun,79920,maashkinoozhe,,
gag,151,full_language,,gag,false,Gagauz,,,,[],[],"{""en"": 4, ""ro"": 11, ""ru"": 1, ""tr"": 135}",en,Gagauz,adj,611222,gagauz,,,en,Gagauzia,name,630785,gagauz,,,ro,Comrat,name,15412,Komrat,,
prg,151,full_language,,prg,false,Old Prussian,,,,[],[],"{""cs"": 1, ""de"": 9, ""en"": 54, ""fi"": 17, ""hu"": 1, ""la"": 26, ""nb"": 1, ""nl"": 4, ""pl"": 9, ""ru"": 25, ""sv"": 1, ""uk"": 3}",de,Alle,name,292,Alna,,,de,Krebs,noun,10134,gīrbin,,,de,Wimper,noun,56942,wanso,,
lmo,149,full_language,,lmo,false,Lombard,,,,[],[],"{""ca"": 3, ""de"": 5, ""en"": 15, ""eo"": 2, ""es"": 9, ""fi"": 3, ""fr"": 24, ""gl"": 1, ""it"": 78, ""pt"": 1, ""ro"": 8}",fr,et,conj,10,e,,,fr,être,verb,218,vesser,,,fr,autre,adj,445,òltar,,
bdq,148,full_language,,bdq,false,Bahnar,,,,[],[],"{""en"": 3, ""fr"": 2, ""id"": 1, ""vi"": 142}",fr,Rhade,name,341380,Rađe,,,fr,rhade,noun,341382,Rađe,,,en,Rade,noun,454240,Rađe,,
mhn,147,full_language,,mhn,false,Mòcheno,,,,[],[],"{""de"": 3, ""en"": 139, ""it"": 3, ""nl"": 2}",de,Fastnacht,noun,42046,Vosnòcht,,,de,Ostara,name,125302,Oastern,,,de,Ertag,noun,325721,eirta,,
sw,147,full_language,,sw,false,Swahili,,,,[],[],"{""ca"": 4, ""cs"": 1, ""da"": 1, ""de"": 6, ""el"": 1, ""en"": 74, ""eo"": 3, ""es"": 3, ""fi"": 4, ""fr"": 6, ""hu"": 4, ""id"": 5, ""it"": 3, ""la"": 1, ""nb"": 4, ""nl"": 3, ""pl"": 2, ""pt"": 12, ""ro"": 2, ""ru"": 3, ""sv"": 2, ""tr"": 1, ""uk"": 1, ""vi"": 1}",fr,Ouganda,name,35705,Uganda,,,fr,safari,noun,40528,safari,,,fr,askari,noun,109660,askari,,
ML.,146,etymology_only,supported,la-med,true,Medieval Latin,la,la,Latin,"[""la-med"", ""la""]",[],"{""ca"": 13, ""da"": 3, ""de"": 10, ""el"": 1, ""en"": 48, ""es"": 3, ""fi"": 1, ""fr"": 24, ""hu"": 2, ""it"": 15, ""la"": 2, ""nl"": 7, ""pt"": 4, ""ru"": 3, ""sv"": 9, ""uk"": 1}",fr,registre,noun,13271,registrum,,,fr,comté,noun,14875,comitātus,,,fr,Calais,name,15316,Calesium,,
te,146,full_language,,te,false,Telugu,,,,[],[],"{""ca"": 2, ""de"": 1, ""en"": 126, ""eo"": 1, ""fi"": 1, ""fr"": 3, ""hu"": 2, ""id"": 2, ""it"": 1, ""nl"": 2, ""pl"": 1, ""pt"": 2, ""ru"": 1, ""sv"": 1}",fr,télougou,noun,145590,తెలుగు,,,fr,bongare,noun,195838,బంగారు,,,de,Telugu,name,99681,తెలుగు,,
gv,145,full_language,,gv,false,Manx,,,,[],[],"{""ca"": 1, ""en"": 144}",en,all,det,407,ooilley,,,en,new,adj,796,noa,,,en,over,adj,1157,er,,
"gl,es",144,multiple_languages,,,false,,,,,[],"[{""input"": ""gl"", ""classification"": ""full_language"", ""canonical"": ""gl"", ""name"": ""Galician""}, {""input"": ""es"", ""classification"": ""full_language"", ""canonical"": ""es"", ""name"": ""Spanish""}]","{""ca"": 5, ""es"": 1, ""it"": 1, ""pt"": 137}",es,-acho,suffix,89709,-azo,,,it,armistizio,noun,42735,armisticio,,,pt,-o,suffix,21,-o,,
osc,144,full_language,,osc,false,Oscan,,,,[],[],"{""en"": 13, ""es"": 1, ""fr"": 1, ""id"": 1, ""it"": 1, ""la"": 119, ""nb"": 2, ""pl"": 1, ""pt"": 2, ""ru"": 2, ""uk"": 1}",fr,Italie,name,5198,𐌅𐌝𐌕𐌄𐌋𐌉𐌞,,,es,Italia,name,6194,𐌅𐌝𐌕𐌄𐌋𐌉𐌞,,,it,Italia,name,492,𐌅𐌝𐌕𐌄𐌋𐌉𐌞,,
yo,144,full_language,,yo,false,Yoruba,,,,[],[],"{""en"": 107, ""es"": 3, ""fi"": 2, ""fr"": 2, ""id"": 3, ""nl"": 1, ""pt"": 24, ""sv"": 1, ""vi"": 1}",fr,oricha,noun,271150,òrìṣà,,,fr,Nagot,noun,390709,Ànàgó,,,es,lucumí,noun,141766,olùkù mi,,
srn,143,full_language,,srn,false,Sranan Tongo,,,,[],[],"{""de"": 1, ""en"": 17, ""fi"": 1, ""id"": 1, ""it"": 1, ""nl"": 118, ""pt"": 3, ""sv"": 1}",de,Botschaft,noun,8118,boskopu,,,it,agama,noun,175454,agama,,,en,zombie,noun,150661,dyumbi,,
pt-BR,142,etymology_only,supported,pt-BR,false,Brazilian Portuguese,pt,pt,Portuguese,"[""pt-BR"", ""pt""]",[],"{""da"": 1, ""de"": 7, ""el"": 1, ""en"": 101, ""es"": 5, ""fi"": 3, ""fr"": 4, ""it"": 6, ""la"": 2, ""nb"": 1, ""pt"": 5, ""ro"": 1, ""ru"": 3, ""tr"": 2}",fr,favela,noun,65904,favela,,,fr,yéyé,noun,86314,iê-iê-iê,,,fr,berimbau,noun,152495,berimbau,,
hsb,141,full_language,,hsb,false,Upper Sorbian,,,,[],[],"{""ca"": 1, ""cs"": 16, ""de"": 25, ""en"": 20, ""hu"": 1, ""nl"": 2, ""pl"": 21, ""ro"": 1, ""ru"": 40, ""uk"": 14}",de,Chemnitz,name,12649,Kamjenica,,,de,Bautzen,name,24972,Budyšin,,,de,Bautzen,name,24972,buda,,
os,139,full_language,,os,false,Ossetian,,,,[],[],"{""en"": 85, ""fr"": 1, ""hu"": 26, ""la"": 9, ""nl"": 1, ""ro"": 1, ""ru"": 12, ""tr"": 1, ""uk"": 3}",fr,brasser,verb,54432,марг,,,en,new,adj,796,нӕуӕг,,,en,now,adj,918,ныр,,
nah,137,full_language,,nah,false,Nahuatl,,,,[],[],"{""ca"": 1, ""cs"": 2, ""da"": 3, ""el"": 1, ""en"": 52, ""eo"": 1, ""es"": 49, ""fi"": 6, ""fr"": 3, ""gl"": 1, ""hu"": 2, ""id"": 1, ""it"": 3, ""nl"": 3, ""pl"": 3, ""pt"": 3, ""ru"": 1, ""sv"": 1, ""tr"": 1}",fr,ocelot,noun,95646,ocelotl,ōcēlōtl,,fr,hoazin,noun,290694,huāctzin,,,fr,chicotter,verb,396826,xicohtli,,
tyv,135,full_language,,tyv,false,Tuvan,,,,[],[],"{""en"": 9, ""hu"": 3, ""ru"": 4, ""tr"": 119}",en,Shoigu,name,538055,Шойгу,,,en,sumon,noun,592133,сумон,,,en,Kyzyl,name,600508,Кызыл,,
zle-muk,134,etymology_only,external,zle-muk,false,Middle Ukrainian,zle-ort,zle-ort,Old Ruthenian,"[""zle-muk"", ""zle-ort""]",[],"{""cs"": 1, ""en"": 2, ""ro"": 1, ""ru"": 1, ""uk"": 129}",en,Cossack,noun,351741,коза́къ,,,en,hospodar,noun,638190,господаръ,,,ro,Gârcina,name,101779,гръчинъ,,
ne,132,full_language,,ne,false,Nepali,,,,[],[],"{""en"": 106, ""eo"": 4, ""es"": 1, ""fi"": 5, ""fr"": 1, ""id"": 13, ""la"": 1, ""ru"": 1}",fr,Bhoutan,name,63544,भुटान,,,es,Nepal,name,31330,नेपाल,,,en,long,adj,2383,दिघो,,
vls,132,full_language,,vls,false,West Flemish,,,,[],[],"{""de"": 3, ""en"": 105, ""fr"": 2, ""nl"": 21, ""sv"": 1}",fr,Malines,name,41154,Mechelen,,,fr,Orchies,name,83540,Ôorschie,,,de,Nudel,noun,41951,noedel,,
olo,131,full_language,,olo,false,Livvi,,,,[],[],"{""en"": 1, ""fi"": 127, ""hu"": 1, ""ru"": 2}",en,leek,noun,340441,laukku,,,ru,нерпа,noun,90326,ńоrрра,,,ru,корюшка,noun,104706,kuorʹoi,,
ban,130,full_language,,ban,false,Balinese,,,,[],[],"{""en"": 11, ""fi"": 1, ""id"": 116, ""nl"": 1, ""vi"": 1}",en,Bali,name,195932,Bali,,,en,puri,noun,348867,ᬧᬸᬭᬷ,,,en,Denpasar,name,440117,Dénpasar,,
rm,128,full_language,,rm,false,Romansh,,,,[],[],"{""ca"": 2, ""de"": 5, ""en"": 19, ""eo"": 1, ""es"": 6, ""fr"": 20, ""gl"": 1, ""it"": 37, ""pl"": 1, ""pt"": 6, ""ro"": 28, ""sv"": 2}",fr,être,verb,218,esser,,,fr,mois,noun,863,mais,,,fr,savoir,verb,1193,savair,,
sux,128,full_language,,sux,false,Sumerian,,,,[],[],"{""ca"": 3, ""el"": 1, ""en"": 74, ""es"": 4, ""fi"": 4, ""fr"": 2, ""gl"": 2, ""hu"": 1, ""id"": 5, ""it"": 2, ""la"": 13, ""nl"": 1, ""pt"": 7, ""ro"": 1, ""ru"": 2, ""tr"": 6}",fr,Tigre,name,23009,𒀀𒇉𒈦𒄘𒃼,,,fr,canne,noun,26125,𒄀𒈾,,,el,Κύπρος,name,2599,𒌓𒅗𒁇,,
xto,127,full_language,,xto,false,Tocharian A,,,,[],[],"{""da"": 1, ""de"": 4, ""en"": 100, ""la"": 20, ""nl"": 1, ""tr"": 1}",de,Mond,name,10113,mañ,,,de,Knie,noun,10119,kanweṃ,,,de,rütteln,verb,41363,kru,,
+af,126,template_marker,,,false,,,,,[],[],"{""cs"": 6, ""el"": 6, ""en"": 91, ""nl"": 19, ""pt"": 4}",el,είσοδος,noun,4134,el,,,el,είσοδος,noun,4134,εισ-,,,el,είσοδος,noun,4134,οδός,,
am,126,full_language,,am,false,Amharic,,,,[],[],"{""ca"": 1, ""cs"": 1, ""de"": 1, ""en"": 90, ""eo"": 1, ""es"": 1, ""fi"": 4, ""fr"": 4, ""hu"": 1, ""it"": 14, ""la"": 1, ""nb"": 2, ""pl"": 3, ""pt"": 1, ""tr"": 1}",fr,Addis-Abeba,name,66151,አዲስ አበባ,,,fr,négus,noun,100675,ንጉሥ,,,fr,Amhara,noun,119157,አማራ,,
"da,nb",126,multiple_languages,,,false,,,,,[],"[{""input"": ""da"", ""classification"": ""full_language"", ""canonical"": ""da"", ""name"": ""Danish""}, {""input"": ""nb"", ""classification"": ""full_language"", ""canonical"": ""nb"", ""name"": ""Norwegian Bokmål""}]","{""de"": 1, ""en"": 120, ""sv"": 5}",de,schmerzstillend,adj,151085,smertestillende,,,en,will,verb,515,ville,,,en,first,adj,1069,først,,
kpv,126,full_language,,kpv,false,Komi-Zyrian,,,,[],[],"{""en"": 7, ""fi"": 68, ""hu"": 44, ""ru"": 6, ""uk"": 1}",en,cottage,noun,140125,керка,,,en,chum,noun,323976,чум,,,en,Komi,name,426278,коми,,
frp,125,full_language,,frp,false,Franco-Provençal,,,,[],[],"{""ca"": 8, ""en"": 16, ""es"": 5, ""fr"": 73, ""gl"": 1, ""id"": 2, ""it"": 9, ""nl"": 1, ""pl"": 3, ""pt"": 2, ""ro"": 4, ""sv"": 1}",fr,et,conj,10,et,,,fr,avec,prep,122,avoi,,,fr,nous,pron,200,nos,,
grk-mar,125,full_language,,grk-mar,false,Mariupol Greek,,,,[],[],"{""el"": 125}",el,θα,particle,40,тъа,,,el,πολύ,adj,93,пулы́,,,el,δύο,num,121,дъы́я,,
lng,125,etymology_only,external,lng,false,Lombardic,goh,goh,Old High German,"[""lng"", ""goh""]",[],"{""ca"": 1, ""en"": 19, ""es"": 2, ""fr"": 9, ""gl"": 2, ""id"": 1, ""it"": 82, ""la"": 2, ""pl"": 2, ""pt"": 3, ""ru"": 1, ""tr"": 1}",fr,salon,noun,6934,sala,,,fr,banquet,noun,34366,bank,,,fr,banquet,noun,34366,panch,,
iu,124,full_language,,iu,false,Inuktitut,,,,[],[],"{""ca"": 1, ""cs"": 1, ""de"": 3, ""en"": 61, ""eo"": 4, ""es"": 1, ""fi"": 6, ""fr"": 22, ""hu"": 3, ""id"": 1, ""it"": 4, ""nb"": 4, ""nl"": 2, ""pl"": 1, ""pt"": 5, ""ru"": 3, ""sv"": 1, ""uk"": 1}",fr,Inuit,noun,59090,ᐃᓄᐃᑦ,,,fr,inuit,adj,59102,ᐃᓄᐃᑦ,,,fr,Nunavut,name,64429,nunavut,,
lo,124,full_language,,lo,false,Lao,,,,[],[],"{""en"": 29, ""es"": 3, ""fi"": 1, ""fr"": 1, ""id"": 7, ""la"": 1, ""nl"": 1, ""pl"": 2, ""ru"": 1, ""vi"": 78}",fr,Vientiane,name,87711,ວຽງຈັນ,,,es,lao,adj,41820,ລາວ,,,en,Laos,name,260238,ລາວ,,
pap,120,full_language,,pap,false,Papiamentu,,,,[],[],"{""ca"": 1, ""en"": 10, ""gl"": 1, ""id"": 1, ""nb"": 1, ""nl"": 106}",en,Playa,name,290437,playa,,,en,Punda,name,604819,Punda,,,en,Papiamento,name,628453,Papiamento,,
fa-ira,119,etymology_only,external,fa-ira,false,Iranian Persian,fa,fa,Persian,"[""fa-ira"", ""fa""]",[],"{""da"": 2, ""de"": 1, ""en"": 99, ""es"": 1, ""fr"": 3, ""hu"": 1, ""id"": 3, ""it"": 1, ""la"": 1, ""nl"": 1, ""pt"": 1, ""ro"": 1, ""tr"": 4}",fr,ayatollah,noun,61777,آیتالله,,,fr,Soraya,name,69859,ثریا,,,fr,Guilan,name,152348,گیلان,,
gu,119,full_language,,gu,false,Gujarati,,,,[],[],"{""en"": 105, ""fi"": 1, ""hu"": 1, ""id"": 6, ""nl"": 1, ""pt"": 5}",en,star,noun,12628,તારો,,,en,sweet water,noun,34032,મીઠું પાણી,,,en,tank,noun,56199,ટાંકી,,
lzh-lit,118,etymology_only,external,lzh-lit,false,Literary Chinese,lzh,lzh,Classical Chinese,"[""lzh-lit"", ""lzh""]",[],"{""en"": 1, ""fr"": 1, ""hu"": 1, ""la"": 3, ""ru"": 1, ""uk"": 1, ""vi"": 110}",fr,koan,noun,117441,公案,,,en,Taiwan,name,133403,臺灣,,,ru,Тайвань,name,42198,臺灣,,
"nb,nn",118,multiple_languages,,,false,,,,,[],"[{""input"": ""nb"", ""classification"": ""full_language"", ""canonical"": ""nb"", ""name"": ""Norwegian Bokmål""}, {""input"": ""nn"", ""classification"": ""full_language"", ""canonical"": ""nn"", ""name"": ""Norwegian Nynorsk""}]","{""da"": 3, ""en"": 100, ""sv"": 15}",en,for,conj,169,for,,,en,now,adj,918,no,,,en,after,adv,1074,etter,,
ps,114,full_language,,ps,false,Pashto,,,,[],[],"{""cs"": 2, ""de"": 1, ""en"": 82, ""eo"": 2, ""es"": 6, ""fi"": 1, ""fr"": 2, ""it"": 2, ""la"": 5, ""nb"": 1, ""nl"": 2, ""pl"": 2, ""pt"": 3, ""ru"": 2, ""sv"": 1}",fr,pachtoune,adj,102155,پښتون,,,fr,pachto,noun,129647,پښتو,,,de,Taliban,noun,27278,طالبان,,
min,109,full_language,,min,false,Minangkabau,,,,[],[],"{""en"": 5, ""id"": 104}",en,rendang,noun,509937,randang,,,en,karambit,noun,527605,kurambik,,,en,Minangkabau,name,549066,Minangkabau,,
oc-pro,109,etymology_only,external,oc-pro,false,Provençal,oc,oc,Occitan,"[""oc-pro"", ""oc""]",[],"{""ca"": 4, ""de"": 1, ""el"": 1, ""en"": 14, ""es"": 10, ""fi"": 1, ""fr"": 33, ""hu"": 1, ""it"": 15, ""la"": 1, ""nb"": 1, ""nl"": 2, ""pl"": 3, ""pt"": 15, ""ro"": 5, ""ru"": 1, ""sv"": 1}",fr,vous,pron,142,vousautes,,,fr,Murs,name,9373,Mus,,,fr,péage,noun,32242,pezatge,,
wa,109,full_language,,wa,false,Walloon,,,,[],[],"{""de"": 3, ""en"": 37, ""es"": 3, ""fr"": 57, ""gl"": 1, ""it"": 1, ""la"": 1, ""nl"": 3, ""pt"": 3}",fr,et,conj,10,et,,,fr,avec,prep,122,avou,,,fr,être,verb,218,esse,,
lij,108,full_language,,lij,false,Ligurian,,,,[],[],"{""ca"": 9, ""cs"": 1, ""da"": 1, ""de"": 1, ""el"": 1, ""en"": 6, ""eo"": 1, ""es"": 22, ""fr"": 15, ""id"": 2, ""it"": 30, ""la"": 1, ""nb"": 1, ""nl"": 1, ""pt"": 9, ""ro"": 4, ""ru"": 1, ""tr"": 2}",fr,et,conj,10,e,,,fr,être,verb,218,êse,,,fr,autre,adj,445,âtro,,
kjh,107,full_language,,kjh,false,Khakas,,,,[],[],"{""en"": 1, ""hu"": 1, ""ru"": 5, ""tr"": 99, ""uk"": 1}",en,tiyin,noun,956828,тиин,,,ru,тайга,noun,32856,тайға,,,ru,байрам,noun,44064,пайрам,,
kmb,107,full_language,,kmb,false,Kimbundu,,,,[],[],"{""de"": 1, ""en"": 25, ""eo"": 2, ""es"": 8, ""fr"": 2, ""id"": 3, ""it"": 1, ""nb"": 1, ""pt"": 63, ""sv"": 1}",fr,gombo,noun,78996,ingombo,,,fr,berimbau,noun,152495,mbirimbau,,,de,Angola,name,49495,ngola,,
mg,105,full_language,,mg,false,Malagasy,,,,[],[],"{""ca"": 7, ""cs"": 1, ""da"": 1, ""de"": 1, ""en"": 47, ""eo"": 2, ""fi"": 8, ""fr"": 10, ""id"": 23, ""it"": 1, ""nb"": 1, ""nl"": 1, ""pt"": 1, ""ro"": 1}",fr,Antananarivo,name,59135,Antananarivo,,,fr,maki,noun,64439,maky,,,fr,Tananarive,name,78980,Antananarivo,,
vro,105,full_language,,vro,false,Võro,,,,[],[],"{""en"": 4, ""fi"": 101}",en,king,noun,13372,kuning,,,en,Võro,name,665373,Võro,,,fi,olla,verb,58,om,,
"es,pt",101,multiple_languages,,,false,,,,,[],"[{""input"": ""es"", ""classification"": ""full_language"", ""canonical"": ""es"", ""name"": ""Spanish""}, {""input"": ""pt"", ""classification"": ""full_language"", ""canonical"": ""pt"", ""name"": ""Portuguese""}]","{""ca"": 6, ""cs"": 1, ""en"": 14, ""eo"": 3, ""es"": 1, ""fr"": 18, ""gl"": 4, ""it"": 42, ""ro"": 12}",fr,s'en être,verb,356,ir,,,fr,Michel,name,4457,Miguel,,,fr,Manuel,name,9716,Manuel,,
mdf,100,full_language,,mdf,false,Moksha,,,,[],[],"{""de"": 2, ""en"": 7, ""fi"": 73, ""hu"": 17, ""la"": 1}",de,Mokscha,noun,195813,мокша,,,en,cottage,noun,140125,куд,,,en,jade,noun,179288,эльде,,
LL.,99,etymology_only,supported,la-lat,true,Late Latin,la,la,Latin,"[""la-lat"", ""la""]",[],"{""ca"": 8, ""da"": 7, ""de"": 8, ""el"": 1, ""en"": 33, ""es"": 10, ""fr"": 9, ""gl"": 1, ""hu"": 1, ""it"": 9, ""la"": 1, ""pt"": 2, ""ro"": 4, ""sv"": 5}",fr,purée,noun,24602,purare,,,fr,chauve-souris,noun,27303,mūs caecus,,,fr,parchemin,noun,42193,pergamēna,,
tnq,97,full_language,,tnq,false,Taíno,,,,[],[],"{""ca"": 6, ""cs"": 1, ""da"": 1, ""el"": 2, ""en"": 25, ""eo"": 5, ""es"": 23, ""fi"": 1, ""fr"": 3, ""gl"": 2, ""id"": 4, ""it"": 1, ""la"": 1, ""nb"": 2, ""nl"": 5, ""pl"": 6, ""pt"": 6, ""sv"": 1, ""tr"": 1, ""uk"": 1}",fr,maïs,noun,20975,mahís,,,fr,patate,noun,30591,batata,,,fr,taïno,noun,158599,taino,,
zu,97,full_language,,zu,false,Zulu,,,,[],[],"{""ca"": 1, ""de"": 3, ""en"": 53, ""eo"": 2, ""es"": 4, ""fi"": 6, ""fr"": 3, ""hu"": 1, ""id"": 4, ""it"": 3, ""nb"": 1, ""nl"": 9, ""pl"": 1, ""pt"": 2, ""ru"": 1, ""sv"": 1, ""tr"": 2}",fr,impala,noun,71497,impala,,,fr,vuvuzela,noun,118651,vuvuzela,,,fr,Swazi,noun,142220,iSwazi,,
cop,95,full_language,,cop,false,Coptic,,,,[],[],"{""el"": 1, ""en"": 65, ""es"": 1, ""fr"": 4, ""gl"": 1, ""id"": 3, ""it"": 2, ""la"": 7, ""pt"": 1, ""ro"": 4, ""ru"": 3, ""tr"": 2, ""vi"": 1}",fr,barge,noun,50802,ⲃⲁⲁⲣⲉ,,,fr,copte,noun,60106,ⲅⲩⲡⲧⲓⲟⲥ,,,el,Παχώμιος,name,61396,ⲡⲁϧⲱⲙ,,
nan-tws,94,full_language,,nan-tws,false,Teochew,,,,[],[],"{""en"": 52, ""es"": 1, ""id"": 2, ""vi"": 39}",es,caván,noun,637767,合萬,,,en,O,adj,15399,烏,,,en,ah,particle,49759,啊,,
mwl,93,full_language,,mwl,false,Mirandese,,,,[],[],"{""ca"": 1, ""en"": 9, ""es"": 16, ""fr"": 2, ""gl"": 12, ""it"": 2, ""pt"": 51}",fr,adieu,intj,17830,adius,,,es,hasta,adv,253,ata,,,es,adiós,intj,9563,adius,,
ady,92,full_language,,ady,false,West Circassian,,,,[],[],"{""en"": 10, ""fi"": 1, ""hu"": 1, ""ru"": 7, ""tr"": 73}",en,nart,noun,543988,нарт,,,en,Nart,noun,544953,нарт,,,en,Nart saga,noun,544982,нарт,,
mt,92,full_language,,mt,false,Maltese,,,,[],[],"{""ca"": 1, ""en"": 35, ""eo"": 2, ""es"": 11, ""fr"": 4, ""gl"": 4, ""id"": 3, ""it"": 8, ""la"": 2, ""nb"": 1, ""nl"": 1, ""pl"": 1, ""pt"": 13, ""ro"": 1, ""ru"": 1, ""tr"": 3, ""vi"": 1}",fr,adieu,intj,17830,addiju,,,fr,Malte,name,30583,Malta,,,fr,Micallef,name,155108,Micallef,,
si,91,full_language,,si,false,Sinhalese,,,,[],[],"{""da"": 2, ""de"": 1, ""en"": 69, ""es"": 1, ""fi"": 6, ""fr"": 2, ""hu"": 1, ""id"": 2, ""it"": 1, ""pl"": 2, ""pt"": 4}",fr,cornac,noun,115406,කූරුව-නායක,,,fr,cornaquer,verb,160879,කූරුව-නායක,,,de,Beriberi,noun,138857,බැරි,,
kl,88,full_language,,kl,false,Greenlandic,,,,[],[],"{""cs"": 1, ""da"": 13, ""de"": 3, ""el"": 1, ""en"": 31, ""eo"": 2, ""es"": 2, ""fi"": 2, ""fr"": 3, ""hu"": 3, ""nb"": 17, ""nl"": 1, ""pl"": 2, ""pt"": 2, ""ru"": 1, ""sv"": 3, ""tr"": 1}",fr,anorak,noun,96758,annoraaq,,,fr,Nuuk,name,112840,Nuuk,,,fr,Sermersooq,name,400313,Sermersooq,,
"pt,es",88,multiple_languages,,,false,,,,,[],"[{""input"": ""pt"", ""classification"": ""full_language"", ""canonical"": ""pt"", ""name"": ""Portuguese""}, {""input"": ""es"", ""classification"": ""full_language"", ""canonical"": ""es"", ""name"": ""Spanish""}]","{""ca"": 13, ""en"": 21, ""es"": 1, ""fr"": 8, ""gl"": 17, ""it"": 26, ""ro"": 2}",fr,parce que,conj,742,porque,,,fr,loup,noun,12653,lobo,,,fr,bouchée,noun,36797,bocado,,
kn,87,full_language,,kn,false,Kannada,,,,[],[],"{""cs"": 1, ""da"": 1, ""de"": 1, ""el"": 1, ""en"": 64, ""eo"": 1, ""es"": 1, ""fi"": 2, ""fr"": 1, ""hu"": 1, ""id"": 5, ""it"": 1, ""la"": 1, ""nl"": 1, ""pt"": 2, ""ro"": 1, ""sv"": 1, ""tr"": 1}",fr,bambou,noun,39824,ಬಮ್ಬು,,,el,μπαμπού,noun,14536,ಬಮ್ಬು,,,de,Bambus,noun,41492,ಬಂಬು,,
lad,86,full_language,,lad,false,Ladino,,,,[],[],"{""ca"": 1, ""el"": 4, ""en"": 7, ""es"": 52, ""fi"": 1, ""fr"": 2, ""gl"": 3, ""nl"": 1, ""pt"": 8, ""ro"": 5, ""ru"": 1, ""tr"": 1}",fr,bahut,noun,55665,baul,,,fr,djudezmo,name,399544,djudezmo,,,el,παρέα,noun,1327,parea,,
gug,84,full_language,,gug,false,Paraguayan Guarani,,,,[],[],"{""ca"": 7, ""cs"": 2, ""da"": 1, ""de"": 4, ""en"": 19, ""eo"": 2, ""es"": 21, ""fi"": 2, ""fr"": 6, ""id"": 1, ""it"": 2, ""pl"": 1, ""pt"": 12, ""ro"": 2, ""sv"": 1, ""uk"": 1}",fr,guarani,adj,80436,guarani,,,fr,roucou,noun,115594,urucul,,,fr,maringouin,noun,136464,mbarigui,,
kha,83,full_language,,kha,false,Khasi,,,,[],[],"{""en"": 2, ""id"": 1, ""vi"": 80}",en,Temiar,noun,1348784,tmier,,,id,dekan,noun,10992,dkhan,,,vi,này,det,51,kane,,
car,82,full_language,,car,false,Kari'na,,,,[],[],"{""ca"": 7, ""de"": 1, ""en"": 40, ""eo"": 1, ""es"": 7, ""fi"": 2, ""fr"": 3, ""gl"": 1, ""it"": 3, ""nl"": 10, ""pt"": 7}",fr,pécari,noun,128462,pakira,,,fr,agami,noun,145587,akami,,,fr,tinamou,noun,161606,tinamú,,
dlm,82,full_language,,dlm,false,Dalmatian,,,,[],[],"{""ca"": 3, ""de"": 1, ""en"": 2, ""es"": 9, ""fr"": 4, ""gl"": 2, ""it"": 26, ""pt"": 3, ""ro"": 32}",fr,et,conj,10,e,,,fr,autre,adj,445,jiltri,,,fr,cierge,noun,65597,cir,,
mkh-mvi,82,full_language,,mkh-mvi,false,Middle Vietnamese,,,,[],[],"{""vi"": 82}",vi,cũng,adv,116,cu᷃̃,,,vi,trên,adj,174,tlên,,,vi,sống,adj,607,sóu᷃,,
zle-mru,82,etymology_only,supported,zle-mru,false,Middle Russian,ru,ru,Russian,"[""zle-mru"", ""ru""]",[],"{""cs"": 1, ""en"": 3, ""pl"": 1, ""ru"": 72, ""uk"": 5}",en,Neman,name,572452,Немонъ,,,en,polynya,noun,603560,полыньѧ,,,en,taimen,noun,685820,таймень,,
NL.,79,etymology_only,supported,la-new,true,New Latin,la,la,Latin,"[""la-new"", ""la""]",[],"{""ca"": 2, ""da"": 4, ""de"": 3, ""en"": 48, ""es"": 1, ""fr"": 8, ""hu"": 2, ""it"": 3, ""nl"": 1, ""pt"": 3, ""sv"": 4}",fr,européen,adj,6132,Eurōpaeānus,,,fr,précipité,noun,36227,praecipitātum,,,fr,promiscuité,noun,60293,prōmiscuitās,,
arz,79,full_language,,arz,false,Egyptian Arabic,,,,[],[],"{""de"": 1, ""el"": 21, ""en"": 35, ""eo"": 1, ""es"": 1, ""fr"": 5, ""hu"": 3, ""id"": 3, ""it"": 1, ""nl"": 1, ""pl"": 2, ""pt"": 2, ""ru"": 1, ""tr"": 2}",fr,copte,noun,60106,قُفْط,,,fr,chicha,noun,73060,شيشة,,,fr,chadouf,noun,399602,شادوف,,
xng,79,full_language,,xng,false,Middle Mongol,,,,[],[],"{""ca"": 5, ""de"": 1, ""en"": 25, ""hu"": 1, ""la"": 2, ""pl"": 3, ""pt"": 1, ""ro"": 3, ""ru"": 11, ""tr"": 20, ""uk"": 5, ""vi"": 2}",de,Baldrian,noun,70519,ᠪᠠᠯᠴᠢᠷᠭᠠᠨ᠎ᠠ,,,en,khan,noun,98626,ᠬᠠᠭᠠᠨ,,,en,Mongol,noun,324008,ᠮᠣᠩᠬᠣᠯ,,
yrk-tun,79,full_language,,yrk-tun,false,Tundra Nenets,,,,[],[],"{""en"": 2, ""fi"": 60, ""hu"": 11, ""ru"": 6}",en,parka,noun,358382,парка,,,en,Salekhard,name,742145,Саляʼ харад,,,ru,Ямал,name,36314,Яʼ мал,,
ary,78,full_language,,ary,false,Moroccan Arabic,,,,[],[],"{""ca"": 3, ""de"": 1, ""en"": 24, ""eo"": 1, ""es"": 2, ""fr"": 24, ""it"": 4, ""nb"": 1, ""nl"": 17, ""pt"": 1}",fr,wesh,intj,45299,واش,,,fr,kif,noun,46917,كيف,,,fr,seum,noun,70398,سم,,
es-MX,78,etymology_only,supported,es-MX,false,Mexican Spanish,es,es,Spanish,"[""es-MX"", ""es""]",[],"{""de"": 1, ""el"": 1, ""en"": 60, ""eo"": 1, ""es"": 2, ""fr"": 1, ""id"": 1, ""it"": 1, ""la"": 3, ""nb"": 1, ""nl"": 2, ""pt"": 3, ""uk"": 1}",fr,nacho,noun,69211,nacho,,,el,τεκίλα,noun,11347,tequila,,,de,Nacho,noun,75001,nacho,,
kum,78,full_language,,kum,false,Kumyk,,,,[],[],"{""en"": 5, ""es"": 1, ""fi"": 1, ""hu"": 1, ""ru"": 8, ""tr"": 60, ""uk"": 2}",es,michi,noun,73946,мишик,,,en,Kumyk,noun,723543,къумукъ,,,en,Ichkeria,name,1091476,ичгери,,
zlw-mpl,78,etymology_only,supported,zlw-mpl,false,Middle Polish,pl,pl,Polish,"[""zlw-mpl"", ""pl""]",[],"{""en"": 8, ""la"": 3, ""pl"": 22, ""ru"": 10, ""uk"": 35}",en,Cossack,noun,351741,Kozak,,,en,Kalmuck,adj,756187,Kałmuk,,,en,Calmuck,adj,780040,Kałmuk,,
arn,77,full_language,,arn,false,Mapudungun,,,,[],[],"{""en"": 25, ""es"": 41, ""fi"": 5, ""it"": 1, ""nl"": 1, ""pt"": 3, ""sv"": 1}",es,Chile,name,2122,chilli,,,es,che,intj,10066,che,,,es,pana,noun,23959,pana,,
pcd,77,full_language,,pcd,false,Picard,,,,[],[],"{""ca"": 2, ""en"": 8, ""es"": 5, ""fr"": 56, ""id"": 2, ""la"": 1, ""nl"": 2, ""ru"": 1}",fr,avec,prep,122,avuc,,,fr,vous,pron,142,os,,,fr,nous,pron,200,nos,,
rue,77,full_language,,rue,false,Carpathian Rusyn,,,,[],[],"{""cs"": 2, ""de"": 1, ""en"": 8, ""hu"": 2, ""pl"": 31, ""ro"": 7, ""ru"": 7, ""uk"": 19}",de,Rusine,noun,334784,руси́н,,,en,Warhol,name,301594,вархола,,,en,Ditko,name,496611,Дї́тко,,
cr,75,full_language,,cr,false,Cree,,,,[],[],"{""en"": 60, ""es"": 1, ""fr"": 13, ""it"": 1}",fr,Cris,name,16322,Kenisteniwuik,,,fr,cri,noun,18328,Kenisteniwuik,,,fr,Cri,noun,18474,Kenisteniwuik,,
"gl,pt",75,multiple_languages,,,false,,,,,[],"[{""input"": ""gl"", ""classification"": ""full_language"", ""canonical"": ""gl"", ""name"": ""Galician""}, {""input"": ""pt"", ""classification"": ""full_language"", ""canonical"": ""pt"", ""name"": ""Portuguese""}]","{""ca"": 11, ""en"": 4, ""es"": 43, ""fr"": 8, ""it"": 9}",fr,peu à peu,adv,798,pouco a pouco,,,fr,cou,noun,11695,colo,,,fr,adieu,intj,17830,adeus,,
kca-nor,73,full_language,,kca-nor,false,Northern Khanty,,,,[],[],"{""en"": 4, ""fi"": 32, ""hu"": 35, ""ru"": 2}",en,nares-jux,noun,526516,нарс йўх,,,en,Khanty,adj,536613,хӑнты,,,ru,сырок,noun,116217,сурәх,,
co,72,full_language,,co,false,Corsican,,,,[],[],"{""ca"": 1, ""en"": 7, ""fr"": 38, ""id"": 1, ""it"": 14, ""la"": 1, ""pt"": 3, ""ro"": 7}",fr,et,conj,10,è,,,fr,vous,pron,142,voi,,,fr,nous,pron,200,noi,,
xdk,72,full_language,,xdk,false,Dharug,,,,[],[],"{""ca"": 2, ""en"": 35, ""eo"": 3, ""es"": 4, ""fi"": 5, ""fr"": 1, ""hu"": 1, ""id"": 2, ""it"": 4, ""nl"": 3, ""pl"": 4, ""pt"": 3, ""ro"": 1, ""ru"": 1, ""tr"": 3}",fr,wallaby,noun,101090,wollabi,,,es,koala,noun,74469,gula,,,es,bumerán,noun,120819,bumariny,,
"da,nb,nn",67,multiple_languages,,,false,,,,,[],"[{""input"": ""da"", ""classification"": ""full_language"", ""canonical"": ""da"", ""name"": ""Danish""}, {""input"": ""nb"", ""classification"": ""full_language"", ""canonical"": ""nb"", ""name"": ""Norwegian Bokmål""}, {""input"": ""nn"", ""classification"": ""full_language"", ""canonical"": ""nn"", ""name"": ""Norwegian Nynorsk""}]","{""en"": 59, ""sv"": 8}",en,long,adj,2383,lang,,,en,end,noun,3297,ende,,,en,side,noun,5111,side,,
gmq-osw-lat,67,etymology_only,external,gmq-osw-lat,false,Late Old Swedish,gmq-osw,gmq-osw,Old Swedish,"[""gmq-osw-lat"", ""gmq-osw""]",[],"{""da"": 1, ""fi"": 44, ""nb"": 1, ""sv"": 21}",sv,helvete,noun,1554,ihiæl,,,sv,söder,adv,4134,sø̄der,,,sv,ihjäl,adv,4417,ihiæl,,
de-AT,66,etymology_only,supported,de-AT,false,Austrian German,de,de,German,"[""de-AT"", ""de""]",[],"{""cs"": 4, ""de"": 1, ""en"": 13, ""hu"": 35, ""pl"": 4, ""ro"": 1, ""ru"": 7, ""sv"": 1}",de,Leibchen,noun,94468,Leiberl,,,en,Fucking,name,8645,Fucking,,,en,bagel,noun,288567,Beugel,,
ruq,66,full_language,,ruq,false,Megleno-Romanian,,,,[],[],"{""en"": 2, ""fr"": 5, ""ro"": 59}",fr,autre,adj,445,altu,,,fr,pouvoir,verb,1219,pot,,,fr,eau,noun,1373,apu,,
so,66,full_language,,so,false,Somali,,,,[],[],"{""da"": 1, ""de"": 1, ""en"": 48, ""eo"": 1, ""fi"": 3, ""fr"": 1, ""id"": 3, ""it"": 1, ""la"": 2, ""nb"": 1, ""pt"": 2, ""sv"": 2}",fr,Tadjourah,name,121976,Tajuura,,,de,Somalia,name,30998,Soomaaliya,,,it,gherenuc,noun,598171,garanuug,,
ckb,65,full_language,,ckb,false,Central Kurdish,,,,[],[],"{""de"": 1, ""en"": 60, ""fi"": 2, ""ru"": 1, ""uk"": 1}",de,Peschmerga,noun,69074,پێشمەرگە,,,en,new,adj,796,نوێ,,,en,right,adj,1579,ڕاست,,
enm-nor,65,etymology_only,external,enm-nor,false,Northern Middle English,enm,enm,Middle English,"[""enm-nor"", ""enm""]",[],"{""en"": 64, ""sv"": 1}",en,big,adj,3367,big,,,en,law,noun,5777,lawe,,,en,lake,noun,32153,lake,,
nrn,65,full_language,,nrn,false,Norn,,,,[],[],"{""en"": 62, ""nb"": 2, ""nl"": 1}",en,I,pron,129,eg,,,en,day,noun,1611,dagh,,,en,world,noun,1860,vrildan,,
or,65,full_language,,or,false,Odia,,,,[],[],"{""ca"": 1, ""cs"": 1, ""da"": 1, ""de"": 5, ""en"": 41, ""eo"": 1, ""es"": 1, ""fi"": 1, ""fr"": 1, ""gl"": 2, ""id"": 1, ""it"": 1, ""la"": 2, ""pl"": 1, ""pt"": 2, ""ro"": 1, ""ru"": 2}",fr,palanquin,noun,93478,ପାଲଙ୍କି,,,de,über,prep,194,ଉପର,,,de,Palankin,noun,181472,ପାଲଙ୍କି,,
grc-dor,64,etymology_only,external,grc-dor,false,Doric Greek,grc,grc,Ancient Greek,"[""grc-dor"", ""grc""]",[],"{""el"": 1, ""en"": 18, ""es"": 2, ""fr"": 1, ""id"": 1, ""it"": 6, ""la"": 29, ""nl"": 1, ""pt"": 1, ""ro"": 3, ""uk"": 1}",fr,musagète,adj,154621,Μουσαγέτης,,,el,πρωτομηνιά,noun,81575,πρατομηνία,,,es,Europa,name,2603,Εὐρώπα,,
tg,64,full_language,,tg,false,Tajik,,,,[],[],"{""ca"": 1, ""en"": 42, ""eo"": 1, ""fi"": 2, ""id"": 3, ""ru"": 8, ""tr"": 7}",en,star,noun,12628,ситора,,,en,sweet water,noun,34032,оби ширин,,,en,moon,name,43006,моҳ,,
la-ren,63,etymology_only,supported,la-ren,false,Renaissance Latin,la,la,Latin,"[""la-ren"", ""la""]",[],"{""de"": 1, ""en"": 36, ""es"": 5, ""fr"": 2, ""gl"": 2, ""id"": 1, ""it"": 6, ""la"": 2, ""nb"": 2, ""pl"": 2, ""pt"": 3, ""uk"": 1}",fr,florilège,noun,55767,flōrilegium,,,fr,inaptitude,noun,57418,inaptitūdō,,,de,Gruppe,noun,1719,grupus,,
owl,63,full_language,,owl,false,Old Welsh,,,,[],[],"{""de"": 1, ""en"": 44, ""es"": 1, ""fr"": 2, ""gl"": 5, ""id"": 1, ""la"": 6, ""nl"": 1, ""pt"": 1, ""tr"": 1}",fr,clan,noun,15290,plant,,,fr,Guenièvre,name,72434,Gwenhwyfar,,,de,Clan,noun,21303,plant,,
gme-cgo,62,full_language,,gme-cgo,false,Crimean Gothic,,,,[],[],"{""de"": 1, ""en"": 59, ""la"": 1, ""nl"": 1}",de,Stiege,noun,58472,stega,,,en,I,pron,129,ich,,,en,go,verb,1303,geen,,
gmw-msc,62,full_language,,gmw-msc,false,Middle Scots,,,,[],[],"{""en"": 62}",en,heart,noun,9135,hart,,,en,travel,verb,21218,travailen,,,en,weird,adj,33753,weird,,
slr,62,full_language,,slr,false,Salar,,,,[],[],"{""tr"": 62}",tr,ne,pron,25,neñ,,,tr,el,noun,388,el,,,tr,deli,adj,1456,delli,,
nog,61,full_language,,nog,false,Nogai,,,,[],[],"{""en"": 4, ""ro"": 32, ""ru"": 4, ""tr"": 14, ""uk"": 7}",en,chaus,noun,640580,кавыс,,,en,koulan,noun,706560,кулан,,,en,dzhigit,noun,860208,йигит,,
gmq-pro,60,full_language,,gmq-pro,false,Proto-Norse,,,,[],[],"{""da"": 19, ""en"": 4, ""fi"": 6, ""nb"": 9, ""sv"": 22}",en,stain,noun,194163,ᛊᛏᚨᛁᚾᚨᛉ,,,en,jarl,noun,409748,ᛖᚱᛁᛚᚨᛉ,,,en,Neustria,name,597314,ni,,
pra,60,full_language,,pra,false,Prakrit,,,,[],[],"{""en"": 24, ""es"": 1, ""fr"": 2, ""hu"": 1, ""id"": 29, ""la"": 1, ""pt"": 1, ""uk"": 1}",fr,Bhoutan,name,63544,𑀪𑁄𑀝𑁆𑀝𑀁𑀢,,,fr,thug,noun,69189,𑀞𑀕,,,es,pañí,noun,503555,𑀧𑀸𑀡𑀻𑀅,,
chg,58,full_language,,chg,false,Chagatai,,,,[],[],"{""en"": 10, ""fr"": 1, ""hu"": 5, ""id"": 1, ""pl"": 1, ""ru"": 5, ""tr"": 34, ""uk"": 1}",fr,Euzbek,noun,400764,اوزبک,,,en,coolie,noun,420292,قل,قلی,,en,Aksu,name,506980,آقسُو,,
jam,58,full_language,,jam,false,Jamaican Creole,,,,[],[],"{""en"": 49, ""eo"": 1, ""es"": 3, ""fr"": 1, ""nl"": 1, ""pl"": 1, ""ro"": 1, ""sv"": 1}",fr,reggae,noun,41223,rege,,,es,dembow,noun,146868,dem bow,,,es,yinalear,verb,757786,ginnal,,
oui,58,full_language,,oui,false,Old Uyghur,,,,[],[],"{""en"": 3, ""hu"": 1, ""tr"": 54}",en,Khazar,noun,489552,𐰴𐱁𐰺,,,hu,bor,noun,4729,𐽼𐽳𐽾,,,tr,büyük,adj,85,𐽼𐽰𐽸𐽳𐽷,,
btx,57,full_language,,btx,false,Karo Batak,,,,[],[],"{""id"": 57}",id,-kan,suffix,315,-ken,,,id,Sekali,name,342,Sekali,,,id,Suka,name,367,Suka,,
yua,57,full_language,,yua,false,Yucatec Maya,,,,[],[],"{""en"": 25, ""es"": 24, ""fi"": 1, ""id"": 2, ""it"": 1, ""nb"": 2, ""nl"": 1, ""sv"": 1}",es,maya,adj,15061,mayab,,,es,Chan,name,19811,chan,,,es,Campeche,name,27046,Kaan Peech,,
+con,56,template_marker,,,false,,,,,[],[],"{""en"": 56}",en,equivalent,adj,64009,en,,,en,equivalent,adj,64009,equi,,,en,equivalent,adj,64009,valent,,
ilo,56,full_language,,ilo,false,Ilocano,,,,[],[],"{""en"": 38, ""es"": 7, ""id"": 10, ""pt"": 1}",es,baguio,noun,132142,bagyo,,,es,Vigan,name,184537,Bigaan,,,es,Vigan,name,184537,biga,,
mnc,56,full_language,,mnc,false,Manchu,,,,[],[],"{""cs"": 1, ""en"": 34, ""fi"": 1, ""fr"": 1, ""hu"": 1, ""it"": 3, ""pl"": 2, ""pt"": 1, ""ru"": 2, ""tr"": 5, ""vi"": 5}",fr,Mandchou,noun,103413,ᠮᠠᠨᠵᡠ,,,it,manciù,adj,136173,ᠮᠠᠨᠵᡠ,,,en,sum,noun,84826,ᠨᡳᡵᡠ,,
ms-old,56,etymology_only,external,ms-old,false,Old Malay,ms,ms,Malay,"[""ms-old"", ""ms""]",[],"{""id"": 55, ""la"": 1}",id,dan,conj,5,daṅan,,,id,ada,verb,28,hada,,,id,orang,noun,46,urang,,
abe,54,full_language,,abe,false,Abenaki,,,,[],[],"{""ca"": 2, ""de"": 1, ""en"": 42, ""es"": 1, ""fr"": 5, ""id"": 1, ""pl"": 2}",fr,lac Mégantic,name,59939,Namagôntekw,,,fr,tomahawk,noun,75502,temahigan,,,fr,Arthabaska,name,82454,awabaska,,
"cs,sk",54,multiple_languages,,,false,,,,,[],"[{""input"": ""cs"", ""classification"": ""full_language"", ""canonical"": ""cs"", ""name"": ""Czech""}, {""input"": ""sk"", ""classification"": ""full_language"", ""canonical"": ""sk"", ""name"": ""Slovak""}]","{""en"": 39, ""hu"": 1, ""pl"": 1, ""ro"": 2, ""uk"": 11}",en,new,adj,796,nový,,,en,first,adj,1069,prvý,,,en,man,noun,2309,muž,,
grc-att,54,etymology_only,external,grc-att,false,Attic Greek,grc,grc,Ancient Greek,"[""grc-att"", ""grc""]",[],"{""de"": 1, ""el"": 5, ""en"": 16, ""es"": 1, ""fr"": 1, ""it"": 1, ""la"": 23, ""pl"": 1, ""pt"": 3, ""uk"": 2}",fr,glottophobie,noun,156868,γλῶττα,,,el,η,article,8,ἡ,,,el,θάρρος,noun,3606,θάρρος,,
"nb,nn,sv",54,multiple_languages,,,false,,,,,[],"[{""input"": ""nb"", ""classification"": ""full_language"", ""canonical"": ""nb"", ""name"": ""Norwegian Bokmål""}, {""input"": ""nn"", ""classification"": ""full_language"", ""canonical"": ""nn"", ""name"": ""Norwegian Nynorsk""}, {""input"": ""sv"", ""classification"": ""full_language"", ""canonical"": ""sv"", ""name"": ""Swedish""}]","{""en"": 54}",en,out,adv,583,ut,,,en,little,adj,2800,liten,,,en,night,noun,3792,natt,,
rmq,54,full_language,,rmq,false,Caló,,,,[],[],"{""ca"": 7, ""en"": 1, ""es"": 42, ""fr"": 1, ""pt"": 3}",fr,calo,noun,102715,caló,,,es,chaval,noun,26337,chavale,,,es,chaval,noun,26337,chavó,,
rsk,54,full_language,,rsk,false,Pannonian Rusyn,,,,[],[],"{""cs"": 4, ""en"": 4, ""hu"": 1, ""pl"": 18, ""ro"": 2, ""ru"": 1, ""uk"": 24}",en,may,verb,1508,мочи,,,en,mire,noun,361712,брамушка,,,en,Jelena,name,368473,Єлена,,
"ru,uk",53,multiple_languages,,,false,,,,,[],"[{""input"": ""ru"", ""classification"": ""full_language"", ""canonical"": ""ru"", ""name"": ""Russian""}, {""input"": ""uk"", ""classification"": ""full_language"", ""canonical"": ""uk"", ""name"": ""Ukrainian""}]","{""cs"": 1, ""da"": 1, ""de"": 2, ""en"": 43, ""eo"": 1, ""es"": 1, ""fr"": 1, ""pl"": 1, ""pt"": 1, ""sv"": 1}",fr,borchtch,noun,395951,борщ,,,de,Olga,name,28258,О́льга,,,de,Oxana,name,119876,Оксана,,
io,52,full_language,,io,false,Ido,,,,[],[],"{""en"": 2, ""eo"": 45, ""nl"": 2, ""pl"": 1, ""pt"": 1, ""uk"": 1}",en,Ido,name,393249,Ido,,,en,Idia,name,594288,Idia,,,pt,ido,noun,9007,Ido,,
kbd,52,full_language,,kbd,false,East Circassian,,,,[],[],"{""en"": 6, ""fi"": 1, ""ru"": 3, ""tr"": 41, ""uk"": 1}",en,tamada,noun,604253,тхьэмадэ,,,en,tamada,noun,604253,адэ,,,en,Kabard,noun,951133,Къэбэрд,,
pam,52,full_language,,pam,false,Kapampangan,,,,[],[],"{""en"": 33, ""es"": 6, ""fr"": 1, ""id"": 10, ""it"": 1, ""nl"": 1}",fr,Pampangue,name,395903,pampang,,,es,Guagua,name,53681,uaua,,,es,cuajo,noun,67776,kuwaho,,
wlm,52,full_language,,wlm,false,Middle Welsh,,,,[],[],"{""ca"": 1, ""en"": 37, ""la"": 12, ""pt"": 2}",en,Male,name,27954,mael,,,en,crew,noun,43012,creu,,,en,honey,noun,80409,canecon,,
"ca,oc",51,multiple_languages,,,false,,,,,[],"[{""input"": ""ca"", ""classification"": ""full_language"", ""canonical"": ""ca"", ""name"": ""Catalan""}, {""input"": ""oc"", ""classification"": ""full_language"", ""canonical"": ""oc"", ""name"": ""Occitan""}]","{""es"": 1, ""fr"": 10, ""gl"": 1, ""it"": 11, ""pt"": 24, ""ro"": 4}",fr,toujours,adv,486,totjorn,,,fr,trou,noun,9550,trauc,,,fr,vinaigre,noun,30621,vinagre,,
hak,51,full_language,,hak,false,Hakka,,,,[],[],"{""en"": 13, ""id"": 29, ""nl"": 3, ""vi"": 6}",en,Hon,name,159707,韓,,,en,Lim,name,262752,林,,,en,Yap,name,328945,葉,,
roa-leo,51,full_language,,roa-leo,false,Leonese,,,,[],[],"{""en"": 8, ""es"": 26, ""gl"": 4, ""pt"": 13}",es,hacia,prep,931,faza,,,es,viejo,adj,3195,vieyo,,,es,caja,noun,4764,caixa,,
unm,51,full_language,,unm,false,Unami,,,,[],[],"{""en"": 51}",en,punk,noun,106458,punkw,,,en,Manhattan,name,113019,mënatay,,,en,buffalo fish,noun,128080,sisilieòmèkw,,
kca-eas,50,full_language,,kca-eas,false,Eastern Khanty,,,,[],[],"{""en"": 3, ""fi"": 20, ""hu"": 22, ""ru"": 5}",en,Khanty,adj,536613,кӑнтӛг яг,,,ru,Нижневартовск,name,59866,варта,,,ru,Нижневартовск,name,59866,варт,,
pdc,50,full_language,,pdc,false,Pennsylvania German,,,,[],[],"{""de"": 10, ""en"": 34, ""nl"": 4, ""pl"": 1, ""ro"": 1}",de,Teufel,noun,9515,Deiwel,,,de,Gemüse,noun,10449,Gemies,,,de,Jänner,noun,16302,Yenner,,
obt,48,full_language,,obt,false,Old Breton,,,,[],[],"{""ca"": 1, ""de"": 1, ""en"": 25, ""es"": 1, ""fr"": 8, ""gl"": 4, ""it"": 2, ""la"": 4, ""pt"": 2}",fr,Alain,name,8626,Alan,,,fr,lie,noun,22971,leh,,,fr,Saint-Malo,name,31106,machlou,,
ppl,48,full_language,,ppl,false,Pipil,,,,[],[],"{""en"": 3, ""es"": 45}",es,chacho,adj,63773,chachahuatl,,,es,Concepción de Ataco,name,64169,at,,,es,Totonicapán,name,84085,tutūnik,,
wo,48,full_language,,wo,false,Wolof,,,,[],[],"{""ca"": 3, ""cs"": 1, ""da"": 1, ""en"": 19, ""eo"": 1, ""es"": 2, ""fi"": 2, ""fr"": 5, ""hu"": 1, ""it"": 2, ""nb"": 1, ""pl"": 4, ""pt"": 4, ""ru"": 1, ""sv"": 1}",fr,boubou,noun,72210,mbubb,,,fr,karité,noun,75176,karité,,,fr,bougnoule,noun,79441,ñuul,,
"bg,mk",47,multiple_languages,,,false,,,,,[],"[{""input"": ""bg"", ""classification"": ""full_language"", ""canonical"": ""bg"", ""name"": ""Bulgarian""}, {""input"": ""mk"", ""classification"": ""full_language"", ""canonical"": ""mk"", ""name"": ""Macedonian""}]","{""en"": 39, ""ro"": 1, ""ru"": 3, ""uk"": 4}",en,new,adj,796,нов,,,en,little,adj,2800,луд,,,en,small,adj,4948,мал,,
cmg,47,full_language,,cmg,false,Classical Mongolian,,,,[],[],"{""de"": 1, ""en"": 24, ""pl"": 1, ""ru"": 16, ""tr"": 3, ""vi"": 2}",de,Horde,noun,32052,ᠣᠷᠳ᠋ᠤ,,,en,Mongol,noun,324008,ᠮᠣᠩᠭᠣᠯ,,,en,Aral,name,416635,ᠠᠷᠠᠯ,,
kg,47,full_language,,kg,false,Kongo,,,,[],[],"{""en"": 23, ""eo"": 1, ""es"": 2, ""fi"": 1, ""fr"": 1, ""it"": 1, ""nb"": 2, ""nl"": 3, ""pt"": 13}",fr,safou,noun,143732,nsafu,,,es,cumbancha,noun,202674,kúmba,,,es,cumbé,noun,731336,kúmba,,
gmy,46,full_language,,gmy,false,Mycenaean Greek,,,,[],[],"{""el"": 4, ""en"": 24, ""it"": 3, ""la"": 9, ""pl"": 1, ""pt"": 4, ""tr"": 1}",el,όριο,noun,2509,𐀺𐀺,,,el,χρυσός,noun,3879,𐀓𐀬𐀰,,,el,Κύπριος,noun,7034,𐀓𐀠𐀪𐀍,,
pra-sau,46,etymology_only,external,pra-sau,false,Sauraseni Prakrit,pra,pra,Prakrit,"[""pra-sau"", ""pra""]",[],"{""el"": 1, ""en"": 21, ""eo"": 1, ""es"": 1, ""fi"": 1, ""hu"": 2, ""id"": 5, ""la"": 1, ""nl"": 5, ""pl"": 1, ""pt"": 1, ""ro"": 2, ""ru"": 1, ""sv"": 2, ""tr"": 1}",el,τζίντζερ,noun,12725,𑀲𑀺𑀁𑀕𑀺𑀯𑁂𑀭,,,es,chaval,noun,26337,𑀙𑀸𑀯,,,en,dam,noun,111361,𑀤𑀫𑁆𑀫,,
arw,45,full_language,,arw,false,Lokono,,,,[],[],"{""ca"": 2, ""cs"": 1, ""en"": 18, ""eo"": 2, ""es"": 5, ""fi"": 1, ""fr"": 1, ""gl"": 1, ""hu"": 1, ""id"": 1, ""nl"": 9, ""pl"": 1, ""pt"": 1, ""tr"": 1}",fr,Jamaïque,name,37413,xaymaca,,,es,cacique,noun,31744,kassequa,,,es,papaya,noun,51804,papáia,,
"da,sv",45,multiple_languages,,,false,,,,,[],"[{""input"": ""da"", ""classification"": ""full_language"", ""canonical"": ""da"", ""name"": ""Danish""}, {""input"": ""sv"", ""classification"": ""full_language"", ""canonical"": ""sv"", ""name"": ""Swedish""}]","{""en"": 43, ""fi"": 1, ""ro"": 1}",en,now,adj,918,nu,,,en,after,adv,1074,efter,,,en,hard,adj,4656,hård,,
tn,45,full_language,,tn,false,Tswana,,,,[],[],"{""en"": 31, ""eo"": 3, ""fi"": 5, ""id"": 1, ""it"": 1, ""nb"": 1, ""pt"": 1, ""sv"": 1, ""tr"": 1}",it,kokoon,noun,517172,kgokoñ,,,en,Botswana,name,278268,Botswana,,,en,Botswana,name,278268,bo-,,
ibl,44,full_language,,ibl,false,Ibaloi,,,,[],[],"{""en"": 43, ""es"": 1}",es,Payquec,name,807991,pekek,,,en,Cruz,name,128144,kurus,,,en,Pico,name,310798,piho,,
qwm,44,full_language,,qwm,false,Kipchak,,,,[],[],"{""en"": 1, ""hu"": 6, ""pl"": 1, ""ro"": 27, ""ru"": 3, ""tr"": 4, ""uk"": 2}",en,Azov,name,404257,Azaq,,,ro,Iași,name,1003,yaasi,,,ro,Chișinău,name,1318,kešene,,
as,43,full_language,,as,false,Assamese,,,,[],[],"{""en"": 42, ""fr"": 1}",fr,jolokia,noun,142055,জলকীয়া,,,en,ghost chili pepper,noun,226672,ভোট-জলকীয়া,,,en,Assam,name,269468,অসম,,
bsh,43,full_language,,bsh,false,Kamkata-viri,,,,[],[],"{""de"": 1, ""en"": 37, ""es"": 2, ""la"": 2, ""nl"": 1}",de,Farn,noun,71132,por,,,es,viviente,adj,30055,ǰat,,,en,you,pron,182,šo,,
fr-CA,43,etymology_only,supported,fr-CA,false,Canadian French,fr,fr,French,"[""fr-CA"", ""fr""]",[],"{""ca"": 1, ""da"": 1, ""en"": 27, ""eo"": 1, ""es"": 4, ""fi"": 1, ""fr"": 1, ""it"": 2, ""nb"": 1, ""nl"": 2, ""pt"": 1, ""sv"": 1}",fr,ti,particle,22184,tu,,,es,tobogán,noun,63217,tabaganne,,,es,sioux,adj,70434,Nadouessioux,,
hop,43,full_language,,hop,false,Hopi,,,,[],[],"{""en"": 37, ""es"": 1, ""fr"": 5}",fr,Bacavi,name,389618,Paaqavi,,,fr,Oraibi,name,389653,Orayvi,,,fr,Hotevilla,name,397998,Hotvela,,
sm,43,full_language,,sm,false,Samoan,,,,[],[],"{""cs"": 1, ""el"": 1, ""en"": 28, ""eo"": 1, ""es"": 2, ""fi"": 1, ""id"": 4, ""nb"": 1, ""pt"": 2, ""sv"": 2}",el,Σαμόα,name,83117,Sāmoa,,,es,tonga,noun,64768,toga,,,es,tatuar,verb,86108,ta-tau,,
aem,42,full_language,,aem,false,Arem,,,,[],[],"{""vi"": 42}",vi,gần,adj,2296,kừnh,,,vi,trời,noun,4079,tlơơi,,,vi,máu,noun,5911,máu,,
"de,lb",42,multiple_languages,,,false,,,,,[],"[{""input"": ""de"", ""classification"": ""full_language"", ""canonical"": ""de"", ""name"": ""German""}, {""input"": ""lb"", ""classification"": ""full_language"", ""canonical"": ""lb"", ""name"": ""Luxembourgish""}]","{""en"": 42}",en,all,det,407,all,,,en,out,adv,583,aus,,,en,man,noun,2309,Mann,,
to,42,full_language,,to,false,Tongan,,,,[],[],"{""ca"": 1, ""da"": 1, ""de"": 1, ""en"": 17, ""eo"": 1, ""es"": 3, ""fi"": 2, ""hu"": 1, ""id"": 2, ""nb"": 2, ""nl"": 2, ""pl"": 1, ""pt"": 3, ""ru"": 2, ""sv"": 2, ""uk"": 1}",de,Tabu,noun,23357,tapu,,,es,tabú,adj,36145,tapu,,,es,tonga,noun,64768,Tonga,,
yxg,42,full_language,,yxg,false,Yagara,,,,[],[],"{""en"": 42}",en,Tor-bul,name,407841,Tor-bul,,,en,Indooroopilly,name,502934,nyindurupilli,,,en,Indooroopilly,name,502934,nyindur,,
+clipping,41,template_marker,,,false,,,,,[],[],"{""fi"": 5, ""nl"": 6, ""pl"": 30}",nl,auto,noun,1152,nl,,,nl,auto,noun,1152,automobiel,,,nl,trans,adj,16288,nl,,
egx-dem,41,full_language,,egx-dem,false,Demotic Egyptian,,,,[],[],"{""cs"": 1, ""el"": 1, ""en"": 18, ""es"": 1, ""fr"": 1, ""id"": 2, ""it"": 1, ""la"": 6, ""nb"": 1, ""nl"": 1, ""ro"": 3, ""ru"": 1, ""tr"": 2, ""uk"": 2}",fr,barge,noun,50802,br,,,el,βάρκα,noun,6506,br,,,es,oasis,noun,32093,wḥj,,
es-PH,41,etymology_only,supported,es-PH,false,Philippine Spanish,es,es,Spanish,"[""es-PH"", ""es""]",[],"{""en"": 41}",en,pasta,noun,154161,pasta,,,en,yaya,noun,319370,yaya,,,en,Cinco,name,351111,Cinco,,
ht,40,full_language,,ht,false,Haitian Creole,,,,[],[],"{""en"": 22, ""es"": 1, ""fr"": 11, ""nb"": 2, ""nl"": 1, ""pl"": 2, ""sv"": 1}",fr,reste-avec,noun,1047,restavek,,,fr,Gros Michel,noun,5827,fig,,,fr,bail,noun,15513,bagay,,
ohu,40,full_language,,ohu,false,Old Hungarian,,,,[],[],"{""cs"": 1, ""de"": 1, ""en"": 2, ""hu"": 32, ""pl"": 1, ""ro"": 3}",de,Zimbal,noun,184214,cimbale,,,en,Zips,name,354557,Schypis,,,ro,bujor,noun,15659,bazsár,,
pdt,40,full_language,,pdt,false,Plautdietsch,,,,[],[],"{""ca"": 2, ""da"": 2, ""de"": 14, ""en"": 10, ""fi"": 1, ""nb"": 1, ""nl"": 9, ""sv"": 1}",de,reich,adj,3475,rikj,,,de,Hoffnung,noun,4460,Hopninj,,,de,Gefäß,noun,32863,Jefäss,,
smj,40,full_language,,smj,false,Lule Sami,,,,[],[],"{""eo"": 1, ""fi"": 25, ""hu"": 6, ""sv"": 8}",sv,Jokkmokk,name,23977,Jåhkåmåhkke,,,sv,Jokkmokk,name,23977,mourkke,,,sv,Arvidsjaur,name,27871,Árviesjávrrie,,
sms,40,full_language,,sms,false,Skolt Sami,,,,[],[],"{""en"": 4, ""fi"": 30, ""pl"": 2, ""ru"": 4}",en,king,noun,13372,koonǥõs,,,en,worm,noun,181078,uʹrmm,,,pl,mors,noun,38982,moršša,,
xpu,40,full_language,,xpu,false,Punic,,,,[],[],"{""ca"": 2, ""en"": 9, ""la"": 26, ""nl"": 1, ""pl"": 1, ""pt"": 1}",en,Barca,name,247737,𐤁𐤓𐤒,,,en,Hannibal,name,247958,𐤇𐤍𐤁𐤏𐤋,,,en,Tangier,name,381214,𐤕𐤍𐤂,,
"ga,gd",39,multiple_languages,,,false,,,,,[],"[{""input"": ""ga"", ""classification"": ""full_language"", ""canonical"": ""ga"", ""name"": ""Irish""}, {""input"": ""gd"", ""classification"": ""full_language"", ""canonical"": ""gd"", ""name"": ""Scottish Gaelic""}]","{""ca"": 1, ""en"": 38}",en,work,noun,1577,fearg,,,en,head,noun,4944,cuach,,,en,king,noun,13372,gin,,
gmq-scy,39,full_language,,gmq-scy,false,Scanian,,,,[],[],"{""da"": 4, ""en"": 32, ""nl"": 1, ""sv"": 2}",en,get,verb,740,gida,,,en,say,verb,1862,siğa,,,en,night,noun,3792,nøtt,,
ha,39,full_language,,ha,false,Hausa,,,,[],[],"{""en"": 35, ""fi"": 1, ""fr"": 1, ""pt"": 2}",fr,haoussa,noun,82443,Hausa,,,en,bogus,adj,244029,boko,,,en,Boko,name,270406,boko,,
och,39,full_language,,och,false,Old Chinese,,,,[],[],"{""en"": 21, ""es"": 1, ""id"": 1, ""it"": 1, ""la"": 4, ""ru"": 2, ""tr"": 1, ""vi"": 8}",es,China,name,3355,秦,,,it,Cina,name,4388,秦,,,en,dong,noun,177648,銅,,
sea,39,full_language,,sea,false,Semai,,,,[],[],"{""en"": 2, ""id"": 1, ""vi"": 36}",en,Temiar,noun,1348784,Temiir,,,id,gabah,noun,18429,ba,,,vi,công,noun,95,kuwok,,
+bf,38,template_marker,,,false,,,,,[],[],"{""nl"": 2, ""pl"": 32, ""ru"": 2, ""uk"": 2}",nl,correleren,verb,68705,nl,,,nl,correleren,verb,68705,correlatie,,,pl,życzyć,verb,17834,pl,,
alq,38,full_language,,alq,false,Algonquin,,,,[],[],"{""da"": 1, ""en"": 16, ""eo"": 3, ""fi"": 1, ""fr"": 15, ""la"": 1, ""pl"": 1}",fr,Québec,name,2075,kepék,,,fr,Abitibi,name,42845,abi'ta-bi-g,,,fr,Abitibi,name,42845,abi'ta,,
arq,38,full_language,,arq,false,Algerian Arabic,,,,[],[],"{""ca"": 1, ""da"": 1, ""de"": 1, ""en"": 9, ""fr"": 24, ""it"": 1, ""sv"": 1}",fr,Alger,name,17660,الجزائر,,,fr,niquer,verb,31212,نيك,,,fr,wesh,intj,45299,واش راك,,
dak,38,full_language,,dak,false,Dakota,,,,[],[],"{""en"": 34, ""eo"": 1, ""fr"": 1, ""pl"": 1, ""pt"": 1}",fr,Cheyenne,noun,60408,šahíyena,,,en,Cloud,name,69116,mahpiya,,,en,Iowa,name,86400,ayúxba,,
ig,38,full_language,,ig,false,Igbo,,,,[],[],"{""en"": 34, ""es"": 2, ""fi"": 1, ""ru"": 1}",es,chévere,adj,61357,sebede,,,en,Kanye,name,182219,Kanye,,,en,Imo,name,192355,Imo,,
lld,38,full_language,,lld,false,Ladin,,,,[],[],"{""ca"": 5, ""de"": 3, ""en"": 4, ""fr"": 5, ""hu"": 1, ""it"": 13, ""ro"": 7}",fr,être,verb,218,esse,,,fr,tôt,adv,4200,tosc,,,fr,chien,noun,5191,cian,,
xfa,38,full_language,,xfa,false,Faliscan,,,,[],[],"{""en"": 11, ""la"": 26, ""nb"": 1}",en,low,adj,8595,𐌋𐌄𐌂𐌄𐌕,,,en,hell,name,16256,𐌂𐌄𐌋𐌀,,,en,lie,verb,31446,𐌋𐌄𐌂𐌄𐌕,,
axm,37,full_language,,axm,false,Middle Armenian,,,,[],[],"{""ca"": 1, ""el"": 1, ""en"": 4, ""es"": 1, ""la"": 5, ""pt"": 2, ""ro"": 1, ""tr"": 22}",el,μουντζούρα,noun,80665,մոծիր,,,es,tahúr,noun,125397,թագւոր,,,en,Van,name,36151,Վան,,
bal,37,full_language,,bal,false,Baluchi,,,,[],[],"{""en"": 34, ""la"": 1, ""pt"": 1, ""ru"": 1}",en,new,adj,796,نوک,,,en,now,adj,918,نون,,,en,right,adj,1579,راست,,
kpm,37,full_language,,kpm,false,Koho,,,,[],[],"{""vi"": 37}",vi,ngày,noun,153,töngai,,,vi,ít,det,3440,it,,,vi,cây,noun,3579,köl,,
ltg,37,full_language,,ltg,false,Latgalian,,,,[],[],"{""en"": 35, ""la"": 1, ""ru"": 1}",en,first,adj,1069,pyrmais,,,en,south,noun,6966,saule,,,en,heart,noun,9135,sirds,,
mic,37,full_language,,mic,false,Mi'kmaq,,,,[],[],"{""ca"": 1, ""en"": 26, ""es"": 1, ""fr"": 7, ""nl"": 1, ""pt"": 1}",fr,Acadie,name,43256,akadie,,,fr,caribou,noun,53819,qalipu,,,fr,Canso,name,128845,gamso'q,,
pim,37,full_language,,pim,false,Powhatan,,,,[],[],"{""de"": 1, ""en"": 24, ""es"": 1, ""fi"": 1, ""fr"": 1, ""nb"": 1, ""nl"": 2, ""pl"": 3, ""tr"": 2, ""uk"": 1}",fr,tomahawk,noun,75502,tumahák,,,de,Mokassin,noun,135761,makasin,,,es,mocasín,noun,146412,mockasins,,
ak,36,full_language,,ak,false,Akan,,,,[],[],"{""en"": 33, ""es"": 1, ""fi"": 1, ""pt"": 1}",es,harmatán,noun,582751,haramata,,,en,mama,noun,100200,mmá,,,en,Accra,name,312269,Nkran,,
"en,fr",36,multiple_languages,,,false,,,,,[],"[{""input"": ""en"", ""classification"": ""full_language"", ""canonical"": ""en"", ""name"": ""English""}, {""input"": ""fr"", ""classification"": ""full_language"", ""canonical"": ""fr"", ""name"": ""French""}]","{""ca"": 2, ""da"": 1, ""de"": 1, ""el"": 1, ""eo"": 5, ""es"": 1, ""fr"": 1, ""gl"": 1, ""it"": 3, ""la"": 1, ""nb"": 1, ""nl"": 1, ""pt"": 5, ""ro"": 2, ""ru"": 1, ""sv"": 7, ""tr"": 1, ""uk"": 1}",fr,Aubin,name,39712,Albin,,,el,Καναδάς,name,10533,Canada,,,de,Kanada,name,10423,Canada,,
en-US,36,etymology_only,supported,en-US,false,American English,en-NNN,en,English,"[""en-US"", ""en-NNN"", ""en""]",[],"{""ca"": 1, ""da"": 5, ""de"": 9, ""en"": 3, ""fr"": 3, ""id"": 1, ""it"": 1, ""nb"": 3, ""pl"": 3, ""ru"": 3, ""sv"": 1, ""vi"": 3}",fr,cheeseburger,noun,87719,cheeseburger,,,fr,hydrant,noun,161492,hydrant,,,fr,fishburger,noun,195976,fishburger,,
evn,36,full_language,,evn,false,Evenki,,,,[],[],"{""ca"": 2, ""da"": 1, ""en"": 9, ""es"": 1, ""fi"": 2, ""fr"": 1, ""hu"": 1, ""it"": 1, ""nl"": 1, ""pl"": 2, ""pt"": 1, ""ru"": 8, ""tr"": 6}",fr,chaman,noun,63708,шаман,,,es,chamán,noun,56697,шама̄н,,,it,sciamano,noun,45979,шама̄н,,
koi,36,full_language,,koi,false,Komi-Permyak,,,,[],[],"{""en"": 2, ""fi"": 14, ""hu"": 17, ""ru"": 3}",en,cottage,noun,140125,керку,,,ru,Пермь,name,9545,Перем,,,ru,мымра,noun,156797,мыныра,,
mnk,36,full_language,,mnk,false,Mandinka,,,,[],[],"{""ca"": 1, ""en"": 16, ""eo"": 3, ""es"": 4, ""fr"": 4, ""nb"": 4, ""nl"": 1, ""pt"": 3}",fr,djembé,noun,87904,jembe,,,fr,mandingue,adj,89057,Mandinka,,,fr,balafon,noun,118178,balafoŋo,,
mus,36,full_language,,mus,false,Creek,,,,[],[],"{""en"": 36}",en,Beaver,name,210675,Echaswvlke,,,en,Tulsa,name,235177,Tallasi,,,en,Wichita,noun,244483,we-chate,,
rmu,36,full_language,,rmu,false,Tavringer Romani,,,,[],[],"{""en"": 4, ""nb"": 1, ""sv"": 31}",en,shack,noun,243993,hak,,,en,mucker,noun,513977,mucka,,,sv,-o,suffix,1038,-o,,
smn,36,full_language,,smn,false,Inari Sami,,,,[],[],"{""en"": 3, ""fi"": 32, ""pt"": 1}",en,king,noun,13372,kunâgâs,,,en,Ivalo,name,627111,Avveel,,,pt,Ivalo,name,166937,Avveel,,
fj,35,full_language,,fj,false,Fijian,,,,[],[],"{""ca"": 1, ""da"": 1, ""de"": 3, ""en"": 12, ""es"": 1, ""fi"": 1, ""fr"": 1, ""id"": 8, ""nb"": 1, ""nl"": 1, ""pt"": 2, ""ro"": 1, ""sv"": 1, ""tr"": 1}",fr,Fidji,name,43453,Viti Levu,,,de,Fidschi,name,52650,Viti Levu,,,de,Fidji,name,161356,Viti Levu,,
hil,35,full_language,,hil,false,Hiligaynon,,,,[],[],"{""en"": 22, ""es"": 8, ""id"": 5}",es,bata,noun,34049,bata,,,es,asuán,noun,120451,aswang,,,es,mananguete,noun,666193,mananggit,,
lg,35,full_language,,lg,false,Luganda,,,,[],[],"{""ca"": 1, ""cs"": 1, ""de"": 1, ""el"": 1, ""en"": 10, ""eo"": 2, ""es"": 1, ""fi"": 1, ""fr"": 1, ""hu"": 1, ""id"": 3, ""it"": 1, ""la"": 1, ""nb"": 1, ""nl"": 1, ""pl"": 1, ""pt"": 1, ""ro"": 1, ""ru"": 1, ""sv"": 1, ""tr"": 1, ""uk"": 1, ""vi"": 1}",fr,Ouganda,name,35705,Buganda,,,el,Ουγκάντα,name,18329,Buganda,,,de,Uganda,name,33560,Buganda,,
ay,34,full_language,,ay,false,Aymara,,,,[],[],"{""ca"": 1, ""da"": 1, ""de"": 1, ""en"": 12, ""es"": 8, ""fi"": 1, ""fr"": 1, ""id"": 1, ""it"": 1, ""nb"": 1, ""nl"": 1, ""pl"": 2, ""pt"": 2, ""ro"": 1}",fr,alpaga,noun,82635,allpaqa,,,de,Alpaka,noun,74340,allpaqa,,,es,coca,noun,11729,kuka,,
dv,34,full_language,,dv,false,Dhivehi,,,,[],[],"{""da"": 1, ""de"": 1, ""en"": 21, ""eo"": 1, ""es"": 1, ""fi"": 1, ""fr"": 1, ""id"": 1, ""it"": 1, ""la"": 1, ""nb"": 1, ""nl"": 1, ""pt"": 1, ""ro"": 1}",fr,atoll,noun,64953,އަތޮޅު,,,de,Atoll,noun,74919,އަތޮޅު,,,es,atolón,noun,91744,އަތޮޅު,,
krc,34,full_language,,krc,false,Karachay-Balkar,,,,[],[],"{""en"": 1, ""ro"": 1, ""ru"": 7, ""tr"": 23, ""uk"": 2}",en,aul,noun,449011,ауул,,,ro,Chișinău,name,1318,kešene,,,ru,Китай,name,3006,Къытай,,
non-own,34,etymology_only,external,non-own,false,Old West Norse,non,non,Old Norse,"[""non-own"", ""non""]",[],"{""da"": 4, ""fi"": 3, ""nb"": 5, ""ru"": 1, ""sv"": 21}",sv,är,verb,0,es,,,sv,jag,pron,13,ek,,,sv,helvete,noun,1554,í hel,,
pnt,34,full_language,,pnt,false,Pontic Greek,,,,[],[],"{""el"": 19, ""ro"": 1, ""tr"": 14}",el,πάντα,adv,213,πάντα,,,el,Πόλη,name,390,Πόλη,,,el,νερό,noun,599,νερόν,,
wam,34,full_language,,wam,false,Massachusett,,,,[],[],"{""da"": 1, ""en"": 32, ""eo"": 1}",en,Mount Hope,name,73126,Montaup,,,en,Massachusetts,name,89426,Muhsachuweesut,,,en,Massachusetts,name,89426,muhs,,
"ca,es",33,multiple_languages,,,false,,,,,[],"[{""input"": ""ca"", ""classification"": ""full_language"", ""canonical"": ""ca"", ""name"": ""Catalan""}, {""input"": ""es"", ""classification"": ""full_language"", ""canonical"": ""es"", ""name"": ""Spanish""}]","{""en"": 1, ""fr"": 7, ""it"": 7, ""pt"": 15, ""ro"": 3}",fr,manière,noun,2073,manera,,,fr,frontière,noun,8640,frontera,,,fr,agréable,adj,10031,agradable,,
gmq-jmk,33,full_language,,gmq-jmk,false,Jamtish,,,,[],[],"{""en"": 32, ""sv"": 1}",en,will,verb,515,vili,,,en,other,adj,957,æðnen,,,en,say,verb,1862,segi,,
non-oen,33,etymology_only,external,non-oen,false,Old East Norse,non,non,Old Norse,"[""non-oen"", ""non""]",[],"{""cs"": 1, ""da"": 9, ""en"": 1, ""fi"": 3, ""nb"": 4, ""ru"": 2, ""sv"": 12, ""uk"": 1}",en,Tavastia,name,1136234,Tafæistaland,,,sv,är,verb,0,ᛁᛦ,,,sv,djur,noun,2728,diūʀ,,
sjd,33,full_language,,sjd,false,Kildin Sami,,,,[],[],"{""en"": 7, ""fi"": 9, ""hu"": 1, ""id"": 1, ""it"": 1, ""nb"": 1, ""nl"": 1, ""ru"": 11, ""sv"": 1}",it,tundra,noun,86558,тӯннтрэ,,,en,king,noun,13372,коа̄нгэсс,,,en,cottage,noun,140125,куэдтҍ,,
ace,32,full_language,,ace,false,Acehnese,,,,[],[],"{""en"": 5, ""fi"": 1, ""id"": 23, ""vi"": 3}",en,gecko,noun,333633,gèh-gòh,,,en,Aceh,name,381008,Acèh,,,en,suling,noun,648757,suléng,,
ain,32,full_language,,ain,false,Ainu,,,,[],[],"{""en"": 21, ""es"": 1, ""fi"": 1, ""pt"": 2, ""ru"": 6, ""vi"": 1}",es,Sapporo,name,94310,サッ・ポロ・ペッ,,,en,cottage,noun,140125,コタン,,,en,Sapporo,name,385867,サッ・ポロ・ペッ,,
cjm,32,full_language,,cjm,false,Eastern Cham,,,,[],[],"{""en"": 4, ""fr"": 2, ""id"": 4, ""vi"": 22}",fr,cham,adj,49255,Cam,,,en,Da Nang,name,357858,Da Nak,,,en,Cham,noun,366925,ꨌꩌ,,
kwk,32,full_language,,kwk,false,Kwak'wala,,,,[],[],"{""en"": 32}",en,We Wai Kai,noun,313735,Wiweqey,,,en,Wei Wai Kum,noun,431929,Wiweqəm,,,en,Kwakiutl,noun,540824,Kwagu'ł,,
nuk,32,full_language,,nuk,false,Nootka,,,,[],[],"{""en"": 30, ""fr"": 1, ""ru"": 1}",fr,potlatch,noun,115657,p̕ačiƛ,,,en,camas,noun,453672,qawaš,,,en,Nootka,noun,457147,nuutkaa,,
ask,31,full_language,,ask,false,Ashkun,,,,[],[],"{""en"": 23, ""es"": 7, ""la"": 1}",es,cuanto,pron,1720,ćīt,,,es,cuánto,adv,5586,ćī́t,,,es,viviente,adj,30055,źit,,
chn,31,full_language,,chn,false,Chinook Jargon,,,,[],[],"{""en"": 29, ""fr"": 1, ""ru"": 1}",fr,potlatch,noun,115657,potlatch,,,en,Oregon,name,90992,ulakan,,,en,the sticks,noun,116484,stick,,
gez,31,full_language,,gez,false,Ge'ez,,,,[],[],"{""de"": 1, ""en"": 22, ""fi"": 1, ""fr"": 1, ""la"": 3, ""ru"": 1, ""tr"": 2}",fr,guèze,noun,151764,ግዕዝ,,,de,Hamasien,name,332825,ሐማሴን,,,en,Beta Israel,name,124058,ቤተ እስራኤል,,
"it,es",31,multiple_languages,,,false,,,,,[],"[{""input"": ""it"", ""classification"": ""full_language"", ""canonical"": ""it"", ""name"": ""Italian""}, {""input"": ""es"", ""classification"": ""full_language"", ""canonical"": ""es"", ""name"": ""Spanish""}]","{""ca"": 4, ""en"": 5, ""eo"": 1, ""fr"": 6, ""gl"": 1, ""pt"": 13, ""ro"": 1}",fr,du,contraction,58,del,,,fr,sauf,adj,3129,salvo,,,fr,coûteux,adj,26162,costoso,,
la-con,31,etymology_only,supported,la-con,false,Contemporary Latin,la-new,la,Latin,"[""la-con"", ""la-new"", ""la""]",[],"{""en"": 4, ""la"": 27}",en,Atomium,name,624774,Atomium,,,en,profestrix,noun,1199411,profestrīx,,,en,profestrices,noun,1374844,profestrīcēs,,
roa-brg,31,full_language,,roa-brg,false,Bourguignon,,,,[],[],"{""fr"": 30, ""it"": 1}",fr,nous,pron,200,i,,,fr,être,verb,218,étre,,,fr,ils,pron,225,âs,,
ty,31,full_language,,ty,false,Tahitian,,,,[],[],"{""en"": 19, ""fr"": 7, ""id"": 2, ""nb"": 1, ""pl"": 1, ""sv"": 1}",fr,fare,noun,66807,fare,,,fr,Maeva,name,75546,maeva,,,fr,monoï,noun,94465,monoʻi,,
cho,30,full_language,,cho,false,Choctaw,,,,[],[],"{""en"": 20, ""eo"": 1, ""es"": 2, ""fr"": 6, ""pl"": 1}",fr,sac-à-lait,noun,12198,sakli,,,fr,bayou,noun,61328,bayuk,,,fr,chaoui,noun,82410,shaui,,
khb,30,full_language,,khb,false,Lü,,,,[],[],"{""en"": 5, ""id"": 1, ""vi"": 24}",en,mong,noun,320621,ᦵᦙᦲᧂ,,,en,Mohan,name,329531,ᦢᦸᧈᦠᦱᧃ,,,en,muang,noun,466833,ᦵᦙᦲᧂ,,
naq,30,full_language,,naq,false,Khoekhoe,,,,[],[],"{""de"": 1, ""el"": 1, ""en"": 16, ""fi"": 2, ""id"": 3, ""it"": 2, ""nb"": 2, ""nl"": 3}",el,Ναμίμπια,name,17438,namib,,,de,Dagga,noun,182811,daxab,,,it,quagga,noun,149060,ǁkoaah,,
roa-gal,30,full_language,,roa-gal,false,Gallo,,,,[],[],"{""fr"": 30}",fr,et,conj,10,et,,,fr,vous,pron,142,vouz,,,fr,nous,pron,200,je,,
sat,30,full_language,,sat,false,Santali,,,,[],[],"{""en"": 4, ""vi"": 26}",en,Ol Chiki,name,537118,ᱚᱞ ᱪᱤᱠᱤ,,,en,Ol Cemet',name,704150,ᱚᱞ ᱪᱮᱢᱮᱫ,,,en,Santali,name,704191,ᱥᱟᱱᱛᱟᱲᱤ,,
sn,30,full_language,,sn,false,Shona,,,,[],[],"{""cs"": 1, ""el"": 1, ""en"": 14, ""eo"": 1, ""fi"": 1, ""hu"": 1, ""id"": 1, ""it"": 1, ""nb"": 1, ""nl"": 1, ""pl"": 1, ""pt"": 2, ""ru"": 2, ""sv"": 1, ""vi"": 1}",el,Ζιμπάμπουε,name,16247,dzimba-dze-mabwe,,,it,Zimbabwe,name,36747,dzimba-dze-mabwe,,,en,Zimbabwe,name,188434,dzimba-dze-mabwe,,
lkt,29,full_language,,lkt,false,Lakota,,,,[],[],"{""ca"": 1, ""en"": 23, ""fi"": 1, ""id"": 1, ""nb"": 1, ""pl"": 2}",en,how,intj,826,háu,,,en,Bird,name,50179,ziŋtkala,,,en,Minnesota,name,89377,mní šóta,,
moe,29,full_language,,moe,false,Montagnais,,,,[],[],"{""en"": 21, ""fr"": 7, ""nb"": 1}",fr,La Romaine,name,16623,unamen,,,fr,Chicoutimi,name,47664,eshko-timiw,,,fr,manitou,noun,66507,manito꞉w,,
swg,29,full_language,,swg,false,Swabian,,,,[],[],"{""de"": 11, ""en"": 15, ""id"": 1, ""la"": 1, ""nl"": 1}",de,galt,adj,7995,gall,,,de,Abkürzung,noun,21849,Abkirrzung,,,de,heikel,adj,39383,haikel,,
thm,29,full_language,,thm,false,Thavung,,,,[],[],"{""vi"": 29}",vi,con,noun,237,กอน,,,vi,tay,noun,793,ซี,,,vi,cá,noun,1509,ก้า,,
wbk,29,full_language,,wbk,false,Waigali,,,,[],[],"{""en"": 17, ""es"": 7, ""la"": 4, ""ru"": 1}",es,cuanto,pron,1720,kiti,,,es,cuánto,adv,5586,kiti,,,es,viviente,adj,30055,ǰit,,
xnt,29,full_language,,xnt,false,Narragansett,,,,[],[],"{""en"": 28, ""nl"": 1}",en,squash,noun,206920,askutasquash,,,en,squash,noun,206920,askut,,,en,squash,noun,206920,asquash,,
yrl,29,full_language,,yrl,false,Nheengatu,,,,[],[],"{""en"": 7, ""it"": 1, ""pt"": 21}",it,muirapuama,noun,618540,mirá,,,en,arowana,noun,562982,arawanã,,,en,candiru,noun,598493,kandirú,,
bug,28,full_language,,bug,false,Buginese,,,,[],[],"{""en"": 11, ""id"": 17}",en,two,num,1098,ᨉᨘᨓ,,,en,Merdeka,noun,418415,ᨆᨑᨉᨙᨀ,,,en,Bugis,noun,479247,ᨓᨘᨁᨗ,,
pox,28,full_language,,pox,false,Polabian,,,,[],[],"{""de"": 10, ""en"": 7, ""pl"": 1, ""ru"": 7, ""uk"": 3}",de,Berlin,name,675,poro,,,de,Lübeck,name,14694,Liubice,,,de,Lauenburg,name,41335,Lave,,
xh,28,full_language,,xh,false,Xhosa,,,,[],[],"{""en"": 27, ""nl"": 1}",en,mama,noun,100203,umama,,,en,mali,noun,225706,imali,,,en,Mandela,name,248266,Mandela,,
za,28,full_language,,za,false,Zhuang,,,,[],[],"{""en"": 1, ""vi"": 27}",en,Sawndip,name,959658,Sawndip,,,vi,đi,verb,207,bae,,,vi,hôm,noun,3829,haemh,,
ale,27,full_language,,ale,false,Aleut,,,,[],[],"{""cs"": 1, ""de"": 2, ""el"": 1, ""en"": 14, ""eo"": 1, ""es"": 1, ""fi"": 1, ""fr"": 1, ""pl"": 1, ""pt"": 1, ""ru"": 2, ""sv"": 1}",fr,Alaska,name,34300,alaxsxaq,,,el,Αλάσκα,name,10888,alaxsxaq,,,de,Alaska,name,30305,alaxsxaq,,
kne,27,full_language,,kne,false,Kankanaey,,,,[],[],"{""en"": 26, ""es"": 1}",es,Payquec,name,807991,pekek,,,en,Data,name,8504,Data,,,en,Cuba,name,117804,Cuba,,
zza,27,full_language,,zza,false,Zazaki,,,,[],[],"{""de"": 1, ""en"": 20, ""fi"": 1, ""fr"": 1, ""hu"": 1, ""tr"": 3}",fr,zazaki,noun,371289,Zazakî,,,de,Babo,noun,67296,babo,,,en,new,adj,796,newe,,
"be,ru",26,multiple_languages,,,false,,,,,[],"[{""input"": ""be"", ""classification"": ""full_language"", ""canonical"": ""be"", ""name"": ""Belarusian""}, {""input"": ""ru"", ""classification"": ""full_language"", ""canonical"": ""ru"", ""name"": ""Russian""}]","{""en"": 8, ""uk"": 18}",en,moon,name,43006,ме́сяц,,,en,egg,noun,68659,яйцо́,,,en,tongue,noun,80412,язык,,
enm-esc,26,etymology_only,external,enm-esc,false,Early Scots,enm,enm,Middle English,"[""enm-esc"", ""enm""]",[],"{""en"": 26}",en,Stewart,name,98660,stewart,,,en,reset,noun,170359,reset,,,en,bunker,noun,199636,bunker,,
hur,26,full_language,,hur,false,Halkomelem,,,,[],[],"{""en"": 25, ""fr"": 1}",fr,Nanaimo,name,99965,Snuneymuxw,,,en,sasquatch,noun,370935,sásq’ets,,,en,Nanaimo,name,397186,Snuneymuxw,,
iba,26,full_language,,iba,false,Iban,,,,[],[],"{""en"": 1, ""id"": 25}",en,langkau,noun,1195465,langkau,,,id,mereka,pron,74,sida,,,id,baik,adj,85,baik,,
lre,26,full_language,,lre,false,Laurentian,,,,[],[],"{""ca"": 1, ""da"": 1, ""de"": 1, ""el"": 1, ""en"": 6, ""eo"": 1, ""es"": 1, ""fi"": 1, ""fr"": 1, ""gl"": 1, ""la"": 1, ""nb"": 1, ""nl"": 1, ""pl"": 1, ""pt"": 1, ""ro"": 1, ""ru"": 1, ""sv"": 1, ""tr"": 1, ""uk"": 1, ""vi"": 1}",fr,Canada,name,2846,kanata,,,el,Καναδάς,name,10533,kanata,,,de,Kanada,name,10423,kanata,,
ruo,26,full_language,,ruo,false,Istro-Romanian,,,,[],[],"{""en"": 2, ""fr"": 7, ""hu"": 1, ""ro"": 16}",fr,être,verb,218,fi,,,fr,autre,adj,445,åt,,,fr,pouvoir,verb,1219,putę,,
bm,25,full_language,,bm,false,Bambara,,,,[],[],"{""de"": 1, ""en"": 10, ""eo"": 1, ""fi"": 3, ""fr"": 6, ""sv"": 4}",fr,go,noun,10645,go,,,fr,Bamako,name,36393,Bamakɔ,,,fr,Ségou,name,75368,Segu,,
gmq-gut,25,full_language,,gmq-gut,false,Gutnish,,,,[],[],"{""en"": 17, ""fi"": 2, ""nl"": 3, ""sv"": 3}",en,high,adj,2789,haugar,,,en,word,noun,10412,ård,,,en,star,noun,12628,stjännå,,
ny,25,full_language,,ny,false,Chichewa,,,,[],[],"{""en"": 12, ""eo"": 1, ""es"": 1, ""fi"": 1, ""id"": 3, ""nb"": 2, ""pl"": 1, ""pt"": 3, ""ru"": 1}",es,Lilongüe,name,170586,Lilongwe,,,en,Malawi,name,262105,lawi,malawi,,en,Lilongwe,name,455174,Lilongwe,,
sma,25,full_language,,sma,false,Southern Sami,,,,[],[],"{""en"": 2, ""eo"": 1, ""fi"": 16, ""hu"": 2, ""sv"": 4}",en,cottage,noun,140125,gåetie,,,sv,kåta,noun,18039,gåetie,,,sv,kofta,noun,27973,gåptoe,,
xbc,25,full_language,,xbc,false,Bactrian,,,,[],[],"{""en"": 19, ""es"": 2, ""fr"": 1, ""it"": 1, ""la"": 2}",fr,khédivat,noun,392294,χοαδηο,,,es,afgano,adj,57500,αβαγανο,,,it,sho,noun,83417,ϸ,,
apc,24,full_language,,apc,false,North Levantine Arabic,,,,[],[],"{""en"": 15, ""fr"": 1, ""pt"": 1, ""ro"": 1, ""tr"": 6}",fr,Gemayel,name,101077,جميل,,,en,Homs,name,344422,حمص,,,en,Hums,name,403272,حمص,,
ch,24,full_language,,ch,false,Chamorro,,,,[],[],"{""en"": 11, ""es"": 1, ""id"": 9, ""la"": 1, ""pl"": 1, ""ru"": 1}",es,Agaña,name,425356,Hagåtña,,,en,Guam,name,276518,Guåhan,,,en,Saipan,name,384660,Saipan,,
dyu,24,full_language,,dyu,false,Dyula,,,,[],[],"{""ca"": 1, ""cs"": 1, ""da"": 1, ""de"": 1, ""en"": 2, ""es"": 1, ""fi"": 1, ""fr"": 2, ""hu"": 1, ""id"": 4, ""it"": 1, ""nb"": 2, ""nl"": 1, ""pl"": 2, ""ro"": 1, ""sv"": 1, ""tr"": 1}",fr,Burkina Faso,name,34976,faso,,,fr,tô,noun,99197,too,,,de,Burkina Faso,name,67368,faso,,
kaa,24,full_language,,kaa,false,Karakalpak,,,,[],[],"{""en"": 4, ""fi"": 1, ""ro"": 1, ""ru"": 2, ""tr"": 16}",en,koulan,noun,706560,qulan,,,en,Karakalpak,name,734631,qaraqalpaq,,,en,Karakalpakstan,name,1237865,Qaraqalpaqstan,,
kok,24,full_language,,kok,false,Konkani,,,,[],[],"{""en"": 20, ""id"": 1, ""pt"": 3}",en,Goa,name,249455,गोंय,,,en,pav,noun,406937,पाव,,,en,sanna,noun,432688,सान्नां,,
mia,24,full_language,,mia,false,Miami,,,,[],[],"{""ca"": 1, ""en"": 14, ""eo"": 3, ""fr"": 2, ""it"": 1, ""pl"": 3}",fr,Missouri,name,38082,wimihsoorita,,,fr,Ouisconsin,name,394543,meeskohsinki,,,it,Chicago,name,14738,šikaakwa,,
mos,24,full_language,,mos,false,Moore,,,,[],[],"{""ca"": 1, ""cs"": 1, ""da"": 1, ""de"": 1, ""en"": 5, ""es"": 1, ""fi"": 1, ""fr"": 3, ""hu"": 1, ""id"": 1, ""it"": 1, ""nb"": 1, ""nl"": 1, ""pl"": 2, ""ro"": 1, ""sv"": 1, ""tr"": 1}",fr,Burkina Faso,name,34976,burkĩna,,,fr,Ouagadougou,name,44656,Waogdgo,,,fr,zaï,noun,108861,zaï,,
nan,24,full_language,,nan,false,Min Nan,,,,[],[],"{""en"": 10, ""fr"": 1, ""id"": 10, ""vi"": 3}",fr,youyou,noun,110814,搖搖,,,en,Boo,name,154266,巫,,,en,kolo mee,noun,423056,哥羅麵,,
pau,24,full_language,,pau,false,Palauan,,,,[],[],"{""cs"": 2, ""de"": 1, ""en"": 4, ""eo"": 1, ""es"": 2, ""fi"": 1, ""fr"": 1, ""hu"": 1, ""id"": 3, ""it"": 1, ""nb"": 1, ""pl"": 1, ""pt"": 1, ""ru"": 2, ""sv"": 1, ""uk"": 1}",fr,Palaos,name,97887,Belau,,,de,Palau,name,85517,Belau,,,es,Palaos,name,123719,Belau,,
prn,24,full_language,,prn,false,Prasuni,,,,[],[],"{""en"": 22, ""la"": 2}",en,new,adj,796,unü,,,en,long,adj,2383,jigni,,,en,name,noun,3789,nom,,
tew,24,full_language,,tew,false,Tewa,,,,[],[],"{""en"": 18, ""eo"": 1, ""es"": 1, ""fi"": 1, ""pt"": 3}",es,chimayó,noun,756544,Tsi Mayoh,,,en,Navajo,noun,276700,navahúuˀu,,,en,Tewa,adj,528422,Téwa,,
tpi,24,full_language,,tpi,false,Tok Pisin,,,,[],[],"{""en"": 21, ""id"": 2, ""vi"": 1}",en,me fellow,pron,38707,mipela,,,en,belong,prep,79173,bilong,,,en,sing-sing,noun,100744,singsing,,
zng,24,full_language,,zng,false,Mang,,,,[],[],"{""vi"": 24}",vi,nhà,noun,168,ɲua⁶,,,vi,đất,noun,1268,teː⁶,,,vi,cá,noun,1509,ʔaː¹,,
ee,23,full_language,,ee,false,Ewe,,,,[],[],"{""en"": 9, ""fi"": 1, ""id"": 3, ""it"": 1, ""nb"": 2, ""nl"": 3, ""pt"": 3, ""sv"": 1}",it,agama,noun,175454,agama,,,en,voodoo,noun,245906,vódũ,,,en,Togo,name,318720,to,,
"es,ca",23,multiple_languages,,,false,,,,,[],"[{""input"": ""es"", ""classification"": ""full_language"", ""canonical"": ""es"", ""name"": ""Spanish""}, {""input"": ""ca"", ""classification"": ""full_language"", ""canonical"": ""ca"", ""name"": ""Catalan""}]","{""en"": 1, ""fr"": 4, ""gl"": 2, ""it"": 2, ""pt"": 14}",fr,enceinte,adj,9414,encinta,,,fr,disculper,verb,67650,disculpar,,,it,imboccare,verb,57308,embocar,,
ff,23,full_language,,ff,false,Fula,,,,[],[],"{""ca"": 2, ""en"": 16, ""fi"": 2, ""fr"": 3}",fr,Konaté,name,78910,Konaté,,,fr,Mopti,name,88683,Motti,,,fr,adlam,noun,390756,Alkule Dandaydhe Leñol Mulugol,,
kky,23,full_language,,kky,false,Guugu Yimidhirr,,,,[],[],"{""ca"": 2, ""da"": 1, ""de"": 1, ""en"": 4, ""es"": 2, ""fi"": 1, ""fr"": 1, ""hu"": 1, ""id"": 1, ""it"": 1, ""nb"": 1, ""nl"": 1, ""pl"": 1, ""pt"": 1, ""ro"": 1, ""tr"": 1, ""uk"": 1, ""vi"": 1}",fr,kangourou,noun,50789,gangurru,,,de,Känguru,noun,41484,gangurru,,,es,canguro,noun,51245,gangurru,,
mak,23,full_language,,mak,false,Makasar,,,,[],[],"{""en"": 12, ""id"": 10, ""pt"": 1}",en,koro,noun,433495,garring koro',,,en,Makassar,name,441790,Mangkasaraʼ,,,en,Bugis,noun,479247,ᨅᨘᨁᨗᨔᨗ,,
nv,23,full_language,,nv,false,Navajo,,,,[],[],"{""en"": 22, ""hu"": 1}",en,Little,name,2833,hastiin,,,en,Claw,name,215036,Claw,,,en,Chee,name,350862,Chee,,
nys,23,full_language,,nys,false,Nyunga,,,,[],[],"{""en"": 21, ""it"": 1, ""pl"": 1}",it,quokka,noun,191332,kwaka,,,en,kylie,noun,223862,kylie,,,en,marl,noun,390065,maarl,,
ryu,23,full_language,,ryu,false,Okinawan,,,,[],[],"{""cs"": 1, ""da"": 1, ""en"": 9, ""es"": 1, ""id"": 1, ""nb"": 1, ""nl"": 3, ""pt"": 1, ""ro"": 1, ""ru"": 2, ""sv"": 1, ""uk"": 1}",es,karate,noun,39154,唐手,,,en,goya,noun,374782,ごーやー,,,en,eisa,noun,473040,エイサー,,
xal,23,full_language,,xal,false,Kalmyk,,,,[],[],"{""cs"": 1, ""en"": 8, ""fi"": 1, ""hu"": 1, ""ro"": 2, ""ru"": 5, ""tr"": 5}",en,horde,noun,280167,орда,,,en,saxaul,noun,836183,за,,,en,cacholong,noun,886500,чолун,,
bcl,22,full_language,,bcl,false,Central Bikol,,,,[],[],"{""en"": 11, ""es"": 3, ""id"": 8}",es,baguio,noun,132142,bagyo,,,es,pichel,noun,153851,pitsel,,,es,hampáo,noun,760233,ampaw,,
lou,22,full_language,,lou,false,Louisiana Creole,,,,[],[],"{""en"": 9, ""fr"": 9, ""nb"": 2, ""pl"": 2}",fr,gros chien,noun,6573,gro shyin,,,fr,li,pron,15506,li,,,fr,rat de bois,noun,23922,ra-d-bwa,,
mxi,22,full_language,,mxi,false,Mozarabic,,,,[],[],"{""ca"": 6, ""es"": 10, ""gl"": 1, ""pt"": 5}",es,semilla,noun,21366,xeminio,,,es,Gálvez,name,38222,Galib,,,es,chocho,noun,54896,xauxu,,
"nn,sv",22,multiple_languages,,,false,,,,,[],"[{""input"": ""nn"", ""classification"": ""full_language"", ""canonical"": ""nn"", ""name"": ""Norwegian Nynorsk""}, {""input"": ""sv"", ""classification"": ""full_language"", ""canonical"": ""sv"", ""name"": ""Swedish""}]","{""da"": 3, ""en"": 19}",en,might,noun,3463,makt,,,en,deep,adj,18595,djup,,,en,sick,adj,28601,sjuk,,
chr,21,full_language,,chr,false,Cherokee,,,,[],[],"{""en"": 13, ""eo"": 2, ""es"": 3, ""pl"": 3}",es,cheroqui,adj,112951,ᏣᎳᎩ,,,en,Tennessee,name,104723,ᏔᎾᏏ,,,en,Tallulah,name,387909,Tallulah,,
gmw-rfr,21,full_language,,gmw-rfr,false,Rhine Franconian,,,,[],[],"{""de"": 10, ""en"": 5, ""fr"": 2, ""nl"": 3, ""pt"": 1}",fr,crotte,noun,44248,krotz,,,fr,quiche,noun,51237,Küeche,,,de,Zettel,noun,15662,Zeddel,,
gmw-tsx,21,full_language,,gmw-tsx,false,Transylvanian Saxon,,,,[],[],"{""ro"": 21}",ro,Târgu Mureș,name,4120,Nai Mark,,,ro,dop,noun,21961,Dop,,,ro,cataramă,noun,22682,Kattenramen,,
kld,21,full_language,,kld,false,Gamilaraay,,,,[],[],"{""en"": 19, ""fi"": 1, ""sv"": 1}",en,bora,noun,300414,būru,,,en,mulga,noun,523751,malga,,,en,galah,noun,545007,gilaa,,
nod,21,full_language,,nod,false,Northern Thai,,,,[],[],"{""en"": 3, ""vi"": 18}",en,mong,noun,320621,ᨾᩮᩬᩥᨦ,,,en,muang,noun,466833,ᨾᩮᩬᩥᨦ,,,en,mueang,noun,523195,ᨾᩮᩬᩥᨦ,,
ss,21,full_language,,ss,false,Swazi,,,,[],[],"{""de"": 1, ""en"": 9, ""fi"": 2, ""id"": 3, ""nb"": 3, ""nl"": 1, ""pt"": 1, ""sv"": 1}",de,Eswatini,name,323297,eSwatini,,,en,Mpumalanga,name,434431,mpumalanga,,,en,Swati,noun,448826,liSwati,,
"es,it",20,multiple_languages,,,false,,,,,[],"[{""input"": ""es"", ""classification"": ""full_language"", ""canonical"": ""es"", ""name"": ""Spanish""}, {""input"": ""it"", ""classification"": ""full_language"", ""canonical"": ""it"", ""name"": ""Italian""}]","{""ca"": 1, ""cs"": 1, ""fr"": 4, ""pt"": 11, ""ro"": 2, ""ru"": 1}",fr,peu à peu,adv,798,poco a poco,,,fr,nue,noun,18335,nube,,,fr,Médard,name,56349,Medardo,,
ia,20,full_language,,ia,false,Interlingua,,,,[],[],"{""eo"": 19, ""es"": 1}",es,hueso,noun,14826,osso,,,eo,abato,noun,121,abbate,,,eo,ablativo,noun,404,ablativo,,
omx,20,full_language,,omx,false,Old Mon,,,,[],[],"{""id"": 4, ""vi"": 16}",id,semu,adj,11884,smoḥ,,,id,celeng,noun,21897,cliṅ,,,vi,mà,conj,166,ma,,
rap,20,full_language,,rap,false,Rapa Nui,,,,[],[],"{""cs"": 2, ""de"": 1, ""en"": 8, ""fi"": 1, ""fr"": 1, ""id"": 4, ""pl"": 1, ""pt"": 2}",fr,moaï,noun,111234,mo'ai,,,de,Moai,noun,154221,mo'ai,,,en,Oahu,name,321049,ahu,,
rme,20,full_language,,rme,false,Angloromani,,,,[],[],"{""en"": 20}",en,pal,noun,142083,pal,,,en,corey,noun,195499,kor,,,en,muller,verb,269773,mul-,,
st,20,full_language,,st,false,Sotho,,,,[],[],"{""en"": 17, ""fi"": 1, ""id"": 1, ""nb"": 1}",en,Lesotho,name,342074,Lesotho,,,en,Gauteng,name,350964,iGauteng,,,en,morena,noun,420323,morena,,
tsg,20,full_language,,tsg,false,Tausug,,,,[],[],"{""en"": 12, ""es"": 2, ""fi"": 2, ""id"": 4}",es,Joló,name,128707,Sulug,,,es,Joló,name,128707,sulug,,,en,Sulu,name,354246,Sulug,,
xlu,20,full_language,,xlu,false,Luwian,,,,[],[],"{""en"": 17, ""la"": 3}",en,new,adj,796,𒈾𒀀𒌑𒉿𒋾,,,en,now,adj,918,𒈾𒀀𒉡𒌦,,,en,see,verb,1104,𒁕𒀀𒌋𒄿𒅖,,
zle-ono,20,full_language,,zle-ono,false,Old Novgorodian,,,,[],[],"{""de"": 1, ""en"": 2, ""fi"": 2, ""nl"": 1, ""ru"": 9, ""uk"": 5}",de,stehenden Fußes,adv,50336,како стоꙗ,,,en,Karelia,name,452118,Корѣла,,,en,taimen,noun,685820,таимень,,
"bg,ru",19,multiple_languages,,,false,,,,,[],"[{""input"": ""bg"", ""classification"": ""full_language"", ""canonical"": ""bg"", ""name"": ""Bulgarian""}, {""input"": ""ru"", ""classification"": ""full_language"", ""canonical"": ""ru"", ""name"": ""Russian""}]","{""en"": 11, ""uk"": 8}",en,many,det,1775,мно́го,,,en,ice,noun,21231,и́ней,,,en,tooth,noun,126188,десна,,
caq,19,full_language,,caq,false,Car Nicobarese,,,,[],[],"{""vi"": 19}",vi,này,det,51,në,,,vi,cá,noun,1509,kāḵ,,,vi,mắt,noun,3323,mat,,
ce,19,full_language,,ce,false,Chechen,,,,[],[],"{""el"": 1, ""en"": 9, ""la"": 1, ""ru"": 7, ""tr"": 1}",el,κουτάλι,noun,9819,кӏудал,,,en,Iron,name,39774,Хӏири,,,en,Tsarnaev,name,395287,царна,,
cjs,19,full_language,,cjs,false,Shor,,,,[],[],"{""ru"": 1, ""tr"": 18}",ru,джигит,noun,80096,чиңет,,,tr,küçük,adj,267,кичиг,,,tr,köpek,noun,1856,xopax,,
fon,19,full_language,,fon,false,Fon,,,,[],[],"{""en"": 10, ""es"": 1, ""fr"": 2, ""it"": 2, ""nb"": 1, ""nl"": 1, ""pt"": 2}",fr,zémidjan,noun,371327,zěmìjàn,,,fr,Nagot,noun,390709,anagó,,,es,nagó,noun,736105,anagó,,
gmw-ecg,19,full_language,,gmw-ecg,false,East Central German,,,,[],[],"{""de"": 15, ""en"": 2, ""nl"": 1, ""pl"": 1}",de,Nudel,noun,41951,Knudel,,,de,-icht,suffix,67366,-it,,,de,flimmern,verb,69671,flimmen,,
ist,19,full_language,,ist,false,Istriot,,,,[],[],"{""en"": 2, ""es"": 2, ""fr"": 2, ""it"": 7, ""ro"": 6}",fr,être,verb,218,ièsi,,,es,ninguno,det,4692,ningun,,,it,così,adv,274,cussèi,,
ium,19,full_language,,ium,false,Iu Mien,,,,[],[],"{""vi"": 19}",vi,trong,prep,40,jaangh,,,vi,rồi,particle,1012,liuz,,,vi,đôi,adv,4815,doix,,
shn,19,full_language,,shn,false,Shan,,,,[],[],"{""en"": 10, ""vi"": 9}",en,mong,noun,320621,မိူင်း,,,en,khao soi,noun,437251,ၶဝ်ႈသွႆး,,,en,muang,noun,466833,မိူင်း,,
uga,19,full_language,,uga,false,Ugaritic,,,,[],[],"{""en"": 10, ""fi"": 1, ""fr"": 1, ""la"": 5, ""ru"": 1, ""tr"": 1}",fr,Ougarit,name,134036,𐎜𐎂𐎗𐎚,,,en,Israel,name,36872,𐎊𐎌𐎗𐎛𐎍,,,en,Aleppo,name,220248,𐎈𐎍𐎁,,
xpr,19,full_language,,xpr,false,Parthian,,,,[],[],"{""en"": 11, ""la"": 6, ""ru"": 1, ""tr"": 1}",en,rose,noun,32909,wâr,,,en,Georgia,name,68649,𐭅𐭉𐭓𐭔𐭍,,,en,Karen,name,124632,𐭊𐭓𐭍𐭉,,
zhx-tai,19,full_language,,zhx-tai,false,Taishanese,,,,[],[],"{""en"": 15, ""es"": 4}",es,chun kun,noun,56847,春捲,,,es,chifa,noun,130056,煮飯,,,es,kion,noun,160533,薑,,
+blend,18,template_marker,,,false,,,,,[],[],"{""en"": 6, ""fr"": 3, ""id"": 3, ""nl"": 3, ""pl"": 3}",fr,génome,noun,41297,fr,,,fr,génome,noun,41297,gène,,,fr,génome,noun,41297,chromosome,,
bjn,18,full_language,,bjn,false,Banjarese,,,,[],[],"{""en"": 1, ""id"": 17}",en,sasirangan,noun,1275145,sasirangan,,,id,tangan,noun,601,tangan,,,id,tumbuhan,noun,4476,tumbuhan,,
el-kth,18,etymology_only,supported,el-kth,false,Katharevousa,el,el,Greek,"[""el-kth"", ""el""]",[],"{""el"": 14, ""en"": 1, ""la"": 3}",el,εις,prep,1299,εἰς,,,el,ταχυδρομείο,noun,7431,ταχυδρομεῖον,,,el,εν γένει,adv,10085,ἐν γένει,,
fr-lou,18,etymology_only,supported,fr-lou,false,Louisiana French,fr,fr,French,"[""fr-lou"", ""fr""]",[],"{""en"": 13, ""es"": 1, ""fr"": 4}",fr,rougarou,noun,381349,lézard,,,fr,nénaine,noun,381675,maman,,,fr,brindgème,noun,398872,brème,,
itc-ala,18,etymology_only,supported,itc-ala,false,Archaic Latin,la,la,Latin,"[""itc-ala"", ""la""]",[],"{""la"": 18}",la,ne,adv,1011,nei,,,la,-us,suffix,4925,-os,,,la,meus,det,8047,meos,,
ln,18,full_language,,ln,false,Lingala,,,,[],[],"{""en"": 8, ""es"": 2, ""fi"": 1, ""fr"": 6, ""pt"": 1}",fr,yamakasi,noun,118580,ya makási,,,fr,makila,noun,125347,makila,makílá,,fr,nganda,noun,145476,nganda,,
lzz,18,full_language,,lzz,false,Laz,,,,[],[],"{""el"": 1, ""en"": 4, ""ru"": 1, ""tr"": 12}",el,Πόλη,name,390,პოლი,,,en,Laz,name,425135,ლაზი,,,en,Lazona,name,1268976,ლაზონა,,
moh,18,full_language,,moh,false,Mohawk,,,,[],[],"{""en"": 12, ""fr"": 4, ""hu"": 1, ""pt"": 1}",fr,Kahnawake,name,93434,Kahnawà꞉ke,,,fr,Akwesasne,name,127687,Ahkwesáhsne,,,fr,Agniers,name,133411,Kanienʼkehá꞉kaʼ,,
"nl,nds",18,multiple_languages,,,false,,,,,[],"[{""input"": ""nl"", ""classification"": ""full_language"", ""canonical"": ""nl"", ""name"": ""Dutch""}, {""input"": ""nds"", ""classification"": ""full_language"", ""canonical"": ""nds"", ""name"": ""Low German""}]","{""en"": 18}",en,have,verb,268,hebben,,,en,make,verb,1152,maken,,,en,win,verb,7197,winnen,,
sd,18,full_language,,sd,false,Sindhi,,,,[],[],"{""en"": 15, ""fi"": 1, ""id"": 2}",en,Karachi,name,214531,ڪراچي,,,en,Bhutto,name,352893,ڀُٽو,,,en,Sindhi,adj,424705,سِنْڌِي,,
spx,18,full_language,,spx,false,South Picene,,,,[],[],"{""en"": 6, ""la"": 12}",en,low,adj,8595,𐌅𐌄𐌉𐌀𐌕,,,en,lie,verb,31446,𐌅𐌄𐌉𐌀𐌕,,,la,ager,noun,1578,akren,,
ti,18,full_language,,ti,false,Tigrinya,,,,[],[],"{""en"": 13, ""eo"": 1, ""fi"": 2, ""it"": 1, ""la"": 1}",it,tigrigna,noun,542098,ትግርኛ,,,en,shiro,noun,338886,ሺሮ,,,en,Asmara,name,459675,ኣስመራ,,
umu,18,full_language,,umu,false,Munsee,,,,[],[],"{""en"": 18}",en,Manhattan,name,113019,munahan,,,en,Manhattan,name,113019,manaháhtaan,,,en,Jamaica,name,154084,amoxkw,,
wya,18,full_language,,wya,false,Wyandot,,,,[],[],"{""en"": 13, ""es"": 1, ""fr"": 4}",fr,Wendat,noun,103173,Wendat,,,fr,wendat,adj,103226,Wendat,,,fr,ouaouaron,noun,240394,ouaron,,
xmf,18,full_language,,xmf,false,Mingrelian,,,,[],[],"{""en"": 6, ""es"": 3, ""nb"": 4, ""ru"": 4, ""tr"": 1}",es,Topuria,name,742387,თოფურია,,,es,Topuria,name,742387,თოფური,,,es,Topuria,name,742387,-ია,,
bbc,17,full_language,,bbc,false,Toba Batak,,,,[],[],"{""id"": 17}",id,-kan,suffix,315,-hon,,,id,batas,noun,2147,batos,,,id,ber-,prefix,6275,mar-,,
cpi,17,full_language,,cpi,false,Chinese Pidgin English,,,,[],[],"{""ca"": 1, ""en"": 13, ""fr"": 1, ""it"": 2}",fr,chow chow,noun,65804,chow-chow,,,it,cincin,intj,133487,chin-chin,,,en,chin-chin,intj,194419,chin-chin,,
gmq-mno,17,full_language,,gmq-mno,false,Middle Norwegian,,,,[],[],"{""da"": 2, ""de"": 1, ""nb"": 14}",de,Lände,noun,104695,lenda,,,da,norsk,adj,3936,nornskr,,,nb,etter,prep,120,ettir,,
hal,17,full_language,,hal,false,Halang,,,,[],[],"{""en"": 1, ""vi"": 16}",en,carabao,noun,472145,kơpùa,,,vi,năm,num,132,bơdăm,,,vi,đổi,verb,1737,tur,,
ki,17,full_language,,ki,false,Kikuyu,,,,[],[],"{""en"": 7, ""eo"": 1, ""fi"": 1, ""id"": 6, ""nb"": 1, ""pt"": 1}",en,Kenya,name,117805,kere nyaga,,,en,Kenya,name,117805,kĩrĩma,,,en,Mwangi,name,502427,Mwangi,,
mh,17,full_language,,mh,false,Marshallese,,,,[],[],"{""de"": 4, ""en"": 10, ""fr"": 2, ""id"": 1}",fr,bikini,noun,38789,Pikinni,,,fr,Bikini,name,38796,Pikinni,,,de,Bikini,name,29296,Pikinni,,
mui,17,full_language,,mui,false,Musi,,,,[],[],"{""en"": 2, ""id"": 14, ""nl"": 1}",en,pempek,noun,608036,pempek,,,en,songket,noun,626293,songket,,,nl,songket,noun,136709,songket,,
rgn,17,full_language,,rgn,false,Romagnol,,,,[],[],"{""en"": 2, ""fr"": 3, ""hu"": 5, ""it"": 7}",fr,être,verb,218,es,,,fr,romagnol,noun,152804,rumagnòl,,,it,parrucca,noun,39352,piróca,,
sog,17,full_language,,sog,false,Sogdian,,,,[],[],"{""de"": 1, ""en"": 5, ""ru"": 1, ""tr"": 9, ""uk"": 1}",de,Samarkand,name,86256,𐼼𐼺𐼰𐽀𐼸𐼻𐼹𐼳,,,en,Hun,noun,253341,𐼶𐼴𐼻,,,en,thrash,verb,294096,ܕܣܦܪܛܪ,,
tli,17,full_language,,tli,false,Tlingit,,,,[],[],"{""en"": 16, ""ru"": 1}",en,Sitka,noun,376939,Sheetʼká,,,en,hooch,noun,386977,Xutsnoowú Ḵwáan,,,en,hooch,noun,386977,xóots,,
tyz,17,full_language,,tyz,false,Tày,,,,[],[],"{""vi"": 17}",vi,đồng,noun,337,tô̱ng,,,vi,chân trời,noun,8247,tin fạ,,,vi,sông Đà,name,14952,tả,,
vo,17,full_language,,vo,false,Volapük,,,,[],[],"{""da"": 3, ""de"": 2, ""en"": 1, ""eo"": 7, ""es"": 1, ""fi"": 1, ""nl"": 1, ""pt"": 1}",de,Wörterbuch,noun,19441,vödabuk,,,de,Volapük,name,159115,Volapük,,,es,volapük,noun,229318,Volapük,,
"ast,es",16,multiple_languages,,,false,,,,,[],"[{""input"": ""ast"", ""classification"": ""full_language"", ""canonical"": ""ast"", ""name"": ""Asturian""}, {""input"": ""es"", ""classification"": ""full_language"", ""canonical"": ""es"", ""name"": ""Spanish""}]","{""ca"": 1, ""fr"": 1, ""gl"": 3, ""it"": 2, ""pt"": 9}",fr,quant à,prep,3789,en cuanto a,,,it,quanto a,prep,389,en cuanto a,,,it,risposta,noun,2083,respuesta,,
"br,kw",16,multiple_languages,,,false,,,,,[],"[{""input"": ""br"", ""classification"": ""full_language"", ""canonical"": ""br"", ""name"": ""Breton""}, {""input"": ""kw"", ""classification"": ""full_language"", ""canonical"": ""kw"", ""name"": ""Cornish""}]","{""en"": 16}",en,over,adj,1157,war,,,en,stand,verb,14498,sevel,,,en,hate,noun,15815,kas,,
en-ear,16,etymology_only,supported,en-ear,false,Early Modern English,en,en,English,"[""en-ear"", ""en""]",[],"{""en"": 15, ""fr"": 1}",fr,Cantorbéry,name,71374,Conterbery,,,en,manage,verb,59523,manage,,,en,John-a-Stiles,name,281866,John at Stile,,
es-ear,16,etymology_only,supported,es-ear,false,Early Modern Spanish,es,es,Spanish,"[""es-ear"", ""es""]",[],"{""en"": 8, ""es"": 4, ""gl"": 1, ""pt"": 3}",es,agrio,adj,59080,agro,,,es,pambazo,noun,167589,bajo,pan basso,,es,síncama,noun,795562,jícama,,
fax,16,full_language,,fax,false,Fala,,,,[],[],"{""gl"": 6, ""pt"": 10}",pt,lugar,noun,756,lugal,,,pt,céu da boca,noun,5286,ceu da boca,,,pt,amarelo,adj,8422,amarelu,,
"fo,is,nn",16,multiple_languages,,,false,,,,,[],"[{""input"": ""fo"", ""classification"": ""full_language"", ""canonical"": ""fo"", ""name"": ""Faroese""}, {""input"": ""is"", ""classification"": ""full_language"", ""canonical"": ""is"", ""name"": ""Icelandic""}, {""input"": ""nn"", ""classification"": ""full_language"", ""canonical"": ""nn"", ""name"": ""Norwegian Nynorsk""}]","{""da"": 3, ""en"": 12, ""sv"": 1}",en,send,verb,15785,senda,,,en,grass,noun,79094,gras,,,en,flesh,noun,106396,flesk,,
mrj,16,full_language,,mrj,false,Western Mari,,,,[],[],"{""fi"": 14, ""hu"": 1, ""ru"": 1}",ru,подкоголи,noun,388841,падкагыль,,,fi,voi,noun,32,ӱ,,,fi,joka,pron,55,юж,,
mww,16,full_language,,mww,false,White Hmong,,,,[],[],"{""en"": 7, ""fi"": 1, ""hu"": 1, ""vi"": 7}",en,Hmong,noun,366343,Hmoob,,,en,Hmong Daw,name,390745,Hmoob Dawb,,,en,Vang,name,447367,Vaj,,
oc-gas,16,etymology_only,external,oc-gas,false,Gascon,oc,oc,Occitan,"[""oc-gas"", ""oc""]",[],"{""ca"": 3, ""es"": 2, ""fr"": 7, ""gl"": 1, ""it"": 2, ""pt"": 1}",fr,ils,pron,225,eus,,,fr,Auch,name,45803,Aush,,,fr,frontalier,adj,51093,frountalié,,
oco,16,full_language,,oco,false,Old Cornish,,,,[],[],"{""en"": 14, ""fr"": 1, ""la"": 1}",fr,bouc,noun,32162,boch,,,en,even,adj,1483,eun,,,en,ass,noun,21212,asen,,
olt,16,full_language,,olt,false,Old Lithuanian,,,,[],[],"{""de"": 2, ""en"": 3, ""fi"": 1, ""id"": 3, ""la"": 3, ""nl"": 1, ""ru"": 2, ""uk"": 1}",de,Hoden,noun,28609,kutỹs,,,de,Elen,noun,126553,elenis,,,en,mad,adj,39418,ap-maitinti,,
rif,16,full_language,,rif,false,Tarifit,,,,[],[],"{""en"": 3, ""es"": 2, ""nl"": 11}",es,Melilla,name,29284,mlilt,,,es,weio,intj,801834,weyyew,,,en,Tyre,name,229303,aẓru,,
rw,16,full_language,,rw,false,Rwanda-Rundi,,,,[],[],"{""en"": 5, ""eo"": 1, ""fi"": 3, ""fr"": 2, ""id"": 3, ""nb"": 2}",fr,Tutsi,noun,57017,Umutūtsi,,,fr,Hutu,noun,65123,Umuhutu,,,en,Rwanda,name,225495,u Rwanda,,
shi,16,full_language,,shi,false,Tashelhit,,,,[],[],"{""en"": 6, ""es"": 2, ""fr"": 6, ""la"": 1, ""pt"": 1}",fr,argan,noun,71056,argan,,,fr,Taroudant,name,109372,tarudant,,,fr,aoudad,noun,163828,udad,awdad,
sli,16,etymology_only,external,sli,false,Silesian East Central German,gmw-ecg,gmw-ecg,East Central German,"[""sli"", ""gmw-ecg""]",[],"{""de"": 16}",de,das,article,19,doas,,,de,zu,prep,29,zu,,,de,gut,adj,316,gutt,,
xbm,16,full_language,,xbm,false,Middle Breton,,,,[],[],"{""cs"": 1, ""en"": 6, ""fr"": 6, ""gl"": 1, ""la"": 1, ""pt"": 1}",fr,bouc,noun,32162,bouch,,,fr,balai,noun,35998,balain,,,fr,cohue,noun,62838,cochuy,,
xmm,16,full_language,,xmm,false,Manado Malay,,,,[],[],"{""id"": 16}",id,baku,adv,5736,baku-,,,id,Anis,name,12288,Anis,,,id,rica,noun,16513,rica,,
aaq,15,full_language,,aaq,false,Penobscot,,,,[],[],"{""ca"": 1, ""de"": 1, ""en"": 11, ""fr"": 1, ""pl"": 1}",fr,wigwam,noun,109492,wigwom,,,de,Wigwam,noun,107597,wigwom,,,en,moose,noun,210468,mos,,
"da,no",15,multiple_languages,,,false,,,,,[],"[{""input"": ""da"", ""classification"": ""full_language"", ""canonical"": ""da"", ""name"": ""Danish""}, {""input"": ""no"", ""classification"": ""full_language"", ""canonical"": ""no"", ""name"": ""Norwegian""}]","{""de"": 1, ""en"": 8, ""es"": 2, ""ru"": 1, ""sv"": 3}",de,Windstille,noun,75492,vindstille,,,es,atto-,prefix,129564,atten,,,es,femto-,prefix,228909,femten,,
ext,15,full_language,,ext,false,Extremaduran,,,,[],[],"{""ca"": 1, ""en"": 1, ""es"": 7, ""gl"": 2, ""pt"": 4}",es,afuera,adv,5084,afuera,,,es,escoger,verb,15592,escogel,,,es,Cáceres,name,25011,Caçris,,
mrw,15,full_language,,mrw,false,Maranao,,,,[],[],"{""en"": 8, ""es"": 2, ""fi"": 1, ""id"": 4}",es,Joló,name,128707,Solog,,,es,hampáo,noun,760233,ampaw,,,en,Sulu,name,354246,Solog,,
pua,15,full_language,,pua,false,Purepecha,,,,[],[],"{""ca"": 3, ""en"": 6, ""es"": 6}",es,Querétaro,name,21944,Crettaro,,,es,Guanajuato,name,22219,Kuanasï Uata,,,es,michi,noun,73946,misitu,,
roa,15,family,,roa,false,Romance,,,,[],[],"{""en"": 13, ""es"": 1, ""nl"": 1}",es,Costa,name,3291,Costa,,,en,Costa,name,115319,Costa,,,en,Marco,name,154316,Marco,,
"ru,be",15,multiple_languages,,,false,,,,,[],"[{""input"": ""ru"", ""classification"": ""full_language"", ""canonical"": ""ru"", ""name"": ""Russian""}, {""input"": ""be"", ""classification"": ""full_language"", ""canonical"": ""be"", ""name"": ""Belarusian""}]","{""en"": 1, ""uk"": 14}",en,Zvanets,name,1409771,Зване́ц,,,uk,розкол,noun,12427,раско́л,,,uk,застава,noun,12758,заста́ва,,
sa-ved,15,etymology_only,external,vsn,true,Vedic Sanskrit,sa,sa,Sanskrit,"[""vsn"", ""sa""]",[],"{""en"": 10, ""la"": 4, ""ru"": 1}",en,ban,verb,58390,भन॑ति,,,en,gang,verb,64002,जंहस्,,,en,slide,verb,90938,स्रेधति,,
str,15,full_language,,str,false,Saanich,,,,[],[],"{""en"": 15}",en,Whatcom County,name,452916,Xwotʼqom,,,en,Whatcom,name,453079,Xwotʼqom,,,en,Lummi,noun,541503,Xwlemi,,
ang-ang,14,etymology_only,external,ang-ang,false,Anglian Old English,ang,ang,Old English,"[""ang-ang"", ""ang""]",[],"{""en"": 14}",en,street,noun,9927,strēt,,,en,sleep,verb,18588,slēpan,,,en,cold,adj,20232,cald,,
bua,14,full_language,,bua,false,Buryat,,,,[],[],"{""en"": 5, ""pl"": 1, ""pt"": 1, ""ru"": 4, ""tr"": 3}",en,Baikal,name,411643,Байгал нуур,,,en,Ulan-Ude,name,500348,Ulaan-Yde,,,en,Yakut,noun,522260,яхад,,
"cs,pl",14,multiple_languages,,,false,,,,,[],"[{""input"": ""cs"", ""classification"": ""full_language"", ""canonical"": ""cs"", ""name"": ""Czech""}, {""input"": ""pl"", ""classification"": ""full_language"", ""canonical"": ""pl"", ""name"": ""Polish""}]","{""en"": 6, ""eo"": 1, ""ru"": 1, ""uk"": 6}",en,might,noun,3463,moc,,,en,cottage,noun,140125,chata,,,en,moss,noun,159594,mech,,
"de,nds",14,multiple_languages,,,false,,,,,[],"[{""input"": ""de"", ""classification"": ""full_language"", ""canonical"": ""de"", ""name"": ""German""}, {""input"": ""nds"", ""classification"": ""full_language"", ""canonical"": ""nds"", ""name"": ""Low German""}]","{""en"": 14}",en,may,verb,1508,mögen,,,en,night,noun,3792,Nacht,,,en,hear,verb,11303,hören,,
de-ear,14,etymology_only,supported,de-ear,false,Early New High German,de,de,German,"[""de-ear"", ""de""]",[],"{""de"": 11, ""en"": 1, ""hu"": 1, ""it"": 1}",de,Zufall,noun,8396,zuoval,,,de,Zettel,noun,15662,zeddel,,,de,Beamter,noun,21346,beampte,,
egl,14,full_language,,egl,false,Emilian,,,,[],[],"{""fr"": 3, ""hu"": 1, ""it"": 9, ""ro"": 1}",fr,être,verb,218,èsar,,,fr,ronfler,verb,74027,romfè,,,it,inverno,noun,7593,invêren,,
es-lun,14,etymology_only,supported,es-lun,false,Lunfardo,es,es,Spanish,"[""es-lun"", ""es""]",[],"{""es"": 8, ""pt"": 6}",es,transa,noun,100175,transar,,,es,otario,noun,142461,otario,,,es,misio,adj,152259,mishio,,
fro-pic,14,etymology_only,external,fro-pic,false,Picard Old French,fro,fro,Old French,"[""fro-pic"", ""fro""]",[],"{""en"": 3, ""fr"": 4, ""id"": 1, ""nl"": 6}",fr,flèche,noun,20942,flec,,,fr,boulanger,noun,28223,boulenc,,,fr,cabaret,noun,32114,camberet,,
grk-ita,14,full_language,,grk-ita,false,Italiot Greek,,,,[],[],"{""el"": 9, ""en"": 3, ""it"": 1, ""la"": 1}",el,και,conj,0,ce,,,el,τις,article,58,tes,,,el,παιδί,noun,408,pedì,,
hei,14,full_language,,hei,false,Heiltsuk,,,,[],[],"{""en"": 14}",en,Bella Coola,name,508391,bḷ́xʷlá,,,en,Wuikinuxv,name,1340204,W̓uìk̓inux̌v,,,en,Haíɫzaqvḷa,name,1450975,Haíɫzaqvḷa,,
"it,pt,es",14,multiple_languages,,,false,,,,,[],"[{""input"": ""it"", ""classification"": ""full_language"", ""canonical"": ""it"", ""name"": ""Italian""}, {""input"": ""pt"", ""classification"": ""full_language"", ""canonical"": ""pt"", ""name"": ""Portuguese""}, {""input"": ""es"", ""classification"": ""full_language"", ""canonical"": ""es"", ""name"": ""Spanish""}]","{""en"": 8, ""fr"": 6}",fr,salle,noun,3265,sala,,,fr,vert,noun,6631,verde,,,fr,dé,noun,21967,dado,,
jut,14,full_language,,jut,false,Jutish,,,,[],[],"{""da"": 7, ""en"": 6, ""sv"": 1}",en,I,pron,129,æ,,,en,heart,noun,9135,jaart,,,en,drink,verb,27252,drenk,,
"kw,cy",14,multiple_languages,,,false,,,,,[],"[{""input"": ""kw"", ""classification"": ""full_language"", ""canonical"": ""kw"", ""name"": ""Cornish""}, {""input"": ""cy"", ""classification"": ""full_language"", ""canonical"": ""cy"", ""name"": ""Welsh""}]","{""en"": 14}",en,night,noun,3792,nos,,,en,choose,verb,26526,dewis,,,en,moon,name,43006,mis,,
mzs,14,full_language,,mzs,false,Macanese,,,,[],[],"{""en"": 7, ""es"": 1, ""fr"": 2, ""id"": 3, ""pt"": 1}",fr,chow chow,noun,65804,chau-cháu,,,fr,bibace,noun,194061,biba,,,es,mongo,noun,83268,mungo,,
oge,14,full_language,,oge,false,Old Georgian,,,,[],[],"{""el"": 2, ""en"": 5, ""la"": 2, ""nb"": 4, ""pl"": 1}",el,κουτάλι,noun,9819,კუტალი,,,el,αρτζι-μπούρτζι,adv,78804,ალაჯორი,,,en,Tbilisi,name,350151,ტფილისი,,
pl-mas,14,etymology_only,supported,pl-mas,false,Masovian Polish,pl,pl,Polish,"[""pl-mas"", ""pl""]",[],"{""cs"": 1, ""de"": 1, ""pl"": 12}",de,Bemme,noun,167794,pomazanka,,,pl,korkować,verb,104853,korknąć,,,pl,sierzechuła,noun,177472,sierzchoła,,
roa-cha,14,full_language,,roa-cha,false,Champenois,,,,[],[],"{""en"": 3, ""fr"": 11}",fr,nous,pron,200,ju,,,fr,être,verb,218,ètre,,,fr,avoir,verb,376,aouâr,,
scn-old,14,etymology_only,external,scn-old,false,Old Sicilian,scn,scn,Sicilian,"[""scn-old"", ""scn""]",[],"{""en"": 2, ""es"": 1, ""fr"": 1, ""it"": 7, ""la"": 1, ""ro"": 2}",fr,tendresse,noun,26819,tinirizza,,,es,terneza,noun,199008,tinirizza,,,it,bellezze,noun,22349,billizzi,,
sjt,14,full_language,,sjt,false,Ter Sami,,,,[],[],"{""en"": 2, ""fi"": 8, ""hu"": 4}",en,king,noun,13372,конагас,,,fi,kylmä,adj,3607,kallm,,,fi,polttaa,verb,5110,pɨellˈted,,
tea,14,full_language,,tea,false,Temiar,,,,[],[],"{""id"": 5, ""vi"": 9}",id,mewah,adj,4739,eniwoh,,,id,babu,noun,15310,buk,,,id,gabah,noun,18429,baa,,
trk-eog,14,full_language,,trk-eog,false,Early Old Oghuz,,,,[],[],"{""tr"": 14}",tr,anlamak,verb,3027,اَنْكْلاماقْ,,,tr,bardak,noun,3569,برت,,,tr,sikiş,noun,9228,سِكِشْ,,
tts,14,full_language,,tts,false,Isan,,,,[],[],"{""vi"": 14}",vi,việc,noun,176,เวียก,,,vi,Thân,name,1845,สัน,,,vi,Dần,name,10197,ยี่,,
urj-kuk,14,full_language,,urj-kuk,false,Kukkuzi,,,,[],[],"{""fi"": 14}",fi,selvä,adj,2421,selvä,,,fi,turha,adj,2871,turha,,,fi,heikko,adj,4124,heikko,,
vec-old,14,etymology_only,external,vec-old,false,Old Venetan,vec,vec,Venetan,"[""vec-old"", ""vec""]",[],"{""el"": 1, ""en"": 2, ""es"": 1, ""fr"": 1, ""it"": 3, ""nl"": 1, ""ro"": 5}",fr,ciao,intj,38778,S-ciavón,,,el,φουστάνι,noun,16720,fustagno,,,es,dinero,noun,1196,dinaro,,
blt,13,full_language,,blt,false,Tai Dam,,,,[],[],"{""en"": 3, ""vi"": 10}",en,mong,noun,320621,ꪹꪣꪉ,,,en,muang,noun,466833,ꪹꪣꪉ,,,en,mueang,noun,523195,ꪹꪣꪉ,,
"da,nb,sv",13,multiple_languages,,,false,,,,,[],"[{""input"": ""da"", ""classification"": ""full_language"", ""canonical"": ""da"", ""name"": ""Danish""}, {""input"": ""nb"", ""classification"": ""full_language"", ""canonical"": ""nb"", ""name"": ""Norwegian Bokmål""}, {""input"": ""sv"", ""classification"": ""full_language"", ""canonical"": ""sv"", ""name"": ""Swedish""}]","{""en"": 13}",en,on,adj,202,på,,,en,see,verb,1104,se,,,en,own,adj,2872,egen,,
"es,gl",13,multiple_languages,,,false,,,,,[],"[{""input"": ""es"", ""classification"": ""full_language"", ""canonical"": ""es"", ""name"": ""Spanish""}, {""input"": ""gl"", ""classification"": ""full_language"", ""canonical"": ""gl"", ""name"": ""Galician""}]","{""ca"": 5, ""it"": 1, ""pt"": 7}",it,chissà,adv,6321,quizá,,,pt,senhor,noun,1665,señor,,,pt,tambor,noun,27625,tambor,,
mad,13,full_language,,mad,false,Madurese,,,,[],[],"{""en"": 2, ""id"": 11}",en,Temiar,noun,1348784,tambir,,,id,-nya,suffix,349,-na,,,id,laki-laki,adj,1083,lalake,,
mdh,13,full_language,,mdh,false,Maguindanao,,,,[],[],"{""en"": 7, ""es"": 3, ""id"": 3}",es,Cotabato,name,118089,Kutawatu,,,es,Cotabato,name,118089,kuta,,,es,Cotabato,name,118089,watu,,
pag,13,full_language,,pag,false,Pangasinan,,,,[],[],"{""en"": 10, ""es"": 3}",es,Pangasinán,name,197514,pangasinan,,,es,Calasiao,name,749482,kalasian,,,es,Manáoag,name,749483,mantawag,,
roa-ole,13,full_language,,roa-ole,false,Old Leonese,,,,[],[],"{""en"": 1, ""es"": 6, ""gl"": 5, ""pt"": 1}",es,San Claudio,name,21319,San Cloyo,,,es,tarro,noun,45168,tagara,,,es,Sahagún,name,59000,Safagunt,,
war,13,full_language,,war,false,Waray-Waray,,,,[],[],"{""en"": 7, ""es"": 4, ""id"": 2}",es,Tacloban,name,163114,Tarakluban,,,es,carabao,noun,180289,karabaw,,,es,Sámar,name,749346,samad,,
xld,13,full_language,,xld,false,Lydian,,,,[],[],"{""en"": 9, ""la"": 2, ""ru"": 1, ""tr"": 1}",en,brother,noun,15789,𐤡𐤭𐤠𐤱𐤭𐤳𐤦𐤳,,,en,wolf,noun,83331,𐤥𐤠𐤩𐤥𐤤,,,en,molybdenum,noun,361642,𐤪𐤠𐤭𐤦𐤥𐤣𐤠,,
xpg,13,full_language,,xpg,false,Phrygian,,,,[],[],"{""el"": 1, ""en"": 6, ""la"": 4, ""pl"": 1, ""uk"": 1}",el,έ-,prefix,4546,ε-,,,en,brother,noun,15789,βρατερε,,,en,fauna,noun,227523,δάος,,
xtg,13,etymology_only,external,xtg,false,Transalpine Gaulish,cel-gau,cel-gau,Gaulish,"[""xtg"", ""cel-gau""]",[],"{""ca"": 2, ""en"": 2, ""fr"": 3, ""it"": 1, ""la"": 1, ""nl"": 4}",fr,Artagnan,name,57247,artos,,,fr,jante,noun,67070,cambita,,,fr,molène,noun,98205,melina,,
"xto,txb",13,multiple_languages,,,false,,,,,[],"[{""input"": ""xto"", ""classification"": ""full_language"", ""canonical"": ""xto"", ""name"": ""Tocharian A""}, {""input"": ""txb"", ""classification"": ""full_language"", ""canonical"": ""txb"", ""name"": ""Tocharian B""}]","{""en"": 13}",en,own,adj,2872,aik-,,,en,wide,adj,23482,wätk-,,,en,tree,noun,30627,or,,
aii,12,full_language,,aii,false,Assyrian Neo-Aramaic,,,,[],[],"{""en"": 11, ""tr"": 1}",en,Kirkuk,name,400840,ܟܲܪܟ݂ܵܐ,,,en,Maron,name,424090,ܡܪܐ,,,en,Urmia,name,511478,ܐܘܪ,,
bi,12,full_language,,bi,false,Bislama,,,,[],[],"{""en"": 6, ""fi"": 2, ""hu"": 1, ""nl"": 2, ""pt"": 1}",en,me fellow,pron,38707,mifala,,,en,belong,prep,79173,blong,,,en,Bislama,name,647348,Bislama,,
bla,12,full_language,,bla,false,Blackfoot,,,,[],[],"{""en"": 11, ""fr"": 1}",fr,Medicine Hat,name,62669,saamis,,,en,Crazy Dog,noun,36569,kanáttsoomitaa,,,en,Okotoks,name,541068,óóhkotok-,ᐅᐦᑯᑐᐠ,
esu,12,full_language,,esu,false,Yup'ik,,,,[],[],"{""en"": 10, ""nb"": 2}",en,kayak,noun,278322,qayaq,,,en,Yup'ik,noun,558407,Yup'ik,,,en,mukluk,noun,641461,maklak,,
gmq-ogt,12,full_language,,gmq-ogt,false,Old Gutnish,,,,[],[],"{""en"": 7, ""fi"": 4, ""sv"": 1}",en,this,det,227,þissi,,,en,sleet,noun,347033,sloyta,,,sv,hustru,noun,6448,husfroya,,
hnm,12,full_language,,hnm,false,Hainanese,,,,[],[],"{""en"": 5, ""vi"": 7}",en,C,adj,8641,鮮,,,en,Hainam,name,1417172,海南,,,en,Hailam,name,1417173,海南,,
ik,12,full_language,,ik,false,Inupiaq,,,,[],[],"{""cs"": 1, ""en"": 10, ""nb"": 1}",en,malamute,noun,487376,malimiut,,,en,Malamute,noun,487984,malimiut,,,en,Inupiak,noun,667376,Iñupiaq,,
kdr,12,full_language,,kdr,false,Karaim,,,,[],[],"{""en"": 1, ""hu"": 1, ""ru"": 2, ""tr"": 7, ""uk"": 1}",en,kenesa,noun,1309410,כְּנִיסָא,,,ru,чердак,noun,35778,čardak,,,ru,отара,noun,110137,otar,,
klj,12,full_language,,klj,false,Khalaj,,,,[],[],"{""tr"": 12}",tr,kolay,adj,550,qolay,,,tr,nerede,adv,1415,nēdä,,,tr,tavşan,noun,7907,tavuşğân,,
lil,12,full_language,,lil,false,Lillooet,,,,[],[],"{""en"": 12}",en,Lillooet,noun,530824,Líl̓wat,,,en,St'át'imcets,name,1461340,St̓át̓imcets,,,en,St'át'imc,name,1461341,St̓át̓imc,,
lrc,12,full_language,,lrc,false,Northern Luri,,,,[],[],"{""en"": 9, ""la"": 2, ""tr"": 1}",en,honey,noun,80409,گونج,,,en,berry,noun,145576,برگ,,,en,barrow,noun,253207,برگ,,
lut,12,full_language,,lut,false,Lushootseed,,,,[],[],"{""en"": 10, ""es"": 1, ""fr"": 1}",fr,geoduck,noun,161634,gʷídəq,,,es,geoduck,noun,229834,gʷídəq,,,en,Seattle,name,77807,siʔaɬ,,
"nb,sv",12,multiple_languages,,,false,,,,,[],"[{""input"": ""nb"", ""classification"": ""full_language"", ""canonical"": ""nb"", ""name"": ""Norwegian Bokmål""}, {""input"": ""sv"", ""classification"": ""full_language"", ""canonical"": ""sv"", ""name"": ""Swedish""}]","{""en"": 12}",en,all,det,407,all,,,en,hot,adj,13697,het,,,en,rope,noun,129450,rep,,
nio,12,full_language,,nio,false,Nganasan,,,,[],[],"{""fi"": 11, ""hu"": 1}",fi,juttu,noun,559,дебтудя,,,fi,viisi,num,844,бииˮ,,,fi,vaimo,noun,2323,бачуˮ,,
oc-pro-old,12,etymology_only,external,oc-pro-old,false,Old Provençal,pro,pro,Old Occitan,"[""oc-pro-old"", ""pro""]",[],"{""en"": 8, ""fr"": 2, ""it"": 2}",fr,broc,noun,60882,broc,,,fr,sirventès,noun,392275,sirventès,,,it,pagnotta,noun,42020,panhota,,
oty,12,full_language,,oty,false,Old Tamil,,,,[],[],"{""da"": 1, ""en"": 7, ""id"": 1, ""la"": 1, ""pt"": 1, ""tr"": 1}",en,rice,noun,58387,𑀅𑀭𑀺𑀘𑀺,,,en,ginger,noun,152411,𑀇𑀜𑁆𑀘𑀺𑀯𑁂𑀭𑁆,,,en,Madurai,name,390069,𑀫𑀢𑀼𑀭𑁃,,
pgn,12,full_language,,pgn,false,Paelignian,,,,[],[],"{""la"": 12}",la,Minerva,name,6294,minerua,,,la,grates,noun,16347,brat,,,la,salvator,noun,25721,salauatur,,
roa-lor,12,full_language,,roa-lor,false,Lorrain,,,,[],[],"{""fr"": 12}",fr,nous,pron,200,nos,,,fr,être,verb,218,estre,,,fr,avoir,verb,376,ahoir,,
tzm,12,full_language,,tzm,false,Central Atlas Tamazight,,,,[],[],"{""en"": 7, ""es"": 1, ""fr"": 2, ""la"": 2}",fr,amazigh,adj,76909,ⴰⵎⴰⵣⵉⵖ,,,es,Fez,name,46914,ⴼⴰⵙ,,,en,Tyre,name,229303,ⴰⵥⵔⵓ,,
xpq,12,full_language,,xpq,false,Mohegan-Pequot,,,,[],[],"{""en"": 10, ""es"": 1, ""pl"": 1}",es,Connecticut,name,46910,quinnitukqut,,,en,Connecticut,name,121176,quinnitukqut,,,en,squaw,noun,371022,sqá,,
zls-chs,12,full_language,,zls-chs,false,Church Slavonic,,,,[],[],"{""ro"": 10, ""ru"": 2}",ro,curvă,noun,11881,коуръва,,,ro,cârjă,noun,48668,крижь,,,ro,zăbavnic,adj,67894,забавьнъ,,
abs,11,full_language,,abs,false,Ambonese Malay,,,,[],[],"{""en"": 1, ""id"": 7, ""it"": 1, ""nl"": 1, ""pt"": 1}",it,ailanto,noun,157514,ai lanto,,,en,ailanthus,noun,560533,ai lanto,,,pt,ailanto,noun,179518,ai lanto,,
afb,11,full_language,,afb,false,Gulf Arabic,,,,[],[],"{""de"": 1, ""en"": 9, ""pt"": 1}",de,Vitamin B,noun,20722,فيتامين و,,,en,Sharjah,name,370116,الشارقة,,,en,abra,noun,370969,عَبْرَة,,
aho,11,full_language,,aho,false,Ahom,,,,[],[],"{""en"": 7, ""vi"": 4}",en,mong,noun,320621,𑜉𑜢𑜤𑜂𑜫,,,en,Mong Ri Mong Ram,name,378748,𑜉𑜢𑜤𑜂𑜫 𑜍𑜣 𑜉𑜢𑜤𑜂𑜫 𑜍𑜪,,,en,muang,noun,466833,𑜉𑜢𑜤𑜂𑜫,,
"be,ru,uk",11,multiple_languages,,,false,,,,,[],"[{""input"": ""be"", ""classification"": ""full_language"", ""canonical"": ""be"", ""name"": ""Belarusian""}, {""input"": ""ru"", ""classification"": ""full_language"", ""canonical"": ""ru"", ""name"": ""Russian""}, {""input"": ""uk"", ""classification"": ""full_language"", ""canonical"": ""uk"", ""name"": ""Ukrainian""}]","{""en"": 11}",en,I,pron,129,я,,,en,man,noun,2309,муж,,,en,king,noun,13372,князь,,
cad,11,full_language,,cad,false,Caddo,,,,[],[],"{""en"": 7, ""es"": 1, ""fi"": 1, ""pl"": 1, ""ru"": 1}",es,Texas,name,13883,táyshaʔ,,,en,Texas,name,27913,táyshaʔ,,,en,Caddo,noun,429644,kadawdáachuh,,
ckt,11,full_language,,ckt,false,Chukchi,,,,[],[],"{""en"": 6, ""eo"": 1, ""ru"": 4}",en,Aleutian Islands,name,399819,aliat,,,en,Aleut,adj,481156,aliat,,,en,yaranga,noun,917858,яраӈы,,
en-GB,11,etymology_only,supported,en-GB,false,British English,en,en,English,"[""en-GB"", ""en""]",[],"{""de"": 2, ""eo"": 1, ""hu"": 1, ""id"": 2, ""nb"": 1, ""nl"": 2, ""pl"": 1, ""ro"": 1}",de,Arme Ritter,noun,12598,poor knights of Windsor,,,de,Lift,noun,33207,lift,,,ro,lift,noun,11291,lift,,
es-AR,11,etymology_only,supported,es-AR,false,Rioplatense Spanish,es,es,Spanish,"[""es-AR"", ""es""]",[],"{""en"": 6, ""pt"": 5}",en,tango,noun,216221,tango,,,en,bombilla,noun,628553,bombilla,,,en,chivito,noun,964975,chivito,,
"fr,en",11,multiple_languages,,,false,,,,,[],"[{""input"": ""fr"", ""classification"": ""full_language"", ""canonical"": ""fr"", ""name"": ""French""}, {""input"": ""en"", ""classification"": ""full_language"", ""canonical"": ""en"", ""name"": ""English""}]","{""ca"": 2, ""de"": 1, ""eo"": 1, ""it"": 3, ""pt"": 3, ""sv"": 1}",de,Yoga,noun,18700,yoga,,,it,viaggio,noun,2300,voyage,,,it,merlo,noun,37952,merlon,,
frc,11,etymology_only,supported,frc,false,Cajun French,fr-lou,fr,French,"[""frc"", ""fr-lou"", ""fr""]",[],"{""en"": 10, ""fr"": 1}",fr,Grand Isle,name,30551,Grand Isle,,,en,T-Boy,name,22812,petit,,,en,cock,noun,101742,coquille,,
"fy,nl",11,multiple_languages,,,false,,,,,[],"[{""input"": ""fy"", ""classification"": ""full_language"", ""canonical"": ""fy"", ""name"": ""West Frisian""}, {""input"": ""nl"", ""classification"": ""full_language"", ""canonical"": ""nl"", ""name"": ""Dutch""}]","{""en"": 11}",en,west,noun,9593,west,,,en,net,noun,37700,net,,,en,web,noun,39414,web,,
mng,11,full_language,,mng,false,Eastern Mnong,,,,[],[],"{""en"": 3, ""fr"": 2, ""vi"": 6}",fr,Rhade,name,341380,Rađê,,,fr,rhade,noun,341382,Rađê,,,en,Rade,noun,454240,Rađê,,
mzn,11,full_language,,mzn,false,Mazanderani,,,,[],[],"{""en"": 8, ""la"": 2, ""sv"": 1}",en,new,adj,796,نو,,,en,star,noun,12628,اساره,,,en,wasp,noun,258475,ماز,,
pld,11,etymology_only,supported,pld,false,Polari,en,en,English,"[""pld"", ""en""]",[],"{""en"": 11}",en,polony,noun,641523,palone,,,en,tszuj,verb,676645,zhoosh,,,en,juj,verb,709891,zhoosh,,
rad,11,full_language,,rad,false,Rade,,,,[],[],"{""en"": 1, ""vi"": 10}",en,Degar,noun,1134051,anak ede gar,,,vi,sự,prefix,145,klei,,,vi,Hà Lan,name,7811,Čư̆ Hlang,,
roa-fcm,11,full_language,,roa-fcm,false,Franc-Comtois,,,,[],[],"{""fr"": 11}",fr,vous,pron,142,vôs,,,fr,nous,pron,200,i,,,fr,être,verb,218,étre,,
sjw,11,full_language,,sjw,false,Shawnee,,,,[],[],"{""en"": 7, ""es"": 1, ""fi"": 2, ""pl"": 1}",es,wapití,noun,229214,waapiti,,,en,Shawnee,noun,347232,saawanwa,,,en,Tecumseh,name,393771,Tekámthi,,
+com+,10,template_marker,,,false,,,,,[],[],"{""en"": 6, ""pl"": 4}",en,weekday,noun,265895,en,,,en,weekday,noun,265895,week,,,en,weekday,noun,265895,day,,
"ca,pt,es",10,multiple_languages,,,false,,,,,[],"[{""input"": ""ca"", ""classification"": ""full_language"", ""canonical"": ""ca"", ""name"": ""Catalan""}, {""input"": ""pt"", ""classification"": ""full_language"", ""canonical"": ""pt"", ""name"": ""Portuguese""}, {""input"": ""es"", ""classification"": ""full_language"", ""canonical"": ""es"", ""name"": ""Spanish""}]","{""en"": 4, ""fr"": 3, ""gl"": 1, ""it"": 2}",fr,irriter,verb,60143,irritar,,,fr,agréer,verb,60557,agradar,,,fr,girer,verb,241478,girar,,
ca-val,10,etymology_only,supported,ca-val,false,Valencian,ca,ca,Catalan,"[""ca-val"", ""ca""]",[],"{""en"": 2, ""es"": 7, ""fr"": 1}",fr,baraque,noun,36197,barraca,,,es,hasta,adv,253,dasta,,,es,horchata,noun,73961,orxata,,
crk,10,full_language,,crk,false,Plains Cree,,,,[],[],"{""de"": 1, ""en"": 7, ""fr"": 2}",fr,montagnes Rocheuses,name,45727,asinîwaciy,,,fr,sassaquoi,noun,380993,ᓵᑯᐁᐧᐤ,,,de,Wendigo,noun,133717,wîhtikow,,
elx,10,full_language,,elx,false,Elamite,,,,[],[],"{""en"": 8, ""it"": 1, ""la"": 1}",it,Eufrate,name,72006,𒌑𒅁𒊏𒌅𒅖,,,en,Ray,name,43957,𒊩𒋡𒀭,,,en,Sus,name,312498,𒀸𒋗𒊺𒂗,,
"fo,is,sv",10,multiple_languages,,,false,,,,,[],"[{""input"": ""fo"", ""classification"": ""full_language"", ""canonical"": ""fo"", ""name"": ""Faroese""}, {""input"": ""is"", ""classification"": ""full_language"", ""canonical"": ""is"", ""name"": ""Icelandic""}, {""input"": ""sv"", ""classification"": ""full_language"", ""canonical"": ""sv"", ""name"": ""Swedish""}]","{""en"": 10}",en,will,verb,515,vilja,,,en,talk,verb,6591,tala,,,en,fall,verb,14875,falla,,
gcf,10,full_language,,gcf,false,Antillean Creole,,,,[],[],"{""en"": 6, ""fr"": 2, ""nl"": 2}",fr,boug,noun,98363,boug,,,fr,bokit,noun,393164,bokit,,,en,dasheen,noun,636011,dachine,,
grc-ion,10,etymology_only,external,grc-ion,false,Ionic Greek,grc,grc,Ancient Greek,"[""grc-ion"", ""grc""]",[],"{""el"": 1, ""en"": 4, ""it"": 1, ""la"": 4}",el,θυμιατό,noun,39587,θῡμῐητᾰ́,,,it,Proserpina,name,83975,Προσερπίνη,,,en,Thebe,name,524404,Θήβη,,
gyn,10,full_language,,gyn,false,Guyanese Creole English,,,,[],[],"{""en"": 9, ""es"": 1}",es,tonca,noun,801527,tonka,,,en,tonka,noun,422739,tonka,,,en,tonka bean,noun,423745,tonka,,
kca-sou,10,full_language,,kca-sou,false,Southern Khanty,,,,[],[],"{""en"": 3, ""fi"": 5, ""hu"": 2}",en,Khanty,adj,536613,хӑнтӛ,,,fi,harva,adj,4833,турәп,,,fi,sulaa,verb,10936,тӑтә,,
khw,10,full_language,,khw,false,Khowar,,,,[],[],"{""en"": 7, ""la"": 1, ""pl"": 2}",en,long,adj,2383,درونگ,,,en,brow,noun,221728,بروُ,,,en,Chitral,name,478917,چھترار,,
kxd,10,full_language,,kxd,false,Brunei Malay,,,,[],[],"{""id"": 10}",id,gunung,noun,1514,gunung,,,id,ekor,noun,4737,ekong,,,id,cincin,noun,5127,cincin,,
"ltg,lv",10,multiple_languages,,,false,,,,,[],"[{""input"": ""ltg"", ""classification"": ""full_language"", ""canonical"": ""ltg"", ""name"": ""Latgalian""}, {""input"": ""lv"", ""classification"": ""full_language"", ""canonical"": ""lv"", ""name"": ""Latvian""}]","{""en"": 10}",en,night,noun,3792,nakts,,,en,king,noun,13372,kungs,,,en,eye,noun,20235,acs,,
ood,10,full_language,,ood,false,O'odham,,,,[],[],"{""en"": 9, ""es"": 1}",es,jojoba,noun,133047,hohowai,,,en,Tucson,name,223646,Cuk Ṣon,,,en,tamale,noun,402157,cemait,,
pl-les,10,etymology_only,supported,pl-les,false,Lesser Polish,pl,pl,Polish,"[""pl-les"", ""pl""]",[],"{""pl"": 10}",pl,przeszło,particle,6736,przechodem,,,pl,śpilić,verb,178755,śpilować,,,pl,wytoknąć,verb,179028,potoknąć,,
pqm,10,full_language,,pqm,false,Malecite-Passamaquoddy,,,,[],[],"{""en"": 9, ""fr"": 1}",fr,tomahawk,noun,75502,tomhikon,,,en,tomahawk,noun,337023,tomhikon,,,en,Aroostook,noun,457653,Wool-ahs-took,,
roa-ang,10,full_language,,roa-ang,false,Angevin,,,,[],[],"{""fr"": 10}",fr,nous,pron,200,je,,,fr,être,verb,218,éter,,,fr,avoir,verb,376,avouèr,,
sac,10,full_language,,sac,false,Fox,,,,[],[],"{""en"": 10}",en,Sauk,noun,429761,Thâkîwa,,,en,Sauk,noun,429761,athâwâwi,,,en,Sauk,noun,429761,neniwa,,
sju,10,full_language,,sju,false,Ume Sami,,,,[],[],"{""en"": 2, ""fi"": 3, ""hu"": 3, ""sv"": 2}",en,cottage,noun,140125,gåhtie,,,sv,nåjd,noun,122976,nåjddie,,,sv,nåjde,noun,311609,nåjddie,,
syl,10,full_language,,syl,false,Sylheti,,,,[],[],"{""en"": 6, ""it"": 3, ""sv"": 1}",it,silotese,adj,620214,ꠍꠤꠟꠐ,,,en,Sylhet region,name,453260,ꠍꠤꠟꠐ,,,en,Cachar,name,534509,ꠇꠣꠍꠣꠠ,,
tet,10,full_language,,tet,false,Tetum,,,,[],[],"{""en"": 1, ""id"": 8, ""pt"": 1}",en,Tetum,name,600114,Tetun,,,pt,tais,noun,2601,tais,,,id,lupa,verb,894,luha,,
tsd,10,full_language,,tsd,false,Tsakonian,,,,[],[],"{""el"": 10}",el,και,conj,0,τσαι,,,el,ώρα,noun,265,ούρα,,,el,γυναίκα,noun,373,γουναίκα,,
wrh,10,full_language,,wrh,false,Wiradjuri,,,,[],[],"{""en"": 9, ""pl"": 1}",en,Wagga Wagga,name,415854,wagga,,,en,billabong,noun,424636,bilabang,,,en,billabong,noun,424636,bila,,
xas,10,full_language,,xas,false,Kamassian,,,,[],[],"{""en"": 2, ""fi"": 6, ""hu"": 2}",en,Kamas,noun,541671,кхаӈмажә,,,fi,ei,verb,7,ей,,,fi,tänään,adv,359,ҭейнен,,
xib,10,full_language,,xib,false,Iberian,,,,[],[],"{""ca"": 2, ""en"": 1, ""es"": 2, ""la"": 1, ""pt"": 3, ""tr"": 1}",es,ilergete,adj,650646,Iltirta,,,en,Segarra,name,488164,segar,,,pt,Maia,name,8685,Amaia,,
yai,10,full_language,,yai,false,Yaghnobi,,,,[],[],"{""en"": 10}",en,sun,name,22956,хур,,,en,bear,noun,42043,вур,,,en,cottage,noun,140125,кат,,
zkt,10,full_language,,zkt,false,Khitan,,,,[],[],"{""en"": 7, ""nl"": 1, ""ru"": 2}",en,Cathay,name,355126,𘱿𘲫,,,en,Khitan,noun,538850,𘱿𘲫,,,en,Daur,noun,565978,⿰𘲆𘮒,,
+suffix,9,template_marker,,,false,,,,,[],[],"{""en"": 9}",en,sympathetic,adj,174122,en,,,en,sympathetic,adj,174122,sympathy,,,en,sympathetic,adj,174122,etic,,
aoc,9,full_language,,aoc,false,Pemon,,,,[],[],"{""en"": 8, ""pt"": 1}",en,manatee,noun,361664,manatü,,,en,curare,noun,484351,urari,,,en,Roraima,name,507594,Roroimü,,
av,9,full_language,,av,false,Avar,,,,[],[],"{""en"": 5, ""fi"": 1, ""ru"": 1, ""tr"": 2}",en,Ban,name,58957,баян,,,en,Makhachkala,name,478621,МахӀачхъала,,,en,Avar,name,530194,аварал,,
"be,bg,mk,ru,uk",9,multiple_languages,,,false,,,,,[],"[{""input"": ""be"", ""classification"": ""full_language"", ""canonical"": ""be"", ""name"": ""Belarusian""}, {""input"": ""bg"", ""classification"": ""full_language"", ""canonical"": ""bg"", ""name"": ""Bulgarian""}, {""input"": ""mk"", ""classification"": ""full_language"", ""canonical"": ""mk"", ""name"": ""Macedonian""}, {""input"": ""ru"", ""classification"": ""full_language"", ""canonical"": ""ru"", ""name"": ""Russian""}, {""input"": ""uk"", ""classification"": ""full_language"", ""canonical"": ""uk"", ""name"": ""Ukrainian""}]","{""en"": 9}",en,on,adj,202,на,,,en,end,noun,3297,на,,,en,brother,noun,15789,брат,,
bft,9,full_language,,bft,false,Balti,,,,[],[],"{""en"": 5, ""id"": 1, ""nb"": 1, ""pl"": 1, ""pt"": 1}",en,polo,noun,181126,پولو,,,en,Skardu,name,546712,སྐར་དོ,,,en,Shigar,name,630312,ཤི༌གར།,,
"bg,mk,ru",9,multiple_languages,,,false,,,,,[],"[{""input"": ""bg"", ""classification"": ""full_language"", ""canonical"": ""bg"", ""name"": ""Bulgarian""}, {""input"": ""mk"", ""classification"": ""full_language"", ""canonical"": ""mk"", ""name"": ""Macedonian""}, {""input"": ""ru"", ""classification"": ""full_language"", ""canonical"": ""ru"", ""name"": ""Russian""}]","{""en"": 7, ""uk"": 2}",en,shell,noun,77743,скала́,,,en,bee,noun,124448,пчела́,,,en,leek,noun,340441,лук,,
"br,cy",9,multiple_languages,,,false,,,,,[],"[{""input"": ""br"", ""classification"": ""full_language"", ""canonical"": ""br"", ""name"": ""Breton""}, {""input"": ""cy"", ""classification"": ""full_language"", ""canonical"": ""cy"", ""name"": ""Welsh""}]","{""en"": 8, ""la"": 1}",en,all,det,407,holl,,,en,tooth,noun,126188,dant,,,la,sagus,noun,3173,sae,,
"ca,pt",9,multiple_languages,,,false,,,,,[],"[{""input"": ""ca"", ""classification"": ""full_language"", ""canonical"": ""ca"", ""name"": ""Catalan""}, {""input"": ""pt"", ""classification"": ""full_language"", ""canonical"": ""pt"", ""name"": ""Portuguese""}]","{""en"": 1, ""es"": 2, ""fr"": 2, ""gl"": 1, ""it"": 3}",fr,tomber,verb,4674,tombar,,,fr,ferrer,verb,45143,ferrar,,,es,siesta,noun,23934,sesta,,
"cim,mhn",9,multiple_languages,,,false,,,,,[],"[{""input"": ""cim"", ""classification"": ""full_language"", ""canonical"": ""cim"", ""name"": ""Cimbrian""}, {""input"": ""mhn"", ""classification"": ""full_language"", ""canonical"": ""mhn"", ""name"": ""Mòcheno""}]","{""en"": 9}",en,live,verb,4531,lem,,,en,sea,noun,18017,sea,,,en,wind,noun,31450,bint,,
cro,9,full_language,,cro,false,Crow,,,,[],[],"{""en"": 9}",en,Crazy Dog,noun,36569,bishkawaaláaxa,,,en,Son of the Morning Star,name,36571,ihkaléaxa,,,en,Son of the Morning Star,name,36571,dáaka,,
"fax,gl",9,multiple_languages,,,false,,,,,[],"[{""input"": ""fax"", ""classification"": ""full_language"", ""canonical"": ""fax"", ""name"": ""Fala""}, {""input"": ""gl"", ""classification"": ""full_language"", ""canonical"": ""gl"", ""name"": ""Galician""}]","{""pt"": 9}",pt,bom,adj,350,bo,,,pt,Portugal,name,1648,Portugal,,,pt,fé,noun,3385,fe,,
"gl,pt,es",9,multiple_languages,,,false,,,,,[],"[{""input"": ""gl"", ""classification"": ""full_language"", ""canonical"": ""gl"", ""name"": ""Galician""}, {""input"": ""pt"", ""classification"": ""full_language"", ""canonical"": ""pt"", ""name"": ""Portuguese""}, {""input"": ""es"", ""classification"": ""full_language"", ""canonical"": ""es"", ""name"": ""Spanish""}]","{""ca"": 5, ""en"": 1, ""fr"": 3}",fr,souverain,adj,17854,soberano,,,fr,commère,noun,67856,comadre,,,en,deificate,verb,677555,deificar,,
kdd,9,full_language,,kdd,false,Yankunytjatjara,,,,[],[],"{""en"": 9}",en,Yankunytjatjara,noun,692041,Yankunytjatjara,,,en,Yankunytjatjara,noun,692041,yankunytja,,,en,Yankunytjatjara,noun,692041,tjara,,
kls,9,full_language,,kls,false,Kalasha,,,,[],[],"{""en"": 9}",en,long,adj,2383,driga,,,en,Joshi,name,355938,zhoshi,,,en,Kalash,noun,500705,کالؕاشؕا,,
kr,9,full_language,,kr,false,Kanuri,,,,[],[],"{""en"": 3, ""eo"": 1, ""fi"": 1, ""id"": 3, ""nb"": 1}",en,Chad,name,152365,tsade,,,en,kob,noun,473708,kob,,,en,kirta,noun,1411372,kə́rtá,,
ks,9,full_language,,ks,false,Kashmiri,,,,[],[],"{""en"": 9}",en,navel,noun,327223,ناب,,,en,Raina,name,359234,𑆫𑆽𑆤𑆳,,,en,Kaul,name,429717,कौल,,
ksw,9,full_language,,ksw,false,S'gaw Karen,,,,[],[],"{""en"": 5, ""vi"": 4}",en,S'gaw,noun,1386674,စှီၤ,,,en,K'nyaw,noun,1426403,ကညီ,,,en,talabaw,noun,1426406,တၢ်လပီၣ်,,
mch,9,full_language,,mch,false,Ye'kwana,,,,[],[],"{""en"": 8, ""es"": 1}",es,curiara,noun,744885,kudiyada,,,en,yuca,noun,514031,kiyede,,,en,alouatte,noun,890327,adawa'ta,,
ncb,9,full_language,,ncb,false,Central Nicobarese,,,,[],[],"{""vi"": 9}",vi,con,noun,237,kōan,,,vi,nước,noun,241,râk,,,vi,mày,pron,13431,me,,
"nl,de,nds",9,multiple_languages,,,false,,,,,[],"[{""input"": ""nl"", ""classification"": ""full_language"", ""canonical"": ""nl"", ""name"": ""Dutch""}, {""input"": ""de"", ""classification"": ""full_language"", ""canonical"": ""de"", ""name"": ""German""}, {""input"": ""nds"", ""classification"": ""full_language"", ""canonical"": ""nds"", ""name"": ""Low German""}]","{""en"": 9}",en,long,adj,2383,lang,,,en,wild,adj,34567,wild,,,en,laugh,noun,46690,lachen,,
nuo,9,full_language,,nuo,false,Nguôn,,,,[],[],"{""vi"": 9}",vi,nước,noun,241,đác,,,vi,tiếng,noun,871,thiếng,,,vi,chẳng,adv,4249,chẳng,,
"oc,ca",9,multiple_languages,,,false,,,,,[],"[{""input"": ""oc"", ""classification"": ""full_language"", ""canonical"": ""oc"", ""name"": ""Occitan""}, {""input"": ""ca"", ""classification"": ""full_language"", ""canonical"": ""ca"", ""name"": ""Catalan""}]","{""en"": 1, ""fr"": 6, ""it"": 2}",fr,vécu,verb,7556,viscut,,,fr,jugement,noun,9298,jutjament,,,fr,tendresse,noun,26819,tendresa,,
ono,9,full_language,,ono,false,Onondaga,,,,[],[],"{""en"": 9}",en,Canada,name,22961,gana꞉dá꞉yęʼ,,,en,three sisters,noun,75419,ahsę́ naˀdegųdęhnų́·dæ·ˀ,,,en,Onondaga,noun,387591,Onöñda’gaga’,,
pea,9,full_language,,pea,false,Peranakan Indonesian,,,,[],[],"{""en"": 1, ""id"": 7, ""nl"": 1}",en,kecap manis,noun,629833,ketjap,,,nl,ketjap,noun,47411,ketjap,,,id,ah,intj,908,ach,,
"pl,sk,sl",9,multiple_languages,,,false,,,,,[],"[{""input"": ""pl"", ""classification"": ""full_language"", ""canonical"": ""pl"", ""name"": ""Polish""}, {""input"": ""sk"", ""classification"": ""full_language"", ""canonical"": ""sk"", ""name"": ""Slovak""}, {""input"": ""sl"", ""classification"": ""full_language"", ""canonical"": ""sl"", ""name"": ""Slovene""}]","{""en"": 9}",en,brother,noun,15789,brat,,,en,web,noun,39414,osa,,,en,timber,noun,138524,dom,,
pl-gre,9,etymology_only,supported,pl-gre,false,Greater Polish,pl,pl,Polish,"[""pl-gre"", ""pl""]",[],"{""pl"": 9}",pl,janki,noun,50437,świętojanka,,,pl,ankur,noun,125227,ankórka,,,pl,nawrzeczy,particle,178400,powrzeczy,,
roa-bbn,9,full_language,,roa-bbn,false,Bourbonnais-Berrichon,,,,[],[],"{""fr"": 9}",fr,nous,pron,200,je,,,fr,être,verb,218,éter,,,fr,ils,pron,225,ils,,
roa-poi,9,full_language,,roa-poi,false,Poitevin-Saintongeais,,,,[],[],"{""en"": 1, ""fr"": 8}",fr,savoir,verb,1193,saver,,,fr,pouvoir,verb,1219,pevàe,,,fr,eau,noun,1373,ève,,
sbv,9,full_language,,sbv,false,Sabine,,,,[],[],"{""en"": 1, ""id"": 1, ""la"": 7}",en,arena,noun,86399,fasēna,,,id,arena,noun,6157,fasēna,,,la,arena,noun,4628,fasēna,,
see,9,full_language,,see,false,Seneca,,,,[],[],"{""en"": 7, ""eo"": 1, ""pl"": 1}",en,Ohio,name,51878,Ohi꞉yoʼ,,,en,Ohio County,name,63395,ohiːyo',,,en,Ohio River,name,68266,ohiːyoʼ,,
sla,9,family,,sla,false,Slavic,,,,[],[],"{""el"": 2, ""en"": 4, ""ro"": 3}",el,-ω,suffix,521,-o,,,el,καρβέλι,noun,24105,karvalj,,,en,Luba,name,440553,Luba,,
sth,9,full_language,,sth,false,Shelta,,,,[],[],"{""en"": 9}",en,roger,verb,77737,roger,,,en,lush,noun,221722,lush,,,en,bloke,noun,221768,loke,,
tmh,9,full_language,,tmh,false,Tuareg,,,,[],[],"{""en"": 4, ""fr"": 1, ""la"": 2, ""nb"": 2}",fr,Ténéré,name,114515,tenere,,,en,Tamasheq,name,794208,tamasheq,,,en,Tawallammat Tamajaq,noun,1318526,ⵜⴰⵎⴰⵌⵈ,,
tok,9,full_language,,tok,false,Toki Pona,,,,[],[],"{""de"": 1, ""en"": 2, ""eo"": 1, ""fi"": 1, ""fr"": 1, ""nl"": 1, ""ru"": 1, ""tr"": 1}",fr,toki pona,noun,124190,toki pona,,,de,Toki Pona,name,171445,toki pona,,,en,Toki Pona,name,582349,toki pona,,
ts,9,full_language,,ts,false,Tsonga,,,,[],[],"{""en"": 3, ""fi"": 1, ""pt"": 5}",en,nyala,noun,546779,nyala,,,en,madala,noun,571348,madala,,,en,Xitsonga,name,601080,Xitsonga,,
urk,9,full_language,,urk,false,Urak Lawoi',,,,[],[],"{""id"": 9}",id,jalan,noun,371,ยฺาลัด,,,id,singgah,verb,9396,ซีงะฮ,,,id,angan,noun,11454,อาเงน,,
xce,9,full_language,,xce,false,Celtiberian,,,,[],[],"{""ca"": 1, ""en"": 2, ""es"": 2, ""gl"": 1, ""la"": 2, ""pt"": 1}",es,Logroño,name,36156,gronio,,,es,desmoronar,verb,111714,boruna,,,en,Segovia,name,419445,Segouia,,
xhu,9,full_language,,xhu,false,Hurrian,,,,[],[],"{""el"": 1, ""en"": 3, ""fi"": 1, ""la"": 3, ""tr"": 1}",el,γουδί,noun,15355,𒀉𒆠,,,en,Hurrian,noun,561947,𒄷𒌨𒊑,,,fi,hurri,noun,32180,𒄷𒌨𒊑,,
+rdp,8,template_marker,,,false,,,,,[],[],"{""id"": 6, ""tr"": 2}",tr,yavaş yavaş,adv,2412,tr,,,tr,yavaş yavaş,adv,2412,yavaş,,,id,cita-cita,noun,4493,id,,
aa,8,full_language,,aa,false,Afar,,,,[],[],"{""en"": 2, ""fi"": 1, ""fr"": 1, ""id"": 3, ""nb"": 1}",fr,Tadjourah,name,121976,Tagorri,,,en,Djibouti,name,356674,gabouti,,,en,ramidus,noun,623498,ramid,,
aeb,8,full_language,,aeb,false,Tunisian Arabic,,,,[],[],"{""de"": 1, ""en"": 4, ""fr"": 1, ""it"": 2}",fr,Sfax,name,66751,صفاقس,,,de,Sfax,name,155729,صفاقس,,,it,farfalla,noun,23664,فرططو,,
ajp,8,full_language,,ajp,false,South Levantine Arabic,,,,[],[],"{""en"": 4, ""es"": 1, ""fr"": 1, ""id"": 1, ""ru"": 1}",fr,talmouse,noun,334137,طَلْمُوسَة,,,es,Bukele,name,100772,بقيلة,,,en,labneh,noun,586652,لَبْنَة,,
ayl,8,full_language,,ayl,false,Libyan Arabic,,,,[],[],"{""ca"": 1, ""en"": 1, ""es"": 2, ""gl"": 1, ""it"": 1, ""pt"": 2}",es,zanahoria,noun,35082,سفنارية,سفنّاريّة,,es,calafate,noun,67535,قلفاط,,,it,Gheddafi,name,31119,قدافي,,
coo,8,full_language,,coo,false,Comox,,,,[],[],"{""en"": 8}",en,ʔayʔaǰuθəm,name,1456485,ʔayʔaǰuθəm,,,en,ʔayʔajuθəm,name,1456487,ʔayʔajuθəm,,,en,Éy7á7juuthem,name,1456519,ʔayʔaǰuθəm,,
de-CH,8,etymology_only,supported,de-CH,false,Switzerland German,de,de,German,"[""de-CH"", ""de""]",[],"{""da"": 1, ""en"": 6, ""nl"": 1}",en,Cham,name,366929,Cham,,,en,Gstaad,name,454864,Gstaad,,,en,kepi,noun,548566,Käppi,,
es-CL,8,etymology_only,supported,es-CL,false,Chilean Spanish,es,es,Spanish,"[""es-CL"", ""es""]",[],"{""en"": 8}",en,Valparaíso,name,509938,Valparaíso,,,en,Temuco,name,540513,Temuco,,,en,Chiloé,name,564788,Chiloé,,
eve,8,full_language,,eve,false,Even,,,,[],[],"{""en"": 5, ""ru"": 2, ""tr"": 1}",en,Even,name,1489,эвэн,,,en,Sea of Okhotsk,name,475737,окат,,,en,Okhotsk,name,476485,окат,,
"gl,es,it",8,multiple_languages,,,false,,,,,[],"[{""input"": ""gl"", ""classification"": ""full_language"", ""canonical"": ""gl"", ""name"": ""Galician""}, {""input"": ""es"", ""classification"": ""full_language"", ""canonical"": ""es"", ""name"": ""Spanish""}, {""input"": ""it"", ""classification"": ""full_language"", ""canonical"": ""it"", ""name"": ""Italian""}]","{""pt"": 8}",pt,livro,noun,1313,libro,,,pt,uva,noun,19653,uva,,,pt,infante,noun,37281,infante,,
gld,8,full_language,,gld,false,Nanai,,,,[],[],"{""en"": 4, ""ru"": 1, ""tr"": 3}",en,Nanai,noun,549745,нани,,,en,Nanai,noun,549745,най,,,ru,кета,noun,89141,кета,,
grc-epc,8,etymology_only,external,grc-epi,true,Epic Greek,grc,grc,Ancient Greek,"[""grc-epi"", ""grc""]",[],"{""el"": 1, ""en"": 2, ""es"": 1, ""it"": 1, ""la"": 3}",el,κήλεος,noun,68793,κήλεος,,,es,ptolemaico,adj,173881,πτόλεμος,,,it,tolemaico,adj,100247,πτόλεμος,,
hac,8,full_language,,hac,false,Gurani,,,,[],[],"{""en"": 8}",en,heart,noun,9135,زێڵ,,,en,sun,name,22956,وەر,,,en,cottage,noun,140125,کەَ,,
hns,8,full_language,,hns,false,Caribbean Hindustani,,,,[],[],"{""en"": 1, ""nl"": 7}",en,Dougla,noun,1062299,dugalaa,,,nl,roti,noun,34501,roti,,,nl,bara,noun,35068,bára,,
ibb,8,full_language,,ibb,false,Ibibio,,,,[],[],"{""en"": 7, ""eo"": 1}",en,tango,noun,216221,tamgu,,,en,calypso,noun,342229,ka iso,,,en,buckra,noun,649104,mbakara,,
its,8,full_language,,its,false,Itsekiri,,,,[],[],"{""en"": 3, ""id"": 3, ""nb"": 1, ""sv"": 1}",en,Benin,name,313809,Ubinu,,,en,Itsekiri,noun,610191,Itsẹkiri,Ìtsẹ̀kírì,,sv,Benin,name,59346,Ubinu,,
jhi,8,full_language,,jhi,false,Jehai,,,,[],[],"{""id"": 7, ""vi"": 1}",id,tempur,verb,7233,poh,,,id,anting,noun,12888,anting,,,id,babu,noun,15310,baboʔ,,
kea,8,full_language,,kea,false,Kabuverdianu,,,,[],[],"{""en"": 2, ""pt"": 6}",en,Badiu,noun,658256,badiu,,,pt,torar,verb,110756,tora,tora(r),,pt,cretcheu,noun,296598,kretxeu,,
kee,8,full_language,,kee,false,Eastern Keres,,,,[],[],"{""en"": 8}",en,Zia,adj,340579,Tsi'ya,,,en,Cochiti,noun,571800,Kotyit,,,en,Picuris,noun,1394404,Pikuli,,
kgp,8,full_language,,kgp,false,Kaingang,,,,[],[],"{""pt"": 8}",pt,Erechim,name,54647,re,,,pt,Erechim,name,54647,sĩ,,,pt,Apucarana,name,56842,apó,,
ksd,8,full_language,,ksd,false,Tolai,,,,[],[],"{""en"": 6, ""fi"": 1, ""id"": 1}",en,kina,noun,435006,kina,,,en,Rabaul,name,449618,baul,,,en,Duk-Duk,noun,457127,Douk,,
mbf,8,full_language,,mbf,false,Baba Malay,,,,[],[],"{""id"": 8}",id,Minggu,noun,788,Minggu,,,id,batu,noun,937,batu,,,id,kursi,noun,2234,krosi,,
mns-eas,8,etymology_only,external,mns-eas,false,Eastern Mansi,mns-cen,mns-cen,Central Mansi,"[""mns-eas"", ""mns-cen""]",[],"{""fi"": 4, ""hu"": 4}",fi,salama,noun,11594,са̄л,,,fi,tarmo,noun,17797,те̄рыӈ,,,fi,västäräkki,noun,73197,уртшых,,
mns-sou,8,full_language,,mns-sou,false,Southern Mansi,,,,[],[],"{""fi"": 1, ""hu"": 7}",fi,yö,noun,3675,йӣ,,,hu,tó,noun,2475,то̄,,,hu,fej,noun,3319,пӧӈ,,
"myv,mdf",8,multiple_languages,,,false,,,,,[],"[{""input"": ""myv"", ""classification"": ""full_language"", ""canonical"": ""myv"", ""name"": ""Erzya""}, {""input"": ""mdf"", ""classification"": ""full_language"", ""canonical"": ""mdf"", ""name"": ""Moksha""}]","{""fi"": 6, ""hu"": 2}",fi,uusi,adj,378,од,,,fi,nuori,adj,1423,нар,,,fi,sulkea,verb,6488,сёлгомс,,
"nap,scn",8,multiple_languages,,,false,,,,,[],"[{""input"": ""nap"", ""classification"": ""full_language"", ""canonical"": ""nap"", ""name"": ""Neapolitan""}, {""input"": ""scn"", ""classification"": ""full_language"", ""canonical"": ""scn"", ""name"": ""Sicilian""}]","{""en"": 1, ""es"": 1, ""id"": 1, ""it"": 2, ""nb"": 1, ""nl"": 1, ""pt"": 1}",es,lava,noun,22118,lava,,,it,lava,noun,19496,lava,,,it,quercia,noun,23512,cerza,,
"nl,de",8,multiple_languages,,,false,,,,,[],"[{""input"": ""nl"", ""classification"": ""full_language"", ""canonical"": ""nl"", ""name"": ""Dutch""}, {""input"": ""de"", ""classification"": ""full_language"", ""canonical"": ""de"", ""name"": ""German""}]","{""en"": 7, ""sv"": 1}",en,clean,adj,22974,klein,,,en,Petter,name,417751,Ludewig,,,en,Mand,name,437625,Mand,,
"oc,pt",8,multiple_languages,,,false,,,,,[],"[{""input"": ""oc"", ""classification"": ""full_language"", ""canonical"": ""oc"", ""name"": ""Occitan""}, {""input"": ""pt"", ""classification"": ""full_language"", ""canonical"": ""pt"", ""name"": ""Portuguese""}]","{""ca"": 3, ""fr"": 4, ""it"": 1}",fr,lancer,verb,7414,lançar,,,fr,tenaille,noun,66124,tenalha,,,it,lanciare,verb,12300,lançar,,
oka,8,full_language,,oka,false,Okanagan,,,,[],[],"{""en"": 8}",en,Kelowna,name,368894,kiʔláwnaʔ,,,en,Osoyoos,name,529663,Sẁiẁs,,,en,Sinixt,noun,1232523,Sn̓ʕaýckstx,,
ote,8,full_language,,ote,false,Mezquital Otomi,,,,[],[],"{""en"": 3, ""es"": 5}",es,Ixmiquilpan,name,104517,Nts’u̱tk’ani,,,es,Mixquiahuala,name,163095,Ntꞌähi,,,es,xaminí,noun,660343,xaꞌmni,,
otw,8,full_language,,otw,false,Ottawa,,,,[],[],"{""en"": 8}",en,Pontiac,name,299659,Bwandiag,,,en,Stoney,noun,356053,sinii-bwaan,,,en,Stoney Sioux,name,370922,sinii-bwaan,,
pgl,8,full_language,,pgl,false,Primitive Irish,,,,[],[],"{""en"": 8}",en,it,pron,191,ᚕᚑᚔ,,,en,Conan,name,248182,ᚉᚑᚅᚐᚅᚅ,,,en,Duane,name,287403,ᚇᚑᚃᚐᚌᚅᚔ,,
pot,8,full_language,,pot,false,Potawatomi,,,,[],[],"{""en"": 8}",en,Kenosha,name,357766,gnozhé,,,en,Potawatomi,noun,481245,Bodéwademi,,,en,Neshnabé,noun,1431467,Neshnabé,,
rhg,8,full_language,,rhg,false,Rohingya,,,,[],[],"{""en"": 4, ""pt"": 4}",en,Rohingya,name,332141,ruáingga,,,en,Rohingya,name,332141,Rohang,,,pt,roinga,noun,325644,ruáingga,,
sc-sro,8,etymology_only,external,sc-sro,false,Campidanese,sc,sc,Sardinian,"[""sc-sro"", ""sc""]",[],"{""es"": 2, ""fr"": 2, ""it"": 2, ""ro"": 2}",fr,avoir,verb,376,ai,airi,,es,haber,verb,962,ai,airi,,it,orbace,noun,140688,orbaci,,
sgh,8,full_language,,sgh,false,Shughni,,,,[],[],"{""en"": 8}",en,sun,name,22956,хӣр,,,en,snow,noun,46716,жиниҷ,,,en,Khufi,name,1319223,خفی,,
srs,8,full_language,,srs,false,Tsuut'ina,,,,[],[],"{""en"": 8}",en,Tsuut'ina,noun,830382,Tsúùt’ínà,,,en,Tsúùt'ínà,noun,1461379,Tsúùt'ínà,,,en,Tsúut'ínà,noun,1461396,Tsúut'ínà,,
tly,8,full_language,,tly,false,Talysh,,,,[],[],"{""en"": 7, ""ru"": 1}",en,heart,noun,9135,dıl,,,en,fee,noun,62820,pəs,,,en,Talysh,noun,903461,Tolışon,,
ute,8,full_language,,ute,false,Ute,,,,[],[],"{""en"": 5, ""es"": 2, ""pl"": 1}",es,Utah,name,45481,entaw,,,es,Yuta,name,74291,entaw,,,en,Comanche,noun,350516,kɨmantsi,,
xwo,8,full_language,,xwo,false,Written Oirat,,,,[],[],"{""en"": 6, ""ru"": 1, ""uk"": 1}",en,Kashi,name,393710,ᡍᠠᠱᡅᡎᠠᠷ,,,en,Lop Nur,name,406372,ᠯᠣ᠊ᠫ ᠨᡇᡇᠷ,,,en,Lop Nur,name,406372,ᠯᠣ᠊ᠫ,,
VL.,7,etymology_only,supported,la-vul,true,Vulgar Latin,la-cla,la,Latin,"[""la-vul"", ""la-cla"", ""la""]",[],"{""ca"": 1, ""es"": 1, ""fr"": 3, ""it"": 1, ""nl"": 1}",fr,Fontainebleau,name,34549,Fontem blahaud,,,fr,déchant,noun,139184,discantō,,,fr,avunculaire,adj,159370,avunculus,,
ab,7,full_language,,ab,false,Abkhaz,,,,[],[],"{""en"": 4, ""ru"": 2, ""tr"": 1}",en,cottage,noun,140125,ақыҭа,,,en,adjika,noun,865519,аџьыка,,,en,apsar,noun,945776,аԥсар,,
akz,7,full_language,,akz,false,Alabama,,,,[],[],"{""en"": 2, ""fi"": 1, ""fr"": 2, ""pl"": 1, ""pt"": 1}",fr,Alabama,noun,41958,Albaamaha,,,en,Alabama,noun,96886,albaamo,,,pt,alabama,noun,30550,Albaamaha,,
atv,7,full_language,,atv,false,Northern Altai,,,,[],[],"{""en"": 1, ""tr"": 6}",en,koumiss,noun,689963,кымыс,,,tr,öğrenmek,verb,1775,ӱгренерге,,,tr,çıkmak,verb,2972,шыгарга,чыгарга,
"bg,mk,ru,uk",7,multiple_languages,,,false,,,,,[],"[{""input"": ""bg"", ""classification"": ""full_language"", ""canonical"": ""bg"", ""name"": ""Bulgarian""}, {""input"": ""mk"", ""classification"": ""full_language"", ""canonical"": ""mk"", ""name"": ""Macedonian""}, {""input"": ""ru"", ""classification"": ""full_language"", ""canonical"": ""ru"", ""name"": ""Russian""}, {""input"": ""uk"", ""classification"": ""full_language"", ""canonical"": ""uk"", ""name"": ""Ukrainian""}]","{""en"": 7}",en,web,noun,39414,оса́,,,en,doom,noun,173973,ду́ма,,,en,wasp,noun,258475,оса́,,
clm,7,full_language,,clm,false,Klallam,,,,[],[],"{""en"": 7}",en,Sequim,name,526609,sxʷčkʷíyəŋ,,,en,Makah,noun,533499,màq̓áʔa,,,en,Elwha,name,558171,ʔéʔɬx̣ʷaʔ,,
"cs,pl,sk",7,multiple_languages,,,false,,,,,[],"[{""input"": ""cs"", ""classification"": ""full_language"", ""canonical"": ""cs"", ""name"": ""Czech""}, {""input"": ""pl"", ""classification"": ""full_language"", ""canonical"": ""pl"", ""name"": ""Polish""}, {""input"": ""sk"", ""classification"": ""full_language"", ""canonical"": ""sk"", ""name"": ""Slovak""}]","{""en"": 6, ""uk"": 1}",en,night,noun,3792,noc,,,en,floor,noun,24678,pole,,,en,knedle,noun,1490681,knedle,,
de-AT-vie,7,etymology_only,supported,de-AT-vie,false,Viennese German,de-AT,de,German,"[""de-AT-vie"", ""de-AT"", ""de""]",[],"{""hu"": 7}",hu,fess,adj,28502,fesch,,,hu,módi,noun,30463,modi,,,hu,perfid,adj,30566,perfid,,
emk,7,full_language,,emk,false,Eastern Maninkakan,,,,[],[],"{""en"": 3, ""es"": 1, ""pt"": 3}",es,banana,noun,30648,banana,,,en,banana,noun,140035,banana,,,en,mansa,noun,461535,mànsa,,
"fo,is,nb,nn",7,multiple_languages,,,false,,,,,[],"[{""input"": ""fo"", ""classification"": ""full_language"", ""canonical"": ""fo"", ""name"": ""Faroese""}, {""input"": ""is"", ""classification"": ""full_language"", ""canonical"": ""is"", ""name"": ""Icelandic""}, {""input"": ""nb"", ""classification"": ""full_language"", ""canonical"": ""nb"", ""name"": ""Norwegian Bokmål""}, {""input"": ""nn"", ""classification"": ""full_language"", ""canonical"": ""nn"", ""name"": ""Norwegian Nynorsk""}]","{""en"": 7}",en,gold,noun,13367,gull,,,en,ship,noun,25333,skip,,,en,egg,noun,68659,egg,,
fr-CH,7,etymology_only,supported,fr-CH,false,Swiss French,fr,fr,French,"[""fr-CH"", ""fr""]",[],"{""de"": 1, ""en"": 5, ""fr"": 1}",fr,bringue,noun,91229,bringe,,,de,à fonds perdu,adv,90190,à fonds perdu,,,en,Gruyère,noun,504650,grue,,
gil,7,full_language,,gil,false,Gilbertese,,,,[],[],"{""en"": 5, ""fi"": 1, ""id"": 1}",en,Kiribati,name,399137,Kiribati,,,en,Kiritimati,name,652017,Kiritimati,,,en,bubuti,verb,1318676,bubuti,,
"gl,ast,es",7,multiple_languages,,,false,,,,,[],"[{""input"": ""gl"", ""classification"": ""full_language"", ""canonical"": ""gl"", ""name"": ""Galician""}, {""input"": ""ast"", ""classification"": ""full_language"", ""canonical"": ""ast"", ""name"": ""Asturian""}, {""input"": ""es"", ""classification"": ""full_language"", ""canonical"": ""es"", ""name"": ""Spanish""}]","{""pt"": 7}",pt,aldeia,noun,6394,aldea,,,pt,sombra,noun,8406,sombra,,,pt,catar,verb,24885,catar,,
"gl,es,ca",7,multiple_languages,,,false,,,,,[],"[{""input"": ""gl"", ""classification"": ""full_language"", ""canonical"": ""gl"", ""name"": ""Galician""}, {""input"": ""es"", ""classification"": ""full_language"", ""canonical"": ""es"", ""name"": ""Spanish""}, {""input"": ""ca"", ""classification"": ""full_language"", ""canonical"": ""ca"", ""name"": ""Catalan""}]","{""pt"": 7}",pt,mês,noun,1527,mes,,,pt,marfim,noun,20507,marfil,,,pt,cabra,noun,23151,cabra,,
gmw-pro,7,full_language,,gmw-pro,false,Proto-West Germanic,,,,[],[],"{""de"": 3, ""en"": 4}",de,zwo,num,50531,twō,,,de,zäunen,verb,67944,tūnijan,,,en,pool,noun,45716,pōl,,
guc,7,full_language,,guc,false,Wayuu,,,,[],[],"{""en"": 5, ""es"": 2}",es,guajiro,adj,81802,guajiro,,,en,canoe,noun,231040,anuwa,,,en,maize,noun,260288,maiki,,
gul,7,full_language,,gul,false,Gullah,,,,[],[],"{""en"": 7}",en,juke,noun,348720,juke,,,en,cooter,noun,426125,cootuh,,,en,jook,noun,525639,juke,,
gwi,7,full_language,,gwi,false,Gwich'in,,,,[],[],"{""ca"": 1, ""en"": 4, ""fr"": 1, ""pt"": 1}",fr,Yukon,name,51267,yukon,,,en,Yukon,name,287297,ųųg han,,,en,Klondike,name,393719,throndiuk,,
hid,7,full_language,,hid,false,Hidatsa,,,,[],[],"{""en"": 7}",en,Arapaho,noun,447470,arúpahu,,,en,Sacagawea,name,498591,Cagáàgawia,,,en,Hidatsa,noun,539077,híraaca,,
iow,7,full_language,,iow,false,Chiwere,,,,[],[],"{""en"": 6, ""pl"": 1}",en,Nebraska,name,143895,Ñí Brásge,,,en,Nebraska,name,143895,Ñí Bráhge,,,en,Pawnee,name,350767,pányi,,
"is,sv",7,multiple_languages,,,false,,,,,[],"[{""input"": ""is"", ""classification"": ""full_language"", ""canonical"": ""is"", ""name"": ""Icelandic""}, {""input"": ""sv"", ""classification"": ""full_language"", ""canonical"": ""sv"", ""name"": ""Swedish""}]","{""en"": 7}",en,bear,noun,42043,björn,,,en,ash,noun,112864,aska,,,en,ale,noun,197751,öl,,
kab,7,full_language,,kab,false,Kabyle,,,,[],[],"{""en"": 1, ""es"": 1, ""fr"": 2, ""it"": 1, ""la"": 2}",fr,Zemmour,name,31474,azemmur,,,fr,Staouéli,name,140348,ⵚⵟⴰⵡⴰⵍⵉ,,,es,tagarnina,noun,751271,lqeṛnun,,
mov,7,full_language,,mov,false,Mojave,,,,[],[],"{""en"": 7}",en,Mojave Desert,name,323278,Hamakhaave,,,en,Lake Havasu,name,422814,havasuu,,,en,Mohave,noun,423911,Hamakhaave,,
"oc,fr",7,multiple_languages,,,false,,,,,[],"[{""input"": ""oc"", ""classification"": ""full_language"", ""canonical"": ""oc"", ""name"": ""Occitan""}, {""input"": ""fr"", ""classification"": ""full_language"", ""canonical"": ""fr"", ""name"": ""French""}]","{""ca"": 5, ""pt"": 2}",pt,jardim,noun,4395,jardin,,,pt,linho,noun,38061,lin,,,ca,petit,adj,1097,petit,,
sc-src,7,etymology_only,external,sc-src,false,Logudorese,sc,sc,Sardinian,"[""sc-src"", ""sc""]",[],"{""es"": 2, ""fr"": 2, ""it"": 1, ""la"": 1, ""ro"": 1}",fr,avoir,verb,376,àere,,,es,haber,verb,962,àere,,,it,lattime,noun,501429,lattimine,,
sdc,7,full_language,,sdc,false,Sassarese,,,,[],[],"{""fr"": 2, ""it"": 4, ""ro"": 1}",fr,être,verb,218,assé,,,it,ci,pron,149,zi,,,it,Stintino,name,91289,Isthintinu,,
skr,7,full_language,,skr,false,Saraiki,,,,[],[],"{""en"": 7}",en,freeze,verb,121079,پسݨ,,,en,Multan,name,416393,ملتان,,,en,Brahui,noun,601906,براہوئی,,
tkl,7,full_language,,tkl,false,Tokelauan,,,,[],[],"{""en"": 6, ""fi"": 1}",en,haka,noun,402275,haka,,,en,Tokelau,name,482566,Tokelau,,,en,Tokelau,name,482566,tokelau,,
trm,7,full_language,,trm,false,Tregami,,,,[],[],"{""en"": 5, ""la"": 2}",en,brother,noun,15789,brā,,,en,eye,noun,20235,ac̣ĩ,,,la,tata,noun,2985,tát,,
vkt,7,full_language,,vkt,false,Tenggarong Kutai Malay,,,,[],[],"{""id"": 7}",id,kesah,noun,16895,kesah,,,id,Tenggarong,name,20203,Tenggarong,,,id,Sangatta,name,20923,Sengata,,
win,7,full_language,,win,false,Winnebago,,,,[],[],"{""en"": 7}",en,Ho-Chunk,noun,224566,hoocąk,,,en,Pawnee,name,350767,pa꞉ní,,,en,Hoocąk,noun,1461200,Hoocąk,,
wuu-sha,7,etymology_only,external,wuu-sha,false,Shanghainese,wuu-nor,wuu,Wu,"[""wuu-sha"", ""wuu-nor"", ""wuu""]",[],"{""en"": 3, ""id"": 2, ""it"": 2}",it,cincin,intj,133487,請,,,en,chin-chin,intj,194419,請,,,en,vetsin,noun,1048637,味精,,
wyi,7,full_language,,wyi,false,Woiwurrung,,,,[],[],"{""en"": 7}",en,mallee,noun,439987,mali,,,en,Mordialloc,name,528270,yaluk,murt yaluk,,en,yabber,verb,655906,yaba,,
yha,7,full_language,,yha,false,Baha,,,,[],[],"{""vi"": 7}",vi,ngủ,verb,4935,ŋu¹¹,,,vi,trộm,noun,17008,lam⁴⁵,,,vi,bốc,verb,18704,pok³¹,,
+clip,6,template_marker,,,false,,,,,[],[],"{""cs"": 2, ""en"": 4}",en,radio-,prefix,20827,en,,,en,radio-,prefix,20827,radiation,,,en,responsor,noun,794050,en,,
+compound,6,template_marker,,,false,,,,,[],[],"{""cs"": 3, ""pl"": 3}",pl,Baba Jędza,name,45841,pl,,,pl,Baba Jędza,name,45841,baba,,,pl,Baba Jędza,name,45841,jędza,,
+prefix,6,template_marker,,,false,,,,,[],[],"{""en"": 6}",en,Antichrist,name,310788,en,,,en,Antichrist,name,310788,anti,,,en,Antichrist,name,310788,Christ,,
+univerbation,6,template_marker,,,false,,,,,[],[],"{""cs"": 3, ""nl"": 3}",nl,voorhanden,adj,22030,nl,,,nl,voorhanden,adj,22030,voor,,,nl,voorhanden,adj,22030,handen,,
alu,6,full_language,,alu,false,'Are'are,,,,[],[],"{""en"": 5, ""id"": 1}",en,same,adj,2449,tama,,,en,Papeete,name,487788,kato,,,id,sama,adj,152,tama,,
ang-wsx,6,etymology_only,external,ang-wsx,false,West Saxon Old English,ang,ang,Old English,"[""ang-wsx"", ""ang""]",[],"{""en"": 6}",en,street,noun,9927,strǣt,,,en,sleep,verb,18588,slǣpan,,,en,teem,verb,464141,tīeman,,
arc-nab,6,etymology_only,external,arc-nab,false,Nabataean Aramaic,arc,arc,Aramaic,"[""arc-nab"", ""arc""]",[],"{""en"": 3, ""la"": 3}",en,Nabataean,noun,547585,𐢕𐢃𐢋𐢈,,,la,Nabataei,name,837923,𐢕𐢃𐢋𐢈,,,la,Nabataeus,name,879576,𐢕𐢃𐢋𐢈,,
"be,bg,mk,ru",6,multiple_languages,,,false,,,,,[],"[{""input"": ""be"", ""classification"": ""full_language"", ""canonical"": ""be"", ""name"": ""Belarusian""}, {""input"": ""bg"", ""classification"": ""full_language"", ""canonical"": ""bg"", ""name"": ""Bulgarian""}, {""input"": ""mk"", ""classification"": ""full_language"", ""canonical"": ""mk"", ""name"": ""Macedonian""}, {""input"": ""ru"", ""classification"": ""full_language"", ""canonical"": ""ru"", ""name"": ""Russian""}]","{""en"": 5, ""uk"": 1}",en,timber,noun,138524,дом,,,en,stool,noun,227582,стол,,,uk,-лка,suffix,41038,-лка,,
"bg,ru,uk",6,multiple_languages,,,false,,,,,[],"[{""input"": ""bg"", ""classification"": ""full_language"", ""canonical"": ""bg"", ""name"": ""Bulgarian""}, {""input"": ""ru"", ""classification"": ""full_language"", ""canonical"": ""ru"", ""name"": ""Russian""}, {""input"": ""uk"", ""classification"": ""full_language"", ""canonical"": ""uk"", ""name"": ""Ukrainian""}]","{""en"": 6}",en,fox,noun,46713,пух,,,en,shield,noun,90983,щит,,,en,acorn,noun,305541,я́года,,
bhp,6,full_language,,bhp,false,Bima,,,,[],[],"{""id"": 6}",id,Bima,noun,5853,bima,,,id,Bima,noun,5853,imbi,,,id,Bima,noun,5853,ruma,,
bin,6,full_language,,bin,false,Edo,,,,[],[],"{""en"": 4, ""fi"": 2}",en,Edo,name,283549,Ẹ̀dó,,,en,Isoko,noun,632813,isoko,,,en,obeche,noun,1043504,ovbẹkhẹ,obeche,
"ca,fr",6,multiple_languages,,,false,,,,,[],"[{""input"": ""ca"", ""classification"": ""full_language"", ""canonical"": ""ca"", ""name"": ""Catalan""}, {""input"": ""fr"", ""classification"": ""full_language"", ""canonical"": ""fr"", ""name"": ""French""}]","{""en"": 2, ""it"": 1, ""pt"": 1, ""ro"": 2}",it,motto,noun,16574,mot,,,en,tooth,noun,126188,dent,,,pt,repreender,verb,55301,reprendre,,
cak,6,full_language,,cak,false,Kaqchikel,,,,[],[],"{""en"": 5, ""es"": 1}",es,espumuy,noun,713887,xpumuy,,,en,Xocomil,name,687735,Xokomil,,,en,Totonicapán,name,802627,Chimekʼenyaʼ,,
cdo,6,full_language,,cdo,false,Eastern Min,,,,[],[],"{""en"": 6}",en,Ding,name,207233,陳,,,en,Ting,name,255869,陳,,,en,Nga,name,345964,倪,,
"ckb,sdh",6,multiple_languages,,,false,,,,,[],"[{""input"": ""ckb"", ""classification"": ""full_language"", ""canonical"": ""ckb"", ""name"": ""Central Kurdish""}, {""input"": ""sdh"", ""classification"": ""full_language"", ""canonical"": ""sdh"", ""name"": ""Southern Kurdish""}]","{""en"": 6}",en,brother,noun,15789,برا,,,en,moon,name,43006,مانگ,,,,,,,,,
"cs,pl,sk,sl",6,multiple_languages,,,false,,,,,[],"[{""input"": ""cs"", ""classification"": ""full_language"", ""canonical"": ""cs"", ""name"": ""Czech""}, {""input"": ""pl"", ""classification"": ""full_language"", ""canonical"": ""pl"", ""name"": ""Polish""}, {""input"": ""sk"", ""classification"": ""full_language"", ""canonical"": ""sk"", ""name"": ""Slovak""}, {""input"": ""sl"", ""classification"": ""full_language"", ""canonical"": ""sl"", ""name"": ""Slovene""}]","{""en"": 6}",en,on,adj,202,na,,,en,eye,noun,20235,oko,,,,,,,,,
cu-bgm,6,etymology_only,external,cu-bgm,false,Middle Bulgarian,cu,cu,Old Church Slavonic,"[""cu-bgm"", ""cu""]",[],"{""el"": 2, ""ro"": 4}",el,κουτσός,adj,44625,коуцъ,,,ro,strugure,noun,24028,стръжити,,,ro,Dlăgopole,name,128615,Длъгополе,,
"da,fo,is,nb,nn,sv",6,multiple_languages,,,false,,,,,[],"[{""input"": ""da"", ""classification"": ""full_language"", ""canonical"": ""da"", ""name"": ""Danish""}, {""input"": ""fo"", ""classification"": ""full_language"", ""canonical"": ""fo"", ""name"": ""Faroese""}, {""input"": ""is"", ""classification"": ""full_language"", ""canonical"": ""is"", ""name"": ""Icelandic""}, {""input"": ""nb"", ""classification"": ""full_language"", ""canonical"": ""nb"", ""name"": ""Norwegian Bokmål""}, {""input"": ""nn"", ""classification"": ""full_language"", ""canonical"": ""nn"", ""name"": ""Norwegian Nynorsk""}, {""input"": ""sv"", ""classification"": ""full_language"", ""canonical"": ""sv"", ""name"": ""Swedish""}]","{""en"": 6}",en,rain,noun,42040,regn,,,en,salt,noun,52880,salt,,,en,pound,noun,87782,pund,,
dgr,6,full_language,,dgr,false,Dogrib,,,,[],[],"{""en"": 6}",en,Yellowknife,name,421615,T'satsąot'ınę,,,en,T'satsaot'ine,name,1218601,T'satsąot'ınę,,,en,Wiliideh,name,1282416,Wıı̀lıı̀deh Yatıı̀,Wıı̀lıı̀deh,
djk,6,full_language,,djk,false,Aukan,,,,[],[],"{""en"": 2, ""nl"": 4}",en,obeah,noun,504816,obiya,,,nl,lo,noun,13842,ló,,,nl,tabbetje,noun,128204,tabiki,,
"dz,bo",6,multiple_languages,,,false,,,,,[],"[{""input"": ""dz"", ""classification"": ""full_language"", ""canonical"": ""dz"", ""name"": ""Dzongkha""}, {""input"": ""bo"", ""classification"": ""full_language"", ""canonical"": ""bo"", ""name"": ""Tibetan""}]","{""en"": 6}",en,Je Khenpo,noun,577073,རྗེ་མཁན་པོ,,,en,Drukpa,adj,604066,འབྲུག་པ,,,en,Drukpa Kagyu,name,635759,འབྲུག་པ་བཀའ་བརྒྱུད,,
el-cyp,6,etymology_only,supported,el-cyp,false,Cypriot Greek,el,el,Greek,"[""el-cyp"", ""el""]",[],"{""el"": 1, ""tr"": 5}",el,κολοκάσι,noun,48491,κολοκάσιν,,,tr,guli,noun,23279,κουλούκι,,,tr,bulli,noun,23556,πουλλίν,,
es-US,6,etymology_only,supported,es-US,false,United States Spanish,es,es,Spanish,"[""es-US"", ""es""]",[],"{""en"": 6}",en,tuna,noun,205132,tuna,,,en,bongo,noun,340386,bongó,,,en,Latinx,adj,428452,latinx,,
fkv,6,full_language,,fkv,false,Kven,,,,[],[],"{""en"": 2, ""fi"": 1, ""nb"": 3}",en,Kven,name,626890,kvääni,,,nb,Trifanhula,name,75974,Triffananlaassa,,,nb,Trifanskjæret,name,77180,Triffananlaassa,,
fos,6,full_language,,fos,false,Siraya,,,,[],[],"{""en"": 5, ""id"": 1}",en,Kaohsiung,name,413255,takau,,,en,Siraya,name,1077920,sidaia,,,en,Takow,name,1215616,takau,,
gmq,6,family,,gmq,false,North Germanic,,,,[],[],"{""en"": 4, ""la"": 1, ""nl"": 1}",en,Johansen,name,358946,Johansen,,,en,Sten,name,403832,Sten,,,en,Nygaard,name,460395,Nygaard,,
gnc,6,full_language,,gnc,false,Guanche,,,,[],[],"{""en"": 1, ""es"": 5}",es,cambur,noun,96478,camburi,,,es,guanche,noun,112957,guanchinet,,,es,Garachico,name,124539,igara,,
goq,6,full_language,,goq,false,Gorap,,,,[],[],"{""en"": 5, ""id"": 1}",en,Gorap,adj,1393601,Gorap,,,en,gorap,noun,1393603,gorap,,,en,goraps,noun,1393605,gorap-gorap,,
hwc,6,full_language,,hwc,false,Hawaiian Creole,,,,[],[],"{""en"": 6}",en,jan ken po,noun,195291,jan ken po,,,en,da kine,adj,458118,da,,,en,da kine,adj,458118,kine,,
ikt,6,full_language,,ikt,false,Inuvialuktun,,,,[],[],"{""en"": 5, ""nb"": 1}",en,Nunavut,name,364709,nunakput,,,en,umiak,noun,598385,ᐅᒥᐊᖅ,,,en,Tuktoyaktuk,name,603492,Tuktuyaaqtuuq,,
inc-mbn,6,full_language,,inc-mbn,false,Middle Bengali,,,,[],[],"{""en"": 4, ""id"": 1, ""pl"": 1}",en,Bengal,name,197882,বাঙ্গালা,,,en,Kamarupa,name,1271579,কাঙুর,,,pl,Bengal,name,44507,বাঙ্গালা,,
inh,6,full_language,,inh,false,Ingush,,,,[],[],"{""el"": 1, ""en"": 2, ""ru"": 2, ""tr"": 1}",el,κουτάλι,noun,9819,кӏудал,,,en,Iron,name,39774,Хӏире,,,ru,ингуш,noun,126033,Ангушт,,
jbo,6,full_language,,jbo,false,Lojban,,,,[],[],"{""en"": 4, ""eo"": 1, ""fi"": 1}",en,Lojban,name,605327,lojban.,,,en,tanru,noun,658156,tanru,,,en,sumti tcita,noun,876736,sumti tcita,,
kac,6,full_language,,kac,false,Jingpho,,,,[],[],"{""en"": 1, ""vi"": 5}",en,Jingpho,name,681496,Jinghpaw,,,vi,rượu,noun,9079,ru,,,vi,sáp,noun,20560,krep,,
kam,6,full_language,,kam,false,Kamba,,,,[],[],"{""en"": 1, ""id"": 3, ""nb"": 2}",en,Kenya,name,117805,kii nyaa,,,nb,Kenya,name,7912,Kĩ-Nyaa,,,nb,Kenya,name,7912,Kĩlĩma Kĩinyaa,,
kkv,6,full_language,,kkv,false,Kangean,,,,[],[],"{""en"": 6}",en,Bekisar,noun,1202316,bekisar,,,en,Kangean,adj,1337785,kangean,,,en,Kangeanese,adj,1337788,kangean,,
man,6,full_language,,man,false,Mandingo,,,,[],[],"{""en"": 4, ""fr"": 2}",fr,Traoré,name,40496,Tarawele,,,fr,soumbala,noun,339948,sunbala,,,en,kino,noun,348954,cano,,
mas,6,full_language,,mas,false,Maasai,,,,[],[],"{""en"": 5, ""nl"": 1}",en,Nairobi,name,223617,enkare nyrobi,,,en,Olduvai,name,499292,Olduvai,,,en,Oldowan,adj,611753,Olduvai,,
mdr,6,full_language,,mdr,false,Mandar,,,,[],[],"{""en"": 4, ""id"": 2}",en,Bugis,noun,479247,Bugis,,,id,Bugis,name,13208,Bugis,,,id,kawao,noun,32754,kawao,,
mfa,6,full_language,,mfa,false,Pattani Malay,,,,[],[],"{""en"": 2, ""id"": 4}",en,Phuket,name,321206,بوكيت,,,en,Satun,name,1123210,ستول,,,id,jalan,noun,371,جالٍي,,
mfe,6,full_language,,mfe,false,Mauritian Creole,,,,[],[],"{""en"": 6}",en,sega,noun,280407,sega,,,en,belna,noun,1217101,belna,,,en,Morisyen,name,1469588,morisyen,,
"mhn,wym",6,multiple_languages,,,false,,,,,[],"[{""input"": ""mhn"", ""classification"": ""full_language"", ""canonical"": ""mhn"", ""name"": ""Mòcheno""}, {""input"": ""wym"", ""classification"": ""full_language"", ""canonical"": ""wym"", ""name"": ""Vilamovian""}]","{""en"": 6}",en,it,pron,191,s,,,en,grass,noun,79094,gros,,,,,,,,,
miq,6,full_language,,miq,false,Miskito,,,,[],[],"{""en"": 5, ""fi"": 1}",en,Miskito,adj,560170,Miskito,,,en,cohune,noun,707264,ókhún,,,en,gibnut,noun,1154507,ibina,,
mkn,6,full_language,,mkn,false,Kupang Malay,,,,[],[],"{""id"": 6}",id,main,verb,1081,maen,,,id,mol,noun,17950,mol,,,id,sombar,noun,30352,sombar,,
"no,da",6,multiple_languages,,,false,,,,,[],"[{""input"": ""no"", ""classification"": ""full_language"", ""canonical"": ""no"", ""name"": ""Norwegian""}, {""input"": ""da"", ""classification"": ""full_language"", ""canonical"": ""da"", ""name"": ""Danish""}]","{""en"": 3, ""ru"": 1, ""sv"": 2}",en,ford,noun,63954,fjord,,,en,swallow,noun,163132,svale,,,sv,samvaro,noun,40309,samvær,,
nsk,6,full_language,,nsk,false,Naskapi,,,,[],[],"{""en"": 4, ""fr"": 2}",fr,naskapi,noun,400849,ᓇᔅᑲᐱ,,,en,Wabush,name,606738,waban,,,en,Naskapi,noun,620668,ᓇᔅᑲᐱ,,
omr,6,full_language,,omr,false,Old Marathi,,,,[],[],"{""en"": 4, ""pl"": 1, ""pt"": 1}",en,mongoose,noun,372533,𑘦𑘳𑘽𑘐𑘳𑘭,,,en,Patil,name,381266,𑘢𑘘𑘺𑘩,,,en,sambar,noun,462572,सांबार,,
one,6,full_language,,one,false,Oneida,,,,[],[],"{""en"": 6}",en,three sisters,noun,75419,áshʌnaɂtekutahnú·tele,,,en,Shenandoah,name,344699,oskanu꞉tú,,,en,Oneida,noun,354120,Onyota'a꞉ka,,
paw,6,full_language,,paw,false,Pawnee,,,,[],[],"{""en"": 6}",en,Atira,name,592454,Atira,,,en,Atira,name,592454,atira,,,en,Atira asteroid,noun,592456,Atira,,
pcm,6,full_language,,pcm,false,Nigerian Pidgin,,,,[],[],"{""en"": 5, ""nl"": 1}",en,japa,verb,478836,japa,,,en,guyman,noun,1034753,guyman,,,en,oyinbo,noun,1091894,oyibo,oyinbo,
phr,6,full_language,,phr,false,Pahari-Potwari,,,,[],[],"{""en"": 6}",en,gora,adj,420442,گورا,,,en,yaara,noun,564890,یارا,,,en,Pahari-Pothwari,name,1319277,پَہاڑی پوٹھْواری,,
pjt,6,full_language,,pjt,false,Pitjantjatjara,,,,[],[],"{""en"": 6}",en,mala,noun,340690,mala,,,en,Uluru,name,439352,Uluṟu,,,en,minga,noun,577593,minga tjuta,,
pml,6,full_language,,pml,false,Sabir,,,,[],[],"{""en"": 6}",en,bona,adj,276672,bona,,,en,bijou,adj,400818,bijou,,,en,vada,verb,424810,vada,,
rmg,6,full_language,,rmg,false,Traveller Norwegian,,,,[],[],"{""en"": 2, ""sv"": 4}",en,shack,noun,243993,hak,,,sv,bärs,noun,12547,bøsjt,,,sv,tji,noun,31625,kji,,
rmo,6,full_language,,rmo,false,Sinte Romani,,,,[],[],"{""en"": 2, ""es"": 2, ""fr"": 2}",fr,romanichel,noun,154992,romani čel,,,es,lumi,noun,108443,lubni,,,es,jiñar,verb,566056,xinel,,
roa-tar,6,full_language,,roa-tar,false,Tarantino,,,,[],[],"{""en"": 1, ""it"": 2, ""ro"": 3}",it,controra,noun,164599,condrora,,,it,cartellata,noun,289061,carteddàte,,,en,tarantula,noun,364745,Tarde,,
sda,6,full_language,,sda,false,Toraja-Sa'dan,,,,[],[],"{""en"": 4, ""id"": 2}",en,Bugis,noun,479247,Bugi',,,id,Bugis,name,13208,Bugi',,,id,bingsu,noun,29531,bingsu,,
shh,6,full_language,,shh,false,Shoshone,,,,[],[],"{""en"": 6}",en,Oregon,name,90992,ogoe,,,en,Nampa,name,447015,nampai,,,en,Tooele,name,482710,tuuwɨɨta,,
shs,6,full_language,,shs,false,Shuswap,,,,[],[],"{""en"": 5, ""fr"": 1}",fr,Kamloops,name,93920,tk'əmlúps,,,en,Kamloops,name,389212,tk'əmlúps,,,en,kokanee,noun,529194,keknécw,kəknǽxʷ,
sml,6,full_language,,sml,false,Central Sama,,,,[],[],"{""en"": 3, ""es"": 3}",es,Zamboanga,name,101129,Samboangan,,,es,Zamboanga,name,101129,sambuwang,,,es,Zamboanga,name,101129,-an,,
snk,6,full_language,,snk,false,Soninke,,,,[],[],"{""en"": 1, ""eo"": 1, ""id"": 3, ""pl"": 1}",en,Ghana,name,157604,gajanŋa,,,pl,Ghana,name,34825,gajanŋa,,,id,Ghana,name,19179,gajanŋa,,
squ,6,full_language,,squ,false,Squamish,,,,[],[],"{""en"": 6}",en,Squamish,noun,431341,Sḵwx̱wú7mesh,,,en,Kitsilano,name,523281,X̱atsʼalanexw,,,en,Sḵwx̱wú7mesh,noun,1048772,Sḵwx̱wú7mesh,,
"stq,fy",6,multiple_languages,,,false,,,,,[],"[{""input"": ""stq"", ""classification"": ""full_language"", ""canonical"": ""stq"", ""name"": ""Saterland Frisian""}, {""input"": ""fy"", ""classification"": ""full_language"", ""canonical"": ""fy"", ""name"": ""West Frisian""}]","{""en"": 6}",en,will,verb,515,wolle,,,en,win,verb,7197,winne,,,en,broad,adj,60546,breed,,
sty,6,full_language,,sty,false,Siberian Tatar,,,,[],[],"{""en"": 6}",en,Kalmuck,adj,756187,ҡалмаҡ,,,en,Calmuck,adj,780040,ҡалмаҡ,,,,,,,,,
tem,6,full_language,,tem,false,Temne,,,,[],[],"{""ca"": 1, ""en"": 4, ""eo"": 1}",en,cola,noun,186692,kola,,,en,kola,noun,393157,kola,,,en,camwood,noun,807215,k'am,,
tow,6,full_language,,tow,false,Jemez,,,,[],[],"{""en"": 6}",en,Jemez,adj,489994,hį́·mį́š,,,en,Hemis,adj,578863,hį́·mį́š,,,en,Hemish,adj,1444760,hį́·mį́š,,
tri,6,full_language,,tri,false,Trió,,,,[],[],"{""en"": 6}",en,manatee,noun,361664,manatï,,,en,curare,noun,484351,urari,,,en,aimara,noun,727848,aimara,,
tub,6,full_language,,tub,false,Tübatulabal,,,,[],[],"{""en"": 6}",en,Tübatulabal,noun,1165744,tɨbatulabal,,,en,Tübatulabal,noun,1165744,tɨbatul,,,,,,,,,
vai,6,full_language,,vai,false,Vai,,,,[],[],"{""en"": 2, ""es"": 1, ""pt"": 3}",es,banana,noun,30648,ꕒꘌꕯ,,,en,banana,noun,140035,ꕒꘌꕯ,,,pt,banana,noun,13861,ꕒꘌꕯ,,
wnw,6,full_language,,wnw,false,Wintu,,,,[],[],"{""en"": 6}",en,Yuki,noun,310800,yu·keh,,,en,Wintun,noun,634974,wintʰu·n,,,en,Wintu,name,923706,wintʰu·h,,
"xno,frm",6,multiple_languages,,,false,,,,,[],"[{""input"": ""xno"", ""name"": ""Anglo-Norman"", ""parent"": ""fro-nor"", ""root"": ""fro"", ""chain"": [""xno"", ""fro-nor"", ""fro""], ""section"": ""Old French"", ""classification"": ""etymology_only"", ""routing_classification"": ""external"", ""canonical"": ""xno""}, {""input"": ""frm"", ""classification"": ""full_language"", ""canonical"": ""frm"", ""name"": ""Middle French""}]","{""en"": 6}",en,brother-german,noun,41503,frere germain,,,en,sister-german,noun,48099,suer germaine,,,en,generality,noun,397935,generalité,,
xno-law,6,etymology_only,external,xno-law,false,Law French,xno,fro,Old French,"[""xno-law"", ""xno"", ""fro-nor"", ""fro""]",[],"{""en"": 5, ""id"": 1}",en,market overt,noun,267253,market overt,,,en,liberate,noun,278373,liberate,,,en,escrow,noun,312334,escroe,escrowe,
yux,6,full_language,,yux,false,Southern Yukaghir,,,,[],[],"{""en"": 6}",en,Yukaghir,noun,809592,йуукэ,,,en,Yukaghir,noun,809592,одул,,,,,,,,,
"an,ast,ext,es",5,multiple_languages,,,false,,,,,[],"[{""input"": ""an"", ""classification"": ""full_language"", ""canonical"": ""an"", ""name"": ""Aragonese""}, {""input"": ""ast"", ""classification"": ""full_language"", ""canonical"": ""ast"", ""name"": ""Asturian""}, {""input"": ""ext"", ""classification"": ""full_language"", ""canonical"": ""ext"", ""name"": ""Extremaduran""}, {""input"": ""es"", ""classification"": ""full_language"", ""canonical"": ""es"", ""name"": ""Spanish""}]","{""fr"": 2, ""it"": 2, ""pt"": 1}",fr,adieu,intj,17830,adiós,,,it,addio,intj,6829,adiós,,,pt,adeus,intj,9220,adiós,,
ard,5,full_language,,ard,false,Arabana,,,,[],[],"{""en"": 5}",en,witchety grub,noun,711132,mako,,,en,witchety grub,noun,711132,witjuti,,,en,witchety grub,noun,711132,mako witjuti,,
"ast,roa-leo",5,multiple_languages,,,false,,,,,[],"[{""input"": ""ast"", ""classification"": ""full_language"", ""canonical"": ""ast"", ""name"": ""Asturian""}, {""input"": ""roa-leo"", ""classification"": ""full_language"", ""canonical"": ""roa-leo"", ""name"": ""Leonese""}]","{""es"": 1, ""pt"": 4}",es,silla,noun,9562,siella,,,pt,preto,adj,3708,prietu,,,pt,relógio,noun,9370,reló,,
ayn,5,full_language,,ayn,false,Yemeni Arabic,,,,[],[],"{""en"": 4, ""id"": 1}",en,marfa,noun,437519,مرفع,,,en,kubaneh,noun,1027305,كبانة,,,en,skhug,noun,1249971,سحوق,,
bew-kot,5,etymology_only,external,bew-kot,false,Betawi Kota,bew,bew,Betawi,"[""bew-kot"", ""bew""]",[],"{""id"": 5}",id,gue,pron,1807,guè,,,id,deh,particle,3647,dèh,,,id,lo,pron,4798,lo,,
blc,5,full_language,,blc,false,Bella Coola,,,,[],[],"{""en"": 5}",en,Nuxalk,noun,619329,nuχalk,,,en,Nuxálk,name,866473,nuχalk,,,en,It7Nuxalkmc,name,1454281,ItNuxalkmc,,
bts,5,full_language,,bts,false,Simalungun Batak,,,,[],[],"{""id"": 5}",id,ber-,prefix,6275,mar-,,,id,Purba,name,11250,Purba,,,id,Sinaga,name,19124,Sinaga,,
"ca,gl",5,multiple_languages,,,false,,,,,[],"[{""input"": ""ca"", ""classification"": ""full_language"", ""canonical"": ""ca"", ""name"": ""Catalan""}, {""input"": ""gl"", ""classification"": ""full_language"", ""canonical"": ""gl"", ""name"": ""Galician""}]","{""fr"": 1, ""pt"": 4}",fr,oreille,noun,12073,orella,,,pt,resposta,noun,2405,resposta,,,pt,abaixar,verb,28343,abaixar,,
cea,5,full_language,,cea,false,Lower Chehalis,,,,[],[],"{""en"": 5}",en,chinook,noun,335598,c̓inúk,,,en,Chinook,name,335599,c̓inúk,,,en,Chehalis,noun,488181,C̓x̣íl̕əš,,
crb,5,full_language,,crb,false,Kalinago,,,,[],[],"{""en"": 2, ""es"": 1, ""nl"": 1, ""ru"": 1}",es,budare,noun,161053,butali,,,en,Garifuna,noun,520550,karifuna,,,nl,Aruba,name,15395,oruba,,
crg,5,full_language,,crg,false,Michif,,,,[],[],"{""en"": 4, ""fr"": 1}",fr,poutine,noun,15317,poutchine,,,en,travois,noun,589621,travawy,,,en,rubaboo,noun,712051,rubaboo,,
"csb,pl",5,multiple_languages,,,false,,,,,[],"[{""input"": ""csb"", ""classification"": ""full_language"", ""canonical"": ""csb"", ""name"": ""Kashubian""}, {""input"": ""pl"", ""classification"": ""full_language"", ""canonical"": ""pl"", ""name"": ""Polish""}]","{""en"": 3, ""uk"": 2}",en,straw,noun,142096,strona,,,uk,-івник,suffix,58594,-ownik,,,,,,,,,
ctz,5,full_language,,ctz,false,Zacatepec Chatino,,,,[],[],"{""en"": 2, ""es"": 3}",es,chatino,adj,201882,chaꞌ tiñan,,,en,Chatino,noun,963560,chaʔ tinyan,,,,,,,,,
cuk,5,full_language,,cuk,false,Kuna,,,,[],[],"{""en"": 3, ""fr"": 1, ""nl"": 1}",fr,chicha,noun,73061,chichab,,,en,guan,noun,355464,kwama,,,en,chicha,noun,465985,chichab,,
"da,fo,is,nb,nn",5,multiple_languages,,,false,,,,,[],"[{""input"": ""da"", ""classification"": ""full_language"", ""canonical"": ""da"", ""name"": ""Danish""}, {""input"": ""fo"", ""classification"": ""full_language"", ""canonical"": ""fo"", ""name"": ""Faroese""}, {""input"": ""is"", ""classification"": ""full_language"", ""canonical"": ""is"", ""name"": ""Icelandic""}, {""input"": ""nb"", ""classification"": ""full_language"", ""canonical"": ""nb"", ""name"": ""Norwegian Bokmål""}, {""input"": ""nn"", ""classification"": ""full_language"", ""canonical"": ""nn"", ""name"": ""Norwegian Nynorsk""}]","{""en"": 5}",en,near,adj,9602,nær,,,,,,,,,,,,,,,,
"da,is,nb,nn",5,multiple_languages,,,false,,,,,[],"[{""input"": ""da"", ""classification"": ""full_language"", ""canonical"": ""da"", ""name"": ""Danish""}, {""input"": ""is"", ""classification"": ""full_language"", ""canonical"": ""is"", ""name"": ""Icelandic""}, {""input"": ""nb"", ""classification"": ""full_language"", ""canonical"": ""nb"", ""name"": ""Norwegian Bokmål""}, {""input"": ""nn"", ""classification"": ""full_language"", ""canonical"": ""nn"", ""name"": ""Norwegian Nynorsk""}]","{""en"": 5}",en,well,adv,1307,vel,,,en,fowl,noun,318805,fugl,,,,,,,,,
"da,nn",5,multiple_languages,,,false,,,,,[],"[{""input"": ""da"", ""classification"": ""full_language"", ""canonical"": ""da"", ""name"": ""Danish""}, {""input"": ""nn"", ""classification"": ""full_language"", ""canonical"": ""nn"", ""name"": ""Norwegian Nynorsk""}]","{""en"": 3, ""sv"": 2}",en,green,noun,14867,grøn,,,en,horse,noun,37824,hors,,,sv,Tor,name,9543,Tor,,
"da,nn,sv",5,multiple_languages,,,false,,,,,[],"[{""input"": ""da"", ""classification"": ""full_language"", ""canonical"": ""da"", ""name"": ""Danish""}, {""input"": ""nn"", ""classification"": ""full_language"", ""canonical"": ""nn"", ""name"": ""Norwegian Nynorsk""}, {""input"": ""sv"", ""classification"": ""full_language"", ""canonical"": ""sv"", ""name"": ""Swedish""}]","{""en"": 5}",en,on,adj,202,å,,,en,Harold,name,135042,Harald,,,,,,,,,
dif,5,full_language,,dif,false,Dieri,,,,[],[],"{""en"": 5}",en,toa,noun,366504,toa,,,en,woma,noun,560834,woma,,,en,perentie,noun,654792,pirrinthi,,
efi,5,full_language,,efi,false,Efik,,,,[],[],"{""en"": 3, ""es"": 2}",es,chévere,adj,61357,chébere,,,en,buckra,noun,649104,mbakara,,,en,bakkra,noun,1152038,mbakara,,
"en,fr,oc",5,multiple_languages,,,false,,,,,[],"[{""input"": ""en"", ""classification"": ""full_language"", ""canonical"": ""en"", ""name"": ""English""}, {""input"": ""fr"", ""classification"": ""full_language"", ""canonical"": ""fr"", ""name"": ""French""}, {""input"": ""oc"", ""classification"": ""full_language"", ""canonical"": ""oc"", ""name"": ""Occitan""}]","{""es"": 2, ""it"": 2, ""pt"": 1}",es,adiós,intj,9563,adieu,,,it,addio,intj,6829,adieu,,,pt,adeus,intj,9220,adieu,,
enm-wmi,5,etymology_only,external,enm-wmi,false,West Midland Middle English,enm,enm,Middle English,"[""enm-wmi"", ""enm""]",[],"{""en"": 5}",en,sword,noun,80426,sword,,,en,mon,noun,164940,mon,,,en,churl,noun,553467,churle,,
es-CU,5,etymology_only,supported,es-CU,false,Cuban Spanish,es,es,Spanish,"[""es-CU"", ""es""]",[],"{""en"": 4, ""es"": 1}",es,cumbia,noun,27711,cumbé,,,en,Cuba libre,noun,346350,cubalibre,,,en,daiquiri,noun,430577,daiquiri,,
fit,5,full_language,,fit,false,Meänkieli,,,,[],[],"{""fi"": 3, ""sv"": 2}",sv,meänkieli,noun,41155,meänkieli,,,sv,Jukkasjärvi,name,54632,järvi,,,fi,meänkieli,noun,76791,meänkieli,,
gaa,5,full_language,,gaa,false,Ga,,,,[],[],"{""da"": 1, ""en"": 2, ""fi"": 1, ""id"": 1}",en,kwashiorkor,noun,576203,kwašiɔkɔ,,,en,shito,noun,604165,shito,,,da,kwashiorkor,noun,28117,kwašiɔkɔ,,
he-IL,5,etymology_only,external,he-IL,false,Israeli Hebrew,he,he,Hebrew,"[""he-IL"", ""he""]",[],"{""en"": 2, ""la"": 1, ""pl"": 1, ""ro"": 1}",en,Tzfat,name,1369237,צְפַת,,,en,Khamas,name,1396055,חַמַאס,,,ro,una-două,adv,640,חת־שתיים,חַת־שְׁתַּיִם,
hts,5,full_language,,hts,false,Hadza,,,,[],[],"{""de"": 2, ""en"": 3}",de,Hatza,noun,334243,person,,,de,Hatsa,noun,334244,person,,,en,Hadza,noun,527366,haza,,
ike,5,full_language,,ike,false,Eastern Canadian Inuktitut,,,,[],[],"{""en"": 5}",en,Hopedale,name,517605,Agvituk,,,en,kabloona,noun,705827,ᖃᓪᓗᓈᖅ,,,en,Makkovik,name,1324939,Maggovik,,
"it, pt, es",5,multiple_languages,,,false,,,,,[],"[{""input"": ""it"", ""classification"": ""full_language"", ""canonical"": ""it"", ""name"": ""Italian""}, {""input"": ""pt"", ""classification"": ""full_language"", ""canonical"": ""pt"", ""name"": ""Portuguese""}, {""input"": ""es"", ""classification"": ""full_language"", ""canonical"": ""es"", ""name"": ""Spanish""}]","{""en"": 5}",en,fine,adj,11332,fino,,,,,,,,,,,,,,,,
"it,es,pt",5,multiple_languages,,,false,,,,,[],"[{""input"": ""it"", ""classification"": ""full_language"", ""canonical"": ""it"", ""name"": ""Italian""}, {""input"": ""es"", ""classification"": ""full_language"", ""canonical"": ""es"", ""name"": ""Spanish""}, {""input"": ""pt"", ""classification"": ""full_language"", ""canonical"": ""pt"", ""name"": ""Portuguese""}]","{""ca"": 1, ""de"": 1, ""fr"": 2, ""la"": 1}",fr,mendiant,noun,49699,mendicante,,,de,Answald,name,360413,Osvaldo,,,ca,dau,noun,21376,dado,,
"it,pt",5,multiple_languages,,,false,,,,,[],"[{""input"": ""it"", ""classification"": ""full_language"", ""canonical"": ""it"", ""name"": ""Italian""}, {""input"": ""pt"", ""classification"": ""full_language"", ""canonical"": ""pt"", ""name"": ""Portuguese""}]","{""en"": 1, ""fr"": 4}",fr,nom,noun,996,nome,,,fr,tente,noun,7184,tenda,,,fr,légume,noun,38112,legume,,
kde,5,full_language,,kde,false,Makonde,,,,[],[],"{""en"": 1, ""fi"": 1, ""id"": 1, ""it"": 1, ""pt"": 1}",it,cicungugna,noun,621772,chikungunya,,,en,chikungunya,noun,446242,chikungunya,,,pt,chicungunha,noun,111328,chikungunya,,
ksh,5,etymology_only,external,ksh,false,Kölsch,gmw-cfr,gmw-cfr,Central Franconian,"[""ksh"", ""gmw-cfr""]",[],"{""de"": 3, ""nl"": 2}",de,Fotze,noun,19688,Fott,,,de,alaaf,intj,82233,ellef,,,de,Halve Hahn,noun,149682,halve Hahn,,
kut,5,full_language,,kut,false,Ktunaxa,,,,[],[],"{""en"": 5}",en,Aq'am,name,322116,ʔaq̓am,,,en,ʔakisq̓nuk,noun,1454182,ʔakisq̓nuk,,,en,ʔaq'am,noun,1454212,ʔaq̓am,,
"la-ecc,la-lat",5,multiple_languages,,,false,,,,,[],"[{""input"": ""la-ecc"", ""name"": ""Ecclesiastical Latin"", ""parent"": ""la"", ""root"": ""la"", ""chain"": [""la-ecc"", ""la""], ""section"": ""Latin"", ""classification"": ""etymology_only"", ""routing_classification"": ""supported"", ""canonical"": ""la-ecc""}, {""input"": ""la-lat"", ""name"": ""Late Latin"", ""parent"": ""la"", ""root"": ""la"", ""chain"": [""la-lat"", ""la""], ""section"": ""Latin"", ""classification"": ""etymology_only"", ""routing_classification"": ""supported"", ""canonical"": ""la-lat""}]","{""ca"": 3, ""pt"": 2}",pt,batismo,noun,22870,baptismus,,,pt,ermida,noun,62273,erēmīta,,,ca,encarnar,verb,26179,incarnō,incarnāre,
llx,5,full_language,,llx,false,Lauan,,,,[],[],"{""en"": 4, ""id"": 1}",en,same,adj,2449,dama,,,id,sama,adj,152,dama,,,,,,,,,
lus,5,full_language,,lus,false,Mizo,,,,[],[],"{""en"": 5}",en,Mizoram,name,432009,Mizoram,,,en,Mizoram,name,432009,mizo,,,en,Mizoram,name,432009,ram,,
mid,5,full_language,,mid,false,Mandaic,,,,[],[],"{""en"": 2, ""nl"": 3}",en,Mandaean,adj,609440,ࡌࡀࡍࡃࡀࡉࡉࡀ,,,nl,mandeeër,noun,122739,ࡌࡀࡍࡃࡀ,,,nl,mandeïsme,noun,129750,ࡌࡀࡍࡃࡀ,,
"ms, id",5,multiple_languages,,,false,,,,,[],"[{""input"": ""ms"", ""classification"": ""full_language"", ""canonical"": ""ms"", ""name"": ""Malay""}, {""input"": ""id"", ""classification"": ""full_language"", ""canonical"": ""id"", ""name"": ""Indonesian""}]","{""en"": 5}",en,same,adj,2449,sama,,,en,-ant,suffix,165143,-an,,,,,,,,,
myn,5,family,,myn,false,Mayan,,,,[],[],"{""es"": 5}",es,chute,noun,81652,shute,,,es,shute,noun,155771,shute,,,es,sucte,noun,384923,shute,,
nan-zha,5,etymology_only,external,nan-zha,false,Zhangzhou Hokkien,nan-hbl,nan-hbl,Hokkien,"[""nan-zha"", ""nan-hbl""]",[],"{""id"": 5}",id,hio,noun,23555,香,,,id,cepek,num,24011,一百,,,id,nopek,num,27064,兩百,,
"nb, nn",5,multiple_languages,,,false,,,,,[],"[{""input"": ""nb"", ""classification"": ""full_language"", ""canonical"": ""nb"", ""name"": ""Norwegian Bokmål""}, {""input"": ""nn"", ""classification"": ""full_language"", ""canonical"": ""nn"", ""name"": ""Norwegian Nynorsk""}]","{""de"": 1, ""en"": 4}",de,Schwert,noun,14655,sverd,,,en,guest,noun,55060,gjest,,,en,weapon,noun,59478,våpen,,
"nds,nl",5,multiple_languages,,,false,,,,,[],"[{""input"": ""nds"", ""classification"": ""full_language"", ""canonical"": ""nds"", ""name"": ""Low German""}, {""input"": ""nl"", ""classification"": ""full_language"", ""canonical"": ""nl"", ""name"": ""Dutch""}]","{""en"": 5}",en,after,adv,1074,achter,,,,,,,,,,,,,,,,
om,5,full_language,,om,false,Oromo,,,,[],[],"{""en"": 4, ""fi"": 1}",en,Oromo,noun,433595,Oromoo,,,en,guereza,noun,731741,gureezaa,,,en,Shashamane,name,1397111,Shashamannee,,
pfl,5,etymology_only,external,pfl,false,Palatine German,gmw-rfr,gmw-rfr,Rhine Franconian,"[""pfl"", ""gmw-rfr""]",[],"{""de"": 1, ""en"": 2, ""nl"": 2}",de,Hermersberg,name,143978,Hermerschberch,,,en,Pennsylvania Dutch,noun,122807,Deitsch,,,nl,worst,noun,15397,Wurst,,
pon,5,full_language,,pon,false,Pohnpeian,,,,[],[],"{""en"": 5}",en,Pohnpei,name,544112,Pohnpei,,,en,Pohnpei,name,544112,pohn,,,en,Pohnpei,name,544112,pehi,,
prs,5,etymology_only,external,prs,false,Dari,fa,fa,Persian,"[""prs"", ""fa""]",[],"{""en"": 5}",en,Safed Koh,name,488571,سفیدکوه,,,en,Uruzgan,name,521631,اروزگان,,,en,Nuristan,name,534567,نُورِسْتَان,,
pse,5,full_language,,pse,false,Central Malay,,,,[],[],"{""id"": 5}",id,juga,adv,54,juge,,,id,segala,pron,922,gale,,,id,kiai,noun,8855,yai,,
"pt,it",5,multiple_languages,,,false,,,,,[],"[{""input"": ""pt"", ""classification"": ""full_language"", ""canonical"": ""pt"", ""name"": ""Portuguese""}, {""input"": ""it"", ""classification"": ""full_language"", ""canonical"": ""it"", ""name"": ""Italian""}]","{""ca"": 1, ""en"": 1, ""es"": 2, ""fr"": 1}",fr,mégère,noun,72385,megera,,,es,impresionante,adj,9430,impressionante,,,es,conquista,noun,12500,conquista,,
qwc,5,full_language,,qwc,false,Classical Quechua,,,,[],[],"{""ca"": 1, ""en"": 3, ""es"": 1}",es,cóndor,noun,40455,kuntur,,,en,Lima,name,216264,Limaq,,,en,Inca,noun,317301,inka,,
scg,5,full_language,,scg,false,Sanggau,,,,[],[],"{""id"": 5}",id,Pontianak,name,8428,pontianak,,,id,Pontianak,name,8428,ponti,,,id,Pontianak,name,8428,anak,,
sje,5,full_language,,sje,false,Pite Sami,,,,[],[],"{""fi"": 4, ""sv"": 1}",sv,Arjeplog,name,38058,Árjepluovve,,,fi,ilo,noun,4543,âllo,,,fi,vaadin,noun,12189,vaatjam,,
"sk,sl",5,multiple_languages,,,false,,,,,[],"[{""input"": ""sk"", ""classification"": ""full_language"", ""canonical"": ""sk"", ""name"": ""Slovak""}, {""input"": ""sl"", ""classification"": ""full_language"", ""canonical"": ""sl"", ""name"": ""Slovene""}]","{""en"": 5}",en,work,noun,1577,vrša,,,en,tree,noun,30627,drevo,,,en,shell,noun,77743,skala,,
swi,5,full_language,,swi,false,Sui,,,,[],[],"{""en"": 3, ""vi"": 2}",en,Sui,noun,314792,Suic,,,vi,đập,verb,14432,tjap⁸,,,vi,mền,noun,28706,myeenz,,
tdd,5,full_language,,tdd,false,Tai Nüa,,,,[],[],"{""en"": 3, ""vi"": 2}",en,mong,noun,320621,ᥛᥫᥒᥰ,,,en,muang,noun,466833,ᥛᥫᥒᥰ,,,en,mueang,noun,523195,ᥛᥫᥒᥰ,,
tfn,5,full_language,,tfn,false,Dena'ina,,,,[],[],"{""en"": 4, ""ru"": 1}",en,Kenai,name,391827,kena,,,en,Ninilchik,name,631968,niqnilchint,,,en,Dena'ina,noun,705025,Denaʼina,,
thp,5,full_language,,thp,false,Thompson,,,,[],[],"{""en"": 5}",en,Nłeʔkepmxcín,name,1459580,nłeʔkepmxcín,,,en,Nłeʔkepmx,noun,1459581,nłeʔkepmx,,,en,Nlaka'pamux,noun,1459582,nłeʔkepmx,,
tlh,5,full_language,,tlh,false,Klingon,,,,[],[],"{""en"": 3, ""es"": 2}",es,klingon,adj,92716,tlhIngan,,,en,Klingon,noun,335239,tlhIngan,,,en,bat'leth,noun,595601,betleH,,
tmr,5,etymology_only,external,tmr,false,Jewish Babylonian Aramaic,arc,arc,Aramaic,"[""tmr"", ""arc""]",[],"{""en"": 1, ""la"": 2, ""ru"": 1, ""uk"": 1}",en,kiddushin,noun,608419,קידושין,,,ru,бадья,noun,145825,בָּטִיתָא,,,uk,баддя,noun,48621,בָּטִיתָא,,
tpw-lga,5,etymology_only,external,tpw-lga,false,Língua Geral Amazônica,tpw,tpw,Old Tupi,"[""tpw-lga"", ""tpw""]",[],"{""pt"": 5}",pt,Paraná,name,6844,paranã,paraná,,pt,Amapá,name,24849,amapá,,,pt,arapuca,noun,80177,gûyrapuka,,
tvl,5,full_language,,tvl,false,Tuvaluan,,,,[],[],"{""en"": 4, ""fi"": 1}",en,Tuvalu,name,427577,Tuuvalu,,,en,popolo,noun,462660,'opolo,,,en,Nanumea,name,1137668,Nanumea,,
"wa,fr",5,multiple_languages,,,false,,,,,[],"[{""input"": ""wa"", ""classification"": ""full_language"", ""canonical"": ""wa"", ""name"": ""Walloon""}, {""input"": ""fr"", ""classification"": ""full_language"", ""canonical"": ""fr"", ""name"": ""French""}]","{""it"": 5}",it,presso,adv,1433,près,,,,,,,,,,,,,,,,
wal,5,full_language,,wal,false,Wolaytta,,,,[],[],"{""en"": 5}",en,Wolayttattuwa,name,1409747,Wolayttattuwa,,,en,Wolayttatto Doonaa,name,1409748,Wolayttattuwa,,,en,Wolaytatuwa,name,1409749,Wolayttattuwa,,
xct,5,full_language,,xct,false,Classical Tibetan,,,,[],[],"{""fr"": 1, ""ru"": 4}",fr,zébu,noun,95787,མཛོ་པོ,,,ru,Цыренов,name,208622,ཚེ་རིང,,,ru,Ринчино,name,217969,རིན་ཆེན,,
xh-bha,5,etymology_only,external,xh-bha,false,Bhaca,xh,xh,Xhosa,"[""xh-bha"", ""xh""]",[],"{""en"": 5}",en,Bhaca,name,1454907,amaBhaca,,,en,IsiBhaca,name,1454909,isiBhaca,,,en,iBhaca,noun,1454910,iBhaca,,
+bor+,4,template_marker,,,false,,,,,[],[],"{""it"": 4}",it,antichità,noun,28123,it,,,it,antichità,noun,28123,la,,,it,antichità,noun,28123,antiquitas,,
+syncopic form,4,template_marker,,,false,,,,,[],[],"{""it"": 2, ""pl"": 2}",it,condurre,verb,11767,it,,,it,edurre,verb,411595,it,,,pl,człek,noun,34433,pl,,
EL.,4,etymology_only,supported,la-ecc,true,Ecclesiastical Latin,la,la,Latin,"[""la-ecc"", ""la""]",[],"{""ca"": 3, ""fr"": 1}",fr,archiépiscopat,noun,353975,archiepiscopātus,,,ca,reliquiari,noun,40292,reliquiarium,,,ca,abreviador,adj,120690,abbreviātor,,
abq,4,full_language,,abq,false,Abaza,,,,[],[],"{""en"": 3, ""ru"": 1}",en,Abaza,name,614162,абаза,,,ru,абазин,noun,162568,абаза,,,,,,,,,
ae-yng,4,etymology_only,external,ae-yng,false,Younger Avestan,ae-old,ae,Avestan,"[""ae-yng"", ""ae-old"", ""ae""]",[],"{""la"": 4}",la,pestis,noun,2038,𐬐𐬀𐬞𐬀𐬯𐬙𐬌𐬱,,,la,usque,adv,8316,𐬎𐬯𐬗𐬀,,,la,fraus,noun,62830,𐬛𐬭𐬁𐬎𐬎𐬀𐬌𐬌𐬁𐬝,,
akk-nas,4,etymology_only,external,akk-nas,false,Neo-Assyrian,akk,akk,Akkadian,"[""akk-nas"", ""akk""]",[],"{""en"": 4}",en,Gomer,name,425625,𒆳𒄀𒂇𒊏𒀀𒀀,,,en,Tabal,name,617104,Tabal,𒆳𒋫𒁄,,en,Kizzuwatna,name,1018247,Kisuatni,𒌷𒆠𒋢𒀜𒉌,
als,4,etymology_only,external,als,false,Tosk Albanian,sq,sq,Albanian,"[""als"", ""sq""]",[],"{""cs"": 1, ""ro"": 2, ""uk"": 1}",ro,vatră,noun,14444,vatër,,,ro,șopârlă,noun,16522,shapinj,,,uk,ватра,noun,25411,vatër,,
ang-nor,4,etymology_only,external,ang-nor,false,Northumbrian Old English,ang-ang,ang,Old English,"[""ang-nor"", ""ang-ang"", ""ang""]",[],"{""en"": 4}",en,drizzle,verb,294073,drysnan,,,en,auld,adj,329095,ald,,,en,Lomax,name,341332,hālas,,
any,4,full_language,,any,false,Anyi,,,,[],[],"{""en"": 1, ""fr"": 3}",fr,bahia,noun,48805,bahia,,,fr,sibo,noun,145245,sibo,,,fr,fraké,noun,392194,frake,,
apd,4,full_language,,apd,false,Sudanese Arabic,,,,[],[],"{""en"": 4}",en,Elshibairab,name,1287643,الشبيراب,,,en,merisa,noun,1405289,مريسة,,,en,jirtig,noun,1445916,جرتق,,
apq,4,full_language,,apq,false,A-Pucikwar,,,,[],[],"{""en"": 4}",en,A-Pucikwar,name,886330,a-,,,en,Pucikwar,noun,886381,Pucikwar,,,,,,,,,
art-nav,4,full_language,,art-nav,false,Naʼvi,,,,[],[],"{""en"": 2, ""es"": 1, ""fr"": 1}",fr,Naʼvi,noun,103205,Naʼvi,,,es,naʼvi,noun,113245,Naʼvi,,,en,Naʼvi,noun,424119,Naʼvi,,
atj,4,full_language,,atj,false,Atikamekw,,,,[],[],"{""en"": 3, ""fr"": 1}",fr,Wemotaci,name,132300,Wemotaci,,,en,Atikamekw,noun,747990,atikamekw,,,en,Wemotaci,name,1303300,Wemotaci,,
awa,4,full_language,,awa,false,Awadhi,,,,[],[],"{""en"": 4}",en,Awadhi,adj,600671,अवधी,,,en,Kamarupa,name,1271579,काँवरू,,,,,,,,,
awk,4,full_language,,awk,false,Awabakal,,,,[],[],"{""en"": 4}",en,Koori,noun,543359,gurri,,,en,Goori,noun,670973,gurri,,,en,mundowie,noun,996943,manduwaŋ,,
bbn,4,full_language,,bbn,false,Uneapa,,,,[],[],"{""en"": 2, ""fi"": 1, ""id"": 1}",en,Bali,name,195934,bali,,,en,Uneapa,name,1311710,Uniapa,,,fi,muduapa,noun,191623,Muduapa,,
bdl,4,full_language,,bdl,false,Indonesian Bajau,,,,[],[],"{""en"": 2, ""id"": 2}",en,Bajau,noun,599037,bajau,,,id,Bajau,noun,25057,bajau,,,id,bajau,noun,25647,bajau,,
bdy,4,full_language,,bdy,false,Bandjalang,,,,[],[],"{""en"": 4}",en,bunning,noun,495304,bunihyn,,,en,cunjevoi,noun,820644,kanjibuy,,,en,cudgerie,noun,957181,gajari,,
bea,4,full_language,,bea,false,Beaver,,,,[],[],"{""en"": 4}",en,Dane-zaa,noun,566288,Dane-ẕaa,,,en,Dane-ẕaa,noun,1459182,Dane-ẕaa,,,,,,,,,
bej,4,full_language,,bej,false,Beja,,,,[],[],"{""en"": 4}",en,Beja,adj,531776,Bidhááwi,,,en,Hadendoa,noun,1279720,Hadhandhiwa,,,,,,,,,
bhw,4,full_language,,bhw,false,Biak,,,,[],[],"{""en"": 2, ""id"": 2}",en,Biak,name,543619,wós,,,en,noken,noun,1295123,inoken,,,id,Biak,name,10796,Vyak,,
"ca,fr,es",4,multiple_languages,,,false,,,,,[],"[{""input"": ""ca"", ""classification"": ""full_language"", ""canonical"": ""ca"", ""name"": ""Catalan""}, {""input"": ""fr"", ""classification"": ""full_language"", ""canonical"": ""fr"", ""name"": ""French""}, {""input"": ""es"", ""classification"": ""full_language"", ""canonical"": ""es"", ""name"": ""Spanish""}]","{""pt"": 4}",pt,nem,adv,430,ni,,,,,,,,,,,,,,,,
"ca,gl,pt",4,multiple_languages,,,false,,,,,[],"[{""input"": ""ca"", ""classification"": ""full_language"", ""canonical"": ""ca"", ""name"": ""Catalan""}, {""input"": ""gl"", ""classification"": ""full_language"", ""canonical"": ""gl"", ""name"": ""Galician""}, {""input"": ""pt"", ""classification"": ""full_language"", ""canonical"": ""pt"", ""name"": ""Portuguese""}]","{""es"": 3, ""it"": 1}",es,respuesta,noun,2404,resposta,,,es,rueda,noun,10655,roda,,,it,risposta,noun,2083,resposta,,
"ca,it",4,multiple_languages,,,false,,,,,[],"[{""input"": ""ca"", ""classification"": ""full_language"", ""canonical"": ""ca"", ""name"": ""Catalan""}, {""input"": ""it"", ""classification"": ""full_language"", ""canonical"": ""it"", ""name"": ""Italian""}]","{""es"": 1, ""gl"": 1, ""pt"": 2}",es,comadre,noun,67243,comare,,,pt,compadre,noun,50975,compare,,,pt,comadre,noun,65355,comare,,
"ca,oc,pt",4,multiple_languages,,,false,,,,,[],"[{""input"": ""ca"", ""classification"": ""full_language"", ""canonical"": ""ca"", ""name"": ""Catalan""}, {""input"": ""oc"", ""classification"": ""full_language"", ""canonical"": ""oc"", ""name"": ""Occitan""}, {""input"": ""pt"", ""classification"": ""full_language"", ""canonical"": ""pt"", ""name"": ""Portuguese""}]","{""fr"": 2, ""it"": 2}",fr,fée,noun,27569,fada,,,fr,enfourner,verb,87772,enfornar,,,it,fata,noun,25741,fada,,
cbn,4,full_language,,cbn,false,Nyah Kur,,,,[],[],"{""vi"": 4}",vi,gò,noun,21397,เกาะ,,,vi,khóm,noun,30388,khɔ̀m,,,,,,,,,
cel,4,family,,cel,false,Celtic,,,,[],[],"{""en"": 2, ""es"": 1, ""pt"": 1}",es,borona,noun,179267,borŭna,,,en,M'Henry,name,48653,M'Henry,,,en,M'Donald,name,1176060,M'Donald,,
chh,4,full_language,,chh,false,Chinook,,,,[],[],"{""en"": 4}",en,Tillamook,noun,451167,T-Elim-ook,,,en,sewellel,noun,804541,sewellel,,,en,quinnat,noun,828038,ikʷanat,,
clc,4,full_language,,clc,false,Chilcotin,,,,[],[],"{""en"": 4}",en,Chilcotin,name,564777,Tŝinlhqut’in,,,en,ʔEniyud,name,1414061,ʔEniyud,,,en,ʔEsdilagh,name,1454118,ʔEsdilagh,,
cmn-pinyin,4,etymology_only,external,cmn-pinyin,false,Hanyu Pinyin,cmn,cmn,Mandarin,"[""cmn-pinyin"", ""cmn""]",[],"{""en"": 3, ""fi"": 1}",en,Jiangnan,name,535643,Jiāngnán,,,en,Qinhuangdao,name,585409,Qínhuángdǎo,,,en,Sizhou,name,1356292,Sìzhōu,,
cmo,4,full_language,,cmo,false,Central Mnong,,,,[],[],"{""vi"": 4}",vi,lỗ,noun,12890,lôh,,,vi,hăng,adj,25188,hăng,,,,,,,,,
"da,de,nb,nn,sv",4,multiple_languages,,,false,,,,,[],"[{""input"": ""da"", ""classification"": ""full_language"", ""canonical"": ""da"", ""name"": ""Danish""}, {""input"": ""de"", ""classification"": ""full_language"", ""canonical"": ""de"", ""name"": ""German""}, {""input"": ""nb"", ""classification"": ""full_language"", ""canonical"": ""nb"", ""name"": ""Norwegian Bokmål""}, {""input"": ""nn"", ""classification"": ""full_language"", ""canonical"": ""nn"", ""name"": ""Norwegian Nynorsk""}, {""input"": ""sv"", ""classification"": ""full_language"", ""canonical"": ""sv"", ""name"": ""Swedish""}]","{""en"": 4}",en,clear,adj,10731,klar,,,,,,,,,,,,,,,,
"da,nl,de,nb,nn,sv",4,multiple_languages,,,false,,,,,[],"[{""input"": ""da"", ""classification"": ""full_language"", ""canonical"": ""da"", ""name"": ""Danish""}, {""input"": ""nl"", ""classification"": ""full_language"", ""canonical"": ""nl"", ""name"": ""Dutch""}, {""input"": ""de"", ""classification"": ""full_language"", ""canonical"": ""de"", ""name"": ""German""}, {""input"": ""nb"", ""classification"": ""full_language"", ""canonical"": ""nb"", ""name"": ""Norwegian Bokmål""}, {""input"": ""nn"", ""classification"": ""full_language"", ""canonical"": ""nn"", ""name"": ""Norwegian Nynorsk""}, {""input"": ""sv"", ""classification"": ""full_language"", ""canonical"": ""sv"", ""name"": ""Swedish""}]","{""en"": 4}",en,blind,adj,61739,blind,,,,,,,,,,,,,,,,
"da,nl,nb,nn,sv",4,multiple_languages,,,false,,,,,[],"[{""input"": ""da"", ""classification"": ""full_language"", ""canonical"": ""da"", ""name"": ""Danish""}, {""input"": ""nl"", ""classification"": ""full_language"", ""canonical"": ""nl"", ""name"": ""Dutch""}, {""input"": ""nb"", ""classification"": ""full_language"", ""canonical"": ""nb"", ""name"": ""Norwegian Bokmål""}, {""input"": ""nn"", ""classification"": ""full_language"", ""canonical"": ""nn"", ""name"": ""Norwegian Nynorsk""}, {""input"": ""sv"", ""classification"": ""full_language"", ""canonical"": ""sv"", ""name"": ""Swedish""}]","{""en"": 4}",en,blade,noun,108129,blad,,,en,strand,noun,197780,strand,,,,,,,,,
dar,4,full_language,,dar,false,Dargwa,,,,[],[],"{""hu"": 1, ""ru"": 3}",ru,даргинский,adj,185782,дарг,,,ru,даргинец,noun,225081,дарг,,,hu,gulya,noun,28682,гула,,
din,4,full_language,,din,false,Dinka,,,,[],[],"{""en"": 4}",en,Dinka,noun,369952,Jiɛ̈ɛ̈ŋ,,,en,Nuer,noun,392132,Nuer,,,,,,,,,
dtd,4,full_language,,dtd,false,Ditidaht,,,,[],[],"{""en"": 4}",en,Ditidaht,noun,882379,diitiidʔaaʔtx̣,,,en,diiʔdiitidq,name,1458230,diiʔdiitidq,,,,,,,,,
dtp,4,full_language,,dtp,false,Central Dusun,,,,[],[],"{""en"": 1, ""id"": 3}",en,Kinabalu,name,445530,Kinabalu,,,id,labu,noun,10363,hobuʔ,,,id,Kinabalu,name,18928,Kinabalu,,
"dum,gml",4,multiple_languages,,,false,,,,,[],"[{""input"": ""dum"", ""classification"": ""full_language"", ""canonical"": ""dum"", ""name"": ""Middle Dutch""}, {""input"": ""gml"", ""classification"": ""full_language"", ""canonical"": ""gml"", ""name"": ""Middle Low German""}]","{""en"": 1, ""fr"": 3}",fr,piquer,verb,23753,picken,,,fr,loupe,noun,31526,lobbe,,,fr,gaspiller,verb,38786,wispel,,
"es, pt",4,multiple_languages,,,false,,,,,[],"[{""input"": ""es"", ""classification"": ""full_language"", ""canonical"": ""es"", ""name"": ""Spanish""}, {""input"": ""pt"", ""classification"": ""full_language"", ""canonical"": ""pt"", ""name"": ""Portuguese""}]","{""eo"": 1, ""fr"": 1, ""it"": 2}",fr,mauvais,adj,3617,malvado,,,it,malvagio,adj,23192,malvado,,,eo,observi,verb,51509,observar,,
fla,4,full_language,,fla,false,Montana Salish,,,,[],[],"{""en"": 4}",en,Missoula,name,351113,nmesuletkw,,,en,Salish,noun,445911,séliš,,,,,,,,,
"fo, is",4,multiple_languages,,,false,,,,,[],"[{""input"": ""fo"", ""classification"": ""full_language"", ""canonical"": ""fo"", ""name"": ""Faroese""}, {""input"": ""is"", ""classification"": ""full_language"", ""canonical"": ""is"", ""name"": ""Icelandic""}]","{""en"": 4}",en,guest,noun,55060,gestur,,,en,folk,noun,103424,fólk,,,,,,,,,
"fo,is,nb,nn,sv",4,multiple_languages,,,false,,,,,[],"[{""input"": ""fo"", ""classification"": ""full_language"", ""canonical"": ""fo"", ""name"": ""Faroese""}, {""input"": ""is"", ""classification"": ""full_language"", ""canonical"": ""is"", ""name"": ""Icelandic""}, {""input"": ""nb"", ""classification"": ""full_language"", ""canonical"": ""nb"", ""name"": ""Norwegian Bokmål""}, {""input"": ""nn"", ""classification"": ""full_language"", ""canonical"": ""nn"", ""name"": ""Norwegian Nynorsk""}, {""input"": ""sv"", ""classification"": ""full_language"", ""canonical"": ""sv"", ""name"": ""Swedish""}]","{""en"": 4}",en,work,noun,1577,verk,,,en,fall,verb,14875,fall,,,en,wool,noun,155909,ull,,
"fo,is,nn,sv",4,multiple_languages,,,false,,,,,[],"[{""input"": ""fo"", ""classification"": ""full_language"", ""canonical"": ""fo"", ""name"": ""Faroese""}, {""input"": ""is"", ""classification"": ""full_language"", ""canonical"": ""is"", ""name"": ""Icelandic""}, {""input"": ""nn"", ""classification"": ""full_language"", ""canonical"": ""nn"", ""name"": ""Norwegian Nynorsk""}, {""input"": ""sv"", ""classification"": ""full_language"", ""canonical"": ""sv"", ""name"": ""Swedish""}]","{""en"": 4}",en,kiss,verb,55046,kyssa,,,en,coal,noun,65105,kol,,,,,,,,,
"fo,is,no,sv",4,multiple_languages,,,false,,,,,[],"[{""input"": ""fo"", ""classification"": ""full_language"", ""canonical"": ""fo"", ""name"": ""Faroese""}, {""input"": ""is"", ""classification"": ""full_language"", ""canonical"": ""is"", ""name"": ""Icelandic""}, {""input"": ""no"", ""classification"": ""full_language"", ""canonical"": ""no"", ""name"": ""Norwegian""}, {""input"": ""sv"", ""classification"": ""full_language"", ""canonical"": ""sv"", ""name"": ""Swedish""}]","{""de"": 4}",de,Rainer,name,9850,Ragnar,,,de,Reiner,name,12644,Ragnar,,,,,,,,,
"fo,nb,nn",4,multiple_languages,,,false,,,,,[],"[{""input"": ""fo"", ""classification"": ""full_language"", ""canonical"": ""fo"", ""name"": ""Faroese""}, {""input"": ""nb"", ""classification"": ""full_language"", ""canonical"": ""nb"", ""name"": ""Norwegian Bokmål""}, {""input"": ""nn"", ""classification"": ""full_language"", ""canonical"": ""nn"", ""name"": ""Norwegian Nynorsk""}]","{""en"": 4}",en,saw,noun,8357,sag,,,en,axe,noun,177494,øks,,,,,,,,,
for,4,full_language,,for,false,Fore,,,,[],[],"{""en"": 2, ""fi"": 1, ""pt"": 1}",en,kuru,noun,438154,kúru,,,en,Kuru disease,noun,439317,kúru,,,pt,kuru,noun,93030,kúru,,
gem,4,family,,gem,false,Germanic,,,,[],[],"{""en"": 1, ""it"": 1, ""la"": 1, ""pl"": 1}",it,mundualdo,noun,617854,mundwalt,,,en,Steen,name,361809,Steen,,,pl,Ada,name,18047,adal,,
"gl, es",4,multiple_languages,,,false,,,,,[],"[{""input"": ""gl"", ""classification"": ""full_language"", ""canonical"": ""gl"", ""name"": ""Galician""}, {""input"": ""es"", ""classification"": ""full_language"", ""canonical"": ""es"", ""name"": ""Spanish""}]","{""pt"": 4}",pt,campo,noun,1657,campo,,,pt,polegada,noun,39657,pulgada,,,pt,acatar,verb,48037,acatar,,
"gmw-cfr,nds",4,multiple_languages,,,false,,,,,[],"[{""input"": ""gmw-cfr"", ""classification"": ""full_language"", ""canonical"": ""gmw-cfr"", ""name"": ""Central Franconian""}, {""input"": ""nds"", ""classification"": ""full_language"", ""canonical"": ""nds"", ""name"": ""Low German""}]","{""en"": 4}",en,clean,adj,22974,kleen,,,,,,,,,,,,,,,,
gmw-gts,4,full_language,,gmw-gts,false,Gottscheerish,,,,[],[],"{""de"": 1, ""en"": 2, ""nl"": 1}",de,Pobolitze,noun,271095,pobołłitsə,,,en,foot,noun,29248,vúəs,,,nl,boter,noun,12179,púttər,,
gmw-vog,4,full_language,,gmw-vog,false,Volga German,,,,[],[],"{""en"": 4}",en,swab,noun,347124,Schwabber,,,en,ambar,noun,498574,Ambar,,,en,rivel,noun,770169,Rievel,,
"goh,osx",4,multiple_languages,,,false,,,,,[],"[{""input"": ""goh"", ""classification"": ""full_language"", ""canonical"": ""goh"", ""name"": ""Old High German""}, {""input"": ""osx"", ""classification"": ""full_language"", ""canonical"": ""osx"", ""name"": ""Old Saxon""}]","{""en"": 4}",en,fair,adj,21904,fagar,,,,,,,,,,,,,,,,
hai,4,full_language,,hai,false,Haida,,,,[],[],"{""en"": 4}",en,skil,noun,490824,sqil,,,en,xat,noun,557572,ḥa·d,,,en,X̱aat Kíl,name,1461103,X̱aat Kíl,,
he-med,4,etymology_only,external,he-med,false,Medieval Hebrew,he,he,Hebrew,"[""he-med"", ""he""]",[],"{""de"": 1, ""en"": 1, ""it"": 1, ""la"": 1}",de,vermasseln,verb,85617,מַזָּל,,,it,cabala,noun,56538,קבלה,,,en,mater lectionis,noun,645782,אֵם קְרִיאָה,,
he-mis,4,etymology_only,external,he-mis,false,Mishnaic Hebrew,he,he,Hebrew,"[""he-mis"", ""he""]",[],"{""el"": 1, ""la"": 3}",el,μούχλα,noun,15625,מוֹהַל,,,la,colocasia,noun,72351,קולקס,,,la,Aab,name,704518,אָב,,
idb,4,full_language,,idb,false,Indo-Portuguese,,,,[],[],"{""en"": 3, ""id"": 1}",en,jaggery,noun,453962,jágara,,,en,cafreal,noun,1144123,cafreal,(à) cafreal,,en,cafreal,noun,1144123,cafre,,
"is,nb,nn,sv",4,multiple_languages,,,false,,,,,[],"[{""input"": ""is"", ""classification"": ""full_language"", ""canonical"": ""is"", ""name"": ""Icelandic""}, {""input"": ""nb"", ""classification"": ""full_language"", ""canonical"": ""nb"", ""name"": ""Norwegian Bokmål""}, {""input"": ""nn"", ""classification"": ""full_language"", ""canonical"": ""nn"", ""name"": ""Norwegian Nynorsk""}, {""input"": ""sv"", ""classification"": ""full_language"", ""canonical"": ""sv"", ""name"": ""Swedish""}]","{""en"": 4}",en,berry,noun,145576,berg,,,en,-ing,suffix,148940,-ing,,,en,barrow,noun,253207,berg,,
"is,nn",4,multiple_languages,,,false,,,,,[],"[{""input"": ""is"", ""classification"": ""full_language"", ""canonical"": ""is"", ""name"": ""Icelandic""}, {""input"": ""nn"", ""classification"": ""full_language"", ""canonical"": ""nn"", ""name"": ""Norwegian Nynorsk""}]","{""en"": 4}",en,set,verb,3974,setja,,,en,bottom,noun,31469,botn,,,,,,,,,
itk,4,full_language,,itk,false,Judeo-Italian,,,,[],[],"{""it"": 4}",it,schiatta,noun,69842,⁧סְקֵילַאטַה,,,it,badanai,noun,620363,badonai,,,it,Domineddio,intj,623154,דוּמֵידֵית,,
ivb,4,full_language,,ivb,false,Ibatan,,,,[],[],"{""en"": 4}",en,Tao,name,233716,tawo,,,en,Yami,name,422876,di-,,,en,Yami,name,422876,ammyānan,,
ket,4,full_language,,ket,false,Ket,,,,[],[],"{""en"": 4}",en,Ket,noun,392188,кеʼт,,,en,Yug,noun,494938,Юг,,,,,,,,,
kjg,4,full_language,,kjg,false,Khmu,,,,[],[],"{""en"": 3, ""vi"": 1}",en,Khmu,noun,1112110,ກຶມຫມຸ,,,vi,Khơ Mú,noun,32012,ກຶມມຸ,,,,,,,,,
kjq,4,full_language,,kjq,false,Western Keres,,,,[],[],"{""en"": 4}",en,Zuni,adj,412636,sɨ̂‧ni,,,en,Acoma,name,497346,aa'ku,,,,,,,,,
kla,4,full_language,,kla,false,Klamath-Modoc,,,,[],[],"{""en"": 4}",en,Modoc,noun,444900,moatokni,,,en,c'waam,noun,1412625,c'waam,,,en,koptu,noun,1412628,q'apdo,,
kmc,4,full_language,,kmc,false,Southern Kam,,,,[],[],"{""vi"": 4}",vi,ngủ,verb,4935,nghut,,,vi,mừng,adj,10678,mengx,,,,,,,,,
kns,4,full_language,,kns,false,Kensiu,,,,[],[],"{""id"": 2, ""vi"": 2}",id,kelamin,noun,6624,kəlamɪn,,,id,kebas,verb,34083,kabis,,,vi,bông,noun,17425,həpuaŋ,,
kzw,4,full_language,,kzw,false,Kariri,,,,[],[],"{""pt"": 4}",pt,Irecê,name,74959,iretçé,,,pt,bocó,noun,86404,bocó,,,pt,bazé,noun,415995,badzé,,
lhu,4,full_language,,lhu,false,Lahu,,,,[],[],"{""en"": 3, ""vi"": 1}",en,Lahu,noun,554933,Laˇhuˍ,,,vi,La Hủ,noun,26796,Laˇhuˍ,,,,,,,,,
mai,4,full_language,,mai,false,Maithili,,,,[],[],"{""en"": 4}",en,Maithili,noun,551003,मैथिली,,,en,Kakarbhitta,name,1413514,काकड़भिट्टा,,,,,,,,,
mbc,4,full_language,,mbc,false,Macushi,,,,[],[],"{""en"": 4}",en,manatee,noun,361664,manatî,,,en,curare,noun,484351,urari,,,en,maikong,noun,864360,maikang,,
mey,4,full_language,,mey,false,Hassaniya Arabic,,,,[],[],"{""en"": 2, ""fi"": 1, ""sv"": 1}",en,Tuareg,noun,395204,طوارق,,,sv,tuareg,noun,95133,طوارق,,,fi,tuaregi,noun,164042,طوارق,,
mez,4,full_language,,mez,false,Menominee,,,,[],[],"{""en"": 3, ""eo"": 1}",en,Wisconsin,name,82095,wēskōhsek,,,en,Menasha,name,501400,Menāēhsaeh,,,en,Omāēqnomenēweqnaesen,name,1461193,Omāēqnomenēweqnaesen,,
mn-kha,4,etymology_only,external,mn-kha,false,Khalkha Mongolian,mn,mn,Mongolian,"[""mn-kha"", ""mn""]",[],"{""en"": 3, ""hu"": 1}",en,Halh,noun,1432238,Халх,,,hu,író,noun,2297,айраг,,,,,,,,,
mxh,4,full_language,,mxh,false,Mvuba,,,,[],[],"{""en"": 1, ""fi"": 1, ""id"": 1, ""nl"": 1}",en,okapi,noun,498199,okapi,,,nl,okapi,noun,58033,okapi,,,fi,okapi,noun,121453,okapi,,
mye,4,full_language,,mye,false,Myene,,,,[],[],"{""en"": 4}",en,ibogaine,noun,497342,iboga,,,en,iboga,noun,537188,iboga,,,en,bilinga,noun,1036412,mbilinga,,
na,4,full_language,,na,false,Nauruan,,,,[],[],"{""de"": 1, ""en"": 2, ""fi"": 1}",de,Nauru,name,89666,Naoero,,,en,Nauru,name,328769,Naoero,,,en,Naoero,name,969381,Naoero,,
"nb,nn,is",4,multiple_languages,,,false,,,,,[],"[{""input"": ""nb"", ""classification"": ""full_language"", ""canonical"": ""nb"", ""name"": ""Norwegian Bokmål""}, {""input"": ""nn"", ""classification"": ""full_language"", ""canonical"": ""nn"", ""name"": ""Norwegian Nynorsk""}, {""input"": ""is"", ""classification"": ""full_language"", ""canonical"": ""is"", ""name"": ""Icelandic""}]","{""en"": 4}",en,bone,noun,67448,bein,,,,,,,,,,,,,,,,
"nds-de,lb",4,multiple_languages,,,false,,,,,[],"[{""input"": ""nds-de"", ""name"": ""German Low German"", ""parent"": ""nds"", ""root"": ""nds"", ""chain"": [""nds-de"", ""nds""], ""section"": ""Low German"", ""classification"": ""etymology_only"", ""routing_classification"": ""external"", ""canonical"": ""nds-de""}, {""input"": ""lb"", ""classification"": ""full_language"", ""canonical"": ""lb"", ""name"": ""Luxembourgish""}]","{""en"": 4}",en,flesh,noun,106396,Fleesch,,,en,beard,noun,127992,Baart,,,,,,,,,
new,4,full_language,,new,false,Newar,,,,[],[],"{""en"": 4}",en,baji,noun,489591,बजि,,,en,kwati,noun,1398507,क्वाती,,,en,kwati,noun,1398507,क्वा,,
nij,4,full_language,,nij,false,Ngaju,,,,[],[],"{""en"": 1, ""id"": 3}",en,kalasie,noun,865227,kalasi,,,id,tambun,noun,15370,tambun,,,id,sarap,noun,26708,sahep,,
niu,4,full_language,,niu,false,Niuean,,,,[],[],"{""en"": 3, ""id"": 1}",en,Niue,name,426080,Niuē,,,en,Tokelau,name,482566,tokelau,,,en,Papeete,name,487788,kato,,
niv,4,full_language,,niv,false,Nivkh,,,,[],[],"{""en"": 2, ""fi"": 1, ""ru"": 1}",en,Nivkh,noun,779496,нивх,,,ru,аангич,noun,250614,ауӈк,,,fi,nivhi,noun,213500,нивх,,
"nl,en",4,multiple_languages,,,false,,,,,[],"[{""input"": ""nl"", ""classification"": ""full_language"", ""canonical"": ""nl"", ""name"": ""Dutch""}, {""input"": ""en"", ""classification"": ""full_language"", ""canonical"": ""en"", ""name"": ""English""}]","{""de"": 1, ""en"": 2, ""fr"": 1}",fr,pépie,noun,130746,pip,,,de,Zopf,noun,44712,top,,,en,cottage,noun,140125,hut,,
"nl,nds-de",4,multiple_languages,,,false,,,,,[],"[{""input"": ""nl"", ""classification"": ""full_language"", ""canonical"": ""nl"", ""name"": ""Dutch""}, {""input"": ""nds-de"", ""name"": ""German Low German"", ""parent"": ""nds"", ""root"": ""nds"", ""chain"": [""nds-de"", ""nds""], ""section"": ""Low German"", ""classification"": ""etymology_only"", ""routing_classification"": ""external"", ""canonical"": ""nds-de""}]","{""en"": 4}",en,great,adj,1937,groot,,,,,,,,,,,,,,,,
nso,4,full_language,,nso,false,Northern Sotho,,,,[],[],"{""en"": 4}",en,morena,noun,420323,morena,,,en,pula,noun,421617,pula,,,en,moruti,noun,1063524,moruti,,
"oc,es",4,multiple_languages,,,false,,,,,[],"[{""input"": ""oc"", ""classification"": ""full_language"", ""canonical"": ""oc"", ""name"": ""Occitan""}, {""input"": ""es"", ""classification"": ""full_language"", ""canonical"": ""es"", ""name"": ""Spanish""}]","{""ca"": 2, ""it"": 1, ""pt"": 1}",it,cantare,verb,10368,cantar,,,pt,varanda,noun,19572,baranda,,,ca,tres,num,313,tres,,
ojp,4,full_language,,ojp,false,Old Japanese,,,,[],[],"{""it"": 1, ""nb"": 1, ""vi"": 2}",it,sakè,noun,101060,酒,,,nb,Tokyo,name,9839,東,,,vi,tám,num,17306,八,,
okm,4,full_language,,okm,false,Middle Korean,,,,[],[],"{""en"": 2, ""nb"": 1, ""vi"": 1}",en,hedgehog,noun,276530,돝,,,nb,Seoul,name,18334,셔ᄫᅳᆯ,,,vi,sông Cái,name,8867,하다〮,,
okz,4,full_language,,okz,false,Old Khmer,,,,[],[],"{""en"": 1, ""vi"": 3}",en,sneng,noun,1241689,sneṅ,,,vi,mọi,noun,1029,jmol,,,vi,mọi,noun,1029,cval,,
opt,4,full_language,,opt,false,Opata,,,,[],[],"{""en"": 3, ""es"": 1}",es,Sonora,name,13988,xunuta,,,en,Sonora,name,353973,xunuta,,,en,Chiricahua,noun,478291,chiguicagui,,
"pl,sk",4,multiple_languages,,,false,,,,,[],"[{""input"": ""pl"", ""classification"": ""full_language"", ""canonical"": ""pl"", ""name"": ""Polish""}, {""input"": ""sk"", ""classification"": ""full_language"", ""canonical"": ""sk"", ""name"": ""Slovak""}]","{""en"": 3, ""uk"": 1}",en,I,pron,129,ja,,,en,Dudek,name,469704,Dudek,,,uk,-ій,suffix,7872,-ej,,
"pt,gl",4,multiple_languages,,,false,,,,,[],"[{""input"": ""pt"", ""classification"": ""full_language"", ""canonical"": ""pt"", ""name"": ""Portuguese""}, {""input"": ""gl"", ""classification"": ""full_language"", ""canonical"": ""gl"", ""name"": ""Galician""}]","{""ca"": 1, ""es"": 2, ""it"": 1}",es,hidalgo,adj,15765,fidalgo,,,it,dirupare,verb,532723,derrubar,,,ca,a peu,adv,2167,a pé,,
quc,4,full_language,,quc,false,K'iche',,,,[],[],"{""en"": 3, ""es"": 1}",es,cuchubal,noun,797687,kuchuj,,,en,K'iche',noun,564239,Kʼicheʼ,,,en,Totonicapán,name,802627,Chuwiʼ Meqʼinaʼ,,
qya,4,full_language,,qya,false,Quenya,,,,[],[],"{""de"": 1, ""en"": 2, ""es"": 1}",de,Quenya,name,174228,Quenya,,,es,quenya,noun,205386,Quenya,,,en,Eldar,noun,418044,Eldar,,
rar,4,full_language,,rar,false,Rarotongan,,,,[],[],"{""en"": 4}",en,haka,noun,402275,ʻaka,,,en,Rarotonga,name,480349,Rarotonga,,,en,Avarua,name,1392822,Avarua,,
rcf,4,full_language,,rcf,false,Réunion Creole French,,,,[],[],"{""fr"": 4}",fr,rougail,noun,106958,rougay,,,fr,samoussa,noun,128231,samousa,,,fr,zoreille,noun,260922,zoreilles,,
rmf,4,full_language,,rmf,false,Kalo Finnish Romani,,,,[],[],"{""en"": 1, ""fi"": 1, ""sv"": 2}",en,Kalo Finnish Romani,name,481759,kaalengo tšimb,,,sv,pröjsa,verb,26207,presavā,,,sv,pava,noun,69843,piava,piāvā,
sel-sou,4,full_language,,sel-sou,false,Southern Selkup,,,,[],[],"{""fi"": 2, ""hu"": 1, ""ru"": 1}",ru,муч,noun,157917,муч,,,fi,sataa,verb,4282,соорогу,,,fi,tuhto,noun,114967,тати,,
sgs,4,full_language,,sgs,false,Samogitian,,,,[],[],"{""la"": 1, ""pl"": 1, ""ru"": 1, ""uk"": 1}",pl,dobranoc,intj,3583,labanakt,,,ru,четверг,noun,5422,ketvergs,,,uk,четвер,noun,4044,ketvergs,,
sti,4,full_language,,sti,false,Bulo Stieng,,,,[],[],"{""en"": 2, ""vi"": 2}",en,Temiar,noun,1348784,bər,,,vi,ngốt,adj,40288,ŋɔːt,,,,,,,,,
"stq,fy,nds,da,nl,de,nb,nn,sv",4,multiple_languages,,,false,,,,,[],"[{""input"": ""stq"", ""classification"": ""full_language"", ""canonical"": ""stq"", ""name"": ""Saterland Frisian""}, {""input"": ""fy"", ""classification"": ""full_language"", ""canonical"": ""fy"", ""name"": ""West Frisian""}, {""input"": ""nds"", ""classification"": ""full_language"", ""canonical"": ""nds"", ""name"": ""Low German""}, {""input"": ""da"", ""classification"": ""full_language"", ""canonical"": ""da"", ""name"": ""Danish""}, {""input"": ""nl"", ""classification"": ""full_language"", ""canonical"": ""nl"", ""name"": ""Dutch""}, {""input"": ""de"", ""classification"": ""full_language"", ""canonical"": ""de"", ""name"": ""German""}, {""input"": ""nb"", ""classification"": ""full_language"", ""canonical"": ""nb"", ""name"": ""Norwegian Bokmål""}, {""input"": ""nn"", ""classification"": ""full_language"", ""canonical"": ""nn"", ""name"": ""Norwegian Nynorsk""}, {""input"": ""sv"", ""classification"": ""full_language"", ""canonical"": ""sv"", ""name"": ""Swedish""}]","{""en"": 4}",en,bitter,adj,104654,bitter,,,,,,,,,,,,,,,,
sxu,4,etymology_only,external,sxu,false,Upper Saxon German,gmw-ecg,gmw-ecg,East Central German,"[""sxu"", ""gmw-ecg""]",[],"{""de"": 2, ""en"": 2}",de,Mudder,noun,78868,Muddor,,,de,flehmen,verb,235030,flemmen,,,en,flehmen,verb,937654,flemmen,,
syb,4,full_language,,syb,false,Central Subanen,,,,[],[],"{""en"": 2, ""es"": 2}",es,Pagadían,name,757374,gagadian,,,es,Pagadían,name,757374,pengadian,,,en,Pagadian,name,606540,gagadian,,
sza,4,full_language,,sza,false,Semelai,,,,[],[],"{""id"": 2, ""vi"": 2}",id,tabung,noun,6625,tabong,,,id,dekan,noun,10992,dkan,,,vi,mọi,noun,1029,rəmɔːl,,
szy,4,full_language,,szy,false,Sakizaya,,,,[],[],"{""en"": 4}",en,Amis,noun,341150,amis,,,en,Yami,name,422876,amis,,,en,taoke,noun,1444061,tawki,,
tbh,4,full_language,,tbh,false,Thurawal,,,,[],[],"{""en"": 4}",en,parma wallaby,noun,401396,dama,,,en,bangalow palm,noun,603304,banggala,,,en,bangalow,noun,603306,banggala,,
tft,4,full_language,,tft,false,Ternate,,,,[],[],"{""es"": 1, ""id"": 3}",es,junco,noun,61906,juanga,,,id,baku,adv,5736,maku-,,,id,telaga,noun,12397,talaga,,
tpw-lgp,4,etymology_only,external,tpw-lgp,false,Língua Geral Paulista,tpw,tpw,Old Tupi,"[""tpw-lgp"", ""tpw""]",[],"{""en"": 1, ""pt"": 3}",en,Paraná,name,473489,paranã,paraná,,pt,Paraná,name,6843,paranã,paraná,,pt,guri,noun,42625,kunumĩ,kulumĩ,
tsi,4,full_language,,tsi,false,Tsimshian,,,,[],[],"{""en"": 4}",en,Sm'algyax,name,1459623,Sm'algya̱x,,,en,Sm'algya̱x,name,1459624,Sm'algya̱x,,,en,Ts'msyen,noun,1459625,Ts'msyen,,
tsu,4,full_language,,tsu,false,Tsou,,,,[],[],"{""en"": 2, ""id"": 2}",en,Tsou,noun,520977,Cou,,,id,kapur,noun,11228,hapuyu,,,,,,,,,
tus,4,full_language,,tus,false,Tuscarora,,,,[],[],"{""en"": 4}",en,Octorara,name,633911,yohtawakarera,,,en,Octoraro,name,1438477,yohtawakarera,,,en,Skarù·ręʔ,noun,1458569,Skarù·ręʔ,,
und,4,full_language,,und,false,Undetermined,,,,[],[],"{""en"": 4}",en,ipecac,noun,452234,ypeka,,,en,ipecac,noun,452234,akûãîa,,,en,ipecacuanha,noun,634212,ypeka,,
was,4,full_language,,was,false,Washo,,,,[],[],"{""en"": 4}",en,Tahoe,name,285692,daʔaw,,,en,Washoe County,name,428579,Wá꞉šiw ʔítlu,,,en,Washoe,noun,428786,Wá꞉šiw ʔítlu,,
wth,4,full_language,,wth,false,Wathaurong,,,,[],[],"{""en"": 4}",en,Ballarat,name,336247,Ballaarat,,,en,tuan,noun,372671,duwan,,,en,Werribee,name,421362,wirribi,,
wuu,4,full_language,,wuu,false,Wu,,,,[],[],"{""en"": 1, ""it"": 1, ""vi"": 2}",it,Cipango,name,169865,日本,,,en,Lin,name,176016,林,,,vi,thơm,adj,20981,香,,
xbo,4,full_language,,xbo,false,Bulgar,,,,[],[],"{""ro"": 3, ""tr"": 1}",ro,Cărășeu,name,78812,karasuy,,,ro,Cărășeu,name,78812,kara,,,ro,Cărășeu,name,78812,suy,,
xeb,4,full_language,,xeb,false,Eblaite,,,,[],[],"{""en"": 3, ""la"": 1}",en,Israel,name,36872,𒅖𒊏𒅋,,,en,Chemosh,name,569893,𒅗𒈪𒅖,,,en,Resheph,name,1402256,𒀭𒊏𒊓𒀊,,
xgf,4,full_language,,xgf,false,Gabrielino-Fernandeño,,,,[],[],"{""en"": 4}",en,Topanga,name,397101,Topaa'nga,,,en,Pacoima,name,483721,pakoinga,,,en,Cahuenga,name,509099,Kawé’nga,,
xpi,4,full_language,,xpi,false,Pictish,,,,[],[],"{""en"": 3, ""nb"": 1}",en,work,noun,1577,ᚒᚏᚏᚐᚉᚈ,,,en,Kettle,name,224591,cat,,,en,Cambo,name,563196,cam,,
xul,4,full_language,,xul,false,Ngunawal,,,,[],[],"{""en"": 2, ""eo"": 1, ""pl"": 1}",en,Canberra,name,205097,kamberra,,,en,Werriwa,name,619192,Weereewa,,,pl,Canberra,name,41265,kamberra,,
xur,4,full_language,,xur,false,Urartian,,,,[],[],"{""en"": 4}",en,Cyrus,name,170661,𒆳𒄣𒊑𒀀𒉌,,,en,Erebuni,name,765551,𒌷𒅕𒁍𒌑𒉌,,,en,Shivini,name,1226311,𒀭𒅆𒄿𒌑𒄿𒉌,,
xvo,4,full_language,,xvo,false,Volscian,,,,[],[],"{""en"": 2, ""it"": 1, ""la"": 1}",it,bifolco,noun,66360,bim,,,en,Declona,name,1423937,declune,,,en,Declunus,name,1423939,declune,,
xww,4,full_language,,xww,false,Wemba-Wemba,,,,[],[],"{""en"": 4}",en,mallee,noun,439987,mali,,,en,yabby,noun,584050,yabij,,,en,cumbungi,noun,1341169,gambang,,
yag,4,full_language,,yag,false,Yámana,,,,[],[],"{""en"": 1, ""es"": 3}",es,Ushuaia,name,44903,ush,,,es,yámana,adj,177968,yamana,,,en,Ushuaia,name,457239,ush,,
zdj,4,full_language,,zdj,false,Ngazidja Comorian,,,,[],[],"{""en"": 2, ""fr"": 1, ""pl"": 1}",fr,Moroni,name,86682,Mroni,,,en,Moroni,name,439553,Mroni,,,en,gombessa,noun,1408220,gombesa,,
zku,4,full_language,,zku,false,Kaurna,,,,[],[],"{""en"": 4}",en,pinkie,noun,342215,bingu,,,en,minda,noun,513190,minda,,,en,nanto,noun,581469,nanto,,
zlw-osk,4,full_language,,zlw-osk,false,Old Slovak,,,,[],[],"{""cs"": 2, ""pl"": 1, ""uk"": 1}",pl,ogniem i mieczem,adv,18245,ohňom a mečom,,,uk,когут,noun,18451,kohút,,,cs,vespolek,adv,35403,vospolok,,
zun,4,full_language,,zun,false,Zuni,,,,[],[],"{""de"": 1, ""en"": 2, ""es"": 1}",de,Apache,noun,41010,ˀa˙paču,,,es,cíbolo,noun,756545,Shiwina,,,en,Apache,name,223650,ʔa·paču,,
+affix,3,template_marker,,,false,,,,,[],[],"{""de"": 3}",de,auslegen,verb,37863,de,,,de,auslegen,verb,37863,aus-,,,de,auslegen,verb,37863,legen,,
+inh+,3,template_marker,,,false,,,,,[],[],"{""it"": 3}",it,de,prep,544,it,,,it,de,prep,544,la,,,it,de,prep,544,de,,
aer,3,full_language,,aer,false,Eastern Arrernte,,,,[],[],"{""en"": 3}",en,alunqua,noun,711476,alangkwe,,,en,Alchera,name,1352496,altyerre,,,en,ampurta,noun,1399066,ampurta,,
ake,3,full_language,,ake,false,Akawaio,,,,[],[],"{""en"": 3}",en,manatee,noun,361664,manatï,,,en,curare,noun,484351,urari,,,en,alouatte,noun,890327,arawta,,
ami,3,full_language,,ami,false,Amis,,,,[],[],"{""en"": 3}",en,Amis,noun,341150,amis,,,en,Yami,name,422876,amis,,,,,,,,,
"an,ast,ext",3,multiple_languages,,,false,,,,,[],"[{""input"": ""an"", ""classification"": ""full_language"", ""canonical"": ""an"", ""name"": ""Aragonese""}, {""input"": ""ast"", ""classification"": ""full_language"", ""canonical"": ""ast"", ""name"": ""Asturian""}, {""input"": ""ext"", ""classification"": ""full_language"", ""canonical"": ""ext"", ""name"": ""Extremaduran""}]","{""es"": 2, ""pt"": 1}",es,adiós,intj,9563,adiós,,,pt,tamém,adv,96862,tamién,,,,,,,,,
"an,es",3,multiple_languages,,,false,,,,,[],"[{""input"": ""an"", ""classification"": ""full_language"", ""canonical"": ""an"", ""name"": ""Aragonese""}, {""input"": ""es"", ""classification"": ""full_language"", ""canonical"": ""es"", ""name"": ""Spanish""}]","{""ca"": 1, ""en"": 2}",en,door,noun,17156,fuera,,,ca,apitrar,verb,157174,apretar,,,,,,,,,
apk,3,full_language,,apk,false,Plains Apache,,,,[],[],"{""en"": 2, ""pl"": 1}",en,Idaho,name,156011,ídaahȩ́,,,pl,Idaho,name,36012,ídaahȩ́́,,,,,,,,,
arc-hat,3,etymology_only,external,arc-hat,false,Hatran Aramaic,arc,arc,Aramaic,"[""arc-hat"", ""arc""]",[],"{""en"": 3}",en,Caspar,name,342590,𐣢𐣦𐣡𐣣𐣩,,,en,Hatra,name,549623,𐣧𐣨𐣣𐣠,,,en,Sinatruces,name,1108231,𐣮𐣭𐣨𐣣𐣥𐣲,,
arc-imp,3,etymology_only,external,arc-imp,false,Imperial Aramaic,arc,arc,Aramaic,"[""arc-imp"", ""arc""]",[],"{""la"": 3}",la,cucuma,noun,66429,𐡒𐡅𐡒𐡌,,,la,gabata,noun,66974,𐡒𐡁𐡏𐡀,,,la,balaustium,noun,630398,𐡁𐡀𐡋𐡀𐡈,,
art-dtk,3,full_language,,art-dtk,false,Dothraki,,,,[],[],"{""en"": 3}",en,Dothraki,name,404429,Dothraki,,,en,Khaleesi,name,413471,khaleesi,,,,,,,,,
art-vlh,3,full_language,,art-vlh,false,High Valyrian,,,,[],[],"{""en"": 3}",en,Daenerys,name,342929,Daenerys,,,en,dracarys,intj,532970,dracarys,,,,,,,,,
"ast,ca",3,multiple_languages,,,false,,,,,[],"[{""input"": ""ast"", ""classification"": ""full_language"", ""canonical"": ""ast"", ""name"": ""Asturian""}, {""input"": ""ca"", ""classification"": ""full_language"", ""canonical"": ""ca"", ""name"": ""Catalan""}]","{""en"": 2, ""pt"": 1}",en,tongue,noun,80412,llengua,,,pt,manteiga,noun,15811,mantega,,,,,,,,,
"ast,roa-leo,mwl,es",3,multiple_languages,,,false,,,,,[],"[{""input"": ""ast"", ""classification"": ""full_language"", ""canonical"": ""ast"", ""name"": ""Asturian""}, {""input"": ""roa-leo"", ""classification"": ""full_language"", ""canonical"": ""roa-leo"", ""name"": ""Leonese""}, {""input"": ""mwl"", ""classification"": ""full_language"", ""canonical"": ""mwl"", ""name"": ""Mirandese""}, {""input"": ""es"", ""classification"": ""full_language"", ""canonical"": ""es"", ""name"": ""Spanish""}]","{""en"": 2, ""pt"": 1}",en,tooth,noun,126188,diente,,,pt,quente,adj,4549,caliente,,,,,,,,,
"be,ru,mk",3,multiple_languages,,,false,,,,,[],"[{""input"": ""be"", ""classification"": ""full_language"", ""canonical"": ""be"", ""name"": ""Belarusian""}, {""input"": ""ru"", ""classification"": ""full_language"", ""canonical"": ""ru"", ""name"": ""Russian""}, {""input"": ""mk"", ""classification"": ""full_language"", ""canonical"": ""mk"", ""name"": ""Macedonian""}]","{""en"": 3}",en,snow,noun,46716,снег,,,,,,,,,,,,,,,,
"bg,mk,ru,sh",3,multiple_languages,,,false,,,,,[],"[{""input"": ""bg"", ""classification"": ""full_language"", ""canonical"": ""bg"", ""name"": ""Bulgarian""}, {""input"": ""mk"", ""classification"": ""full_language"", ""canonical"": ""mk"", ""name"": ""Macedonian""}, {""input"": ""ru"", ""classification"": ""full_language"", ""canonical"": ""ru"", ""name"": ""Russian""}, {""input"": ""sh"", ""classification"": ""full_language"", ""canonical"": ""sh"", ""name"": ""Serbo-Croatian""}]","{""en"": 1, ""uk"": 2}",en,Vladislav,name,401156,Владисла́в,,,uk,-аш,suffix,17044,-аш,,,,,,,,,
"bg,uk",3,multiple_languages,,,false,,,,,[],"[{""input"": ""bg"", ""classification"": ""full_language"", ""canonical"": ""bg"", ""name"": ""Bulgarian""}, {""input"": ""uk"", ""classification"": ""full_language"", ""canonical"": ""uk"", ""name"": ""Ukrainian""}]","{""en"": 1, ""ro"": 1, ""uk"": 1}",en,Rada,name,365480,рад,,,ro,zoaie,noun,47805,зола,,,uk,Рада,name,520,рад,,
brh,3,full_language,,brh,false,Brahui,,,,[],[],"{""en"": 3}",en,cottage,noun,140125,کڈی,,,en,-ing,suffix,148940,-اِنْگ,,,,,,,,,
bvb,3,full_language,,bvb,false,Bube,,,,[],[],"{""en"": 2, ""es"": 1}",es,bapotó,noun,300775,apottò,,,en,duppy,noun,533748,dupe,,,,,,,,,
"ca, oc",3,multiple_languages,,,false,,,,,[],"[{""input"": ""ca"", ""classification"": ""full_language"", ""canonical"": ""ca"", ""name"": ""Catalan""}, {""input"": ""oc"", ""classification"": ""full_language"", ""canonical"": ""oc"", ""name"": ""Occitan""}]","{""es"": 1, ""gl"": 1, ""pt"": 1}",es,parlar,verb,129730,parlar,,,pt,parlar,verb,164494,parlar,,,gl,parlar,verb,23720,parlar,,
"ca,fr,ro",3,multiple_languages,,,false,,,,,[],"[{""input"": ""ca"", ""classification"": ""full_language"", ""canonical"": ""ca"", ""name"": ""Catalan""}, {""input"": ""fr"", ""classification"": ""full_language"", ""canonical"": ""fr"", ""name"": ""French""}, {""input"": ""ro"", ""classification"": ""full_language"", ""canonical"": ""ro"", ""name"": ""Romanian""}]","{""it"": 1, ""pt"": 2}",it,osso,noun,20499,os,,,pt,osso,noun,13231,os,,,,,,,,,
"ca,it,pt",3,multiple_languages,,,false,,,,,[],"[{""input"": ""ca"", ""classification"": ""full_language"", ""canonical"": ""ca"", ""name"": ""Catalan""}, {""input"": ""it"", ""classification"": ""full_language"", ""canonical"": ""it"", ""name"": ""Italian""}, {""input"": ""pt"", ""classification"": ""full_language"", ""canonical"": ""pt"", ""name"": ""Portuguese""}]","{""en"": 3}",en,woe,noun,265996,guai,,,,,,,,,,,,,,,,
cab,3,full_language,,cab,false,Garifuna,,,,[],[],"{""en"": 3}",en,cassava,noun,351709,sibiba,,,en,Garifuna,noun,520550,garifuna,,,,,,,,,
cbd,3,full_language,,cbd,false,Carijona,,,,[],[],"{""en"": 3}",en,piatza,noun,1251016,hiyači,,,en,Carijona,noun,1275681,karihona,,,,,,,,,
cdm,3,full_language,,cdm,false,Chepang,,,,[],[],"{""vi"": 3}",vi,ít,det,3440,यात्,,,vi,ong khoái,noun,24002,क्वाय्,,,vi,liếm,verb,25431,लेम्ह्सा,,
cel-gal,3,full_language,,cel-gal,false,Gallaecian,,,,[],[],"{""gl"": 2, ""la"": 1}",gl,mestas,noun,101369,ambas,,,gl,-bre,suffix,102159,-bris,,,la,Limici,name,838110,Limia,,
chc,3,full_language,,chc,false,Catawba,,,,[],[],"{""en"": 2, ""tr"": 1}",en,catawba,noun,412934,catawba,,,en,Iswa,noun,810368,ye,,,tr,katalpa,noun,40624,catawba,,
chf,3,full_language,,chf,false,Chontal Maya,,,,[],[],"{""en"": 1, ""es"": 2}",es,Chan,name,19811,chan,,,es,Yucatán,name,20338,Yokot'an,,,en,Yucatán,name,453408,Yokot'an,,
chk,3,full_language,,chk,false,Chuukese,,,,[],[],"{""en"": 2, ""fi"": 1}",en,Truk,name,488034,chuk,,,en,Chuuk,name,535770,chuk,,,fi,chuuk,noun,187268,chuk,,
chl,3,full_language,,chl,false,Cahuilla,,,,[],[],"{""en"": 3}",en,Cahuilla,noun,554284,kawi'a,,,en,chuckwalla,noun,621698,cháxwal,,,,,,,,,
"cim,nl",3,multiple_languages,,,false,,,,,[],"[{""input"": ""cim"", ""classification"": ""full_language"", ""canonical"": ""cim"", ""name"": ""Cimbrian""}, {""input"": ""nl"", ""classification"": ""full_language"", ""canonical"": ""nl"", ""name"": ""Dutch""}]","{""en"": 3}",en,night,noun,3792,nacht,,,,,,,,,,,,,,,,
coc,3,full_language,,coc,false,Cocopa,,,,[],[],"{""en"": 3}",en,nipa,noun,491034,ɲipa,,,en,Cocopah,noun,954753,kwii capáy,,,,,,,,,
cpg,3,full_language,,cpg,false,Cappadocian Greek,,,,[],[],"{""el"": 3}",el,γυναίκα,noun,373,ναίκα,,,el,παγούρι,noun,22434,παγρί,,,el,γκιουρουλτί,noun,78112,χαριλτού,,
cs-ear,3,etymology_only,supported,cs-ear,false,Early Modern Czech,cs,cs,Czech,"[""cs-ear"", ""cs""]",[],"{""cs"": 3}",cs,trnopuk,noun,69161,trn,,,cs,trnopuk,noun,69161,-o-,,,cs,trnopuk,noun,69161,puk,,
css,3,full_language,,css,false,Southern Ohlone,,,,[],[],"{""de"": 1, ""en"": 1, ""es"": 1}",de,Abalone,noun,152566,aūlun,,,es,abulón,noun,147514,aulun,aūlun,,en,abalone,noun,373966,aulun,aūlun,
"da,fo,nb",3,multiple_languages,,,false,,,,,[],"[{""input"": ""da"", ""classification"": ""full_language"", ""canonical"": ""da"", ""name"": ""Danish""}, {""input"": ""fo"", ""classification"": ""full_language"", ""canonical"": ""fo"", ""name"": ""Faroese""}, {""input"": ""nb"", ""classification"": ""full_language"", ""canonical"": ""nb"", ""name"": ""Norwegian Bokmål""}]","{""en"": 3}",en,bear,noun,42043,bjørn,,,,,,,,,,,,,,,,
"da,nn,nb,sv",3,multiple_languages,,,false,,,,,[],"[{""input"": ""da"", ""classification"": ""full_language"", ""canonical"": ""da"", ""name"": ""Danish""}, {""input"": ""nn"", ""classification"": ""full_language"", ""canonical"": ""nn"", ""name"": ""Norwegian Nynorsk""}, {""input"": ""nb"", ""classification"": ""full_language"", ""canonical"": ""nb"", ""name"": ""Norwegian Bokmål""}, {""input"": ""sv"", ""classification"": ""full_language"", ""canonical"": ""sv"", ""name"": ""Swedish""}]","{""en"": 3}",en,woe,noun,265996,ve,,,,,,,,,,,,,,,,
dcc,3,full_language,,dcc,false,Deccani,,,,[],[],"{""en"": 3}",en,Deccani,adj,633537,دکنی,,,,,,,,,,,,,,,,
"de,nds-de",3,multiple_languages,,,false,,,,,[],"[{""input"": ""de"", ""classification"": ""full_language"", ""canonical"": ""de"", ""name"": ""German""}, {""input"": ""nds-de"", ""name"": ""German Low German"", ""parent"": ""nds"", ""root"": ""nds"", ""chain"": [""nds-de"", ""nds""], ""section"": ""Low German"", ""classification"": ""etymology_only"", ""routing_classification"": ""external"", ""canonical"": ""nds-de""}]","{""en"": 3}",en,sea,noun,18017,See,,,en,wind,noun,31450,Wind,,,,,,,,,
doi,3,full_language,,doi,false,Dogri,,,,[],[],"{""en"": 3}",en,Dogra,adj,499387,डोगरा,,,,,,,,,,,,,,,,
dra,3,family,,dra,false,Dravidian,,,,[],[],"{""nl"": 2, ""uk"": 1}",nl,beril,noun,87380,-n,,,uk,берилій,noun,40197,-n,,,,,,,,,
duu,3,full_language,,duu,false,Drung,,,,[],[],"{""vi"": 3}",vi,đào,verb,4943,du,,,vi,thâm,num,20458,vseum,,,vi,ong khoái,noun,24002,kua,,
egy-lat,3,etymology_only,external,egy-lat,false,Late Egyptian,egy,egy,Egyptian,"[""egy-lat"", ""egy""]",[],"{""en"": 2, ""la"": 1}",en,pschent,noun,654297,pꜣ-sḫmtj,,,en,sindon,noun,811493,šndyt,šndy(t),,la,Philae,name,837879,p-jw-rq,p(ꜣ)-jw-rq,
ems,3,full_language,,ems,false,Alutiiq,,,,[],[],"{""en"": 2, ""nb"": 1}",en,Nunavut,name,364709,nunapet,,,en,Sugpiaq,name,1300186,Sugpiaq,,,nb,angakok,noun,59447,angaɫquq,,
"en,es",3,multiple_languages,,,false,,,,,[],"[{""input"": ""en"", ""classification"": ""full_language"", ""canonical"": ""en"", ""name"": ""English""}, {""input"": ""es"", ""classification"": ""full_language"", ""canonical"": ""es"", ""name"": ""Spanish""}]","{""pt"": 2, ""vi"": 1}",pt,rádio,noun,2642,radio,,,vi,Cô-lôm-bi-a,name,37852,Colombia,,,,,,,,,
"en,nl",3,multiple_languages,,,false,,,,,[],"[{""input"": ""en"", ""classification"": ""full_language"", ""canonical"": ""en"", ""name"": ""English""}, {""input"": ""nl"", ""classification"": ""full_language"", ""canonical"": ""nl"", ""name"": ""Dutch""}]","{""id"": 1, ""pt"": 2}",pt,smurf,noun,55636,smurf,,,id,monster,noun,5569,monster,,,,,,,,,
en-AU,3,etymology_only,supported,en-AU,false,Australian English,en,en,English,"[""en-AU"", ""en""]",[],"{""fr"": 1, ""id"": 1, ""nb"": 1}",fr,tong,noun,47316,thong,,,nb,Egypt,name,6184,Egypt,,,id,aborigin,noun,18897,aborigine,,
en-GB-SCT,3,etymology_only,supported,en-GB-SCT,false,Scottish English,en-GB,en,English,"[""en-GB-SCT"", ""en-GB"", ""en""]",[],"{""da"": 1, ""en"": 2}",en,bunk,noun,240088,bunker,,,da,spørge,verb,1829,speer,,,,,,,,,
"es,gl,pt",3,multiple_languages,,,false,,,,,[],"[{""input"": ""es"", ""classification"": ""full_language"", ""canonical"": ""es"", ""name"": ""Spanish""}, {""input"": ""gl"", ""classification"": ""full_language"", ""canonical"": ""gl"", ""name"": ""Galician""}, {""input"": ""pt"", ""classification"": ""full_language"", ""canonical"": ""pt"", ""name"": ""Portuguese""}]","{""it"": 3}",it,lieto,adj,15879,ledo,,,it,battello,noun,38721,batel,,,it,slittare,verb,64131,deslizar,,
"es,pt,ca",3,multiple_languages,,,false,,,,,[],"[{""input"": ""es"", ""classification"": ""full_language"", ""canonical"": ""es"", ""name"": ""Spanish""}, {""input"": ""pt"", ""classification"": ""full_language"", ""canonical"": ""pt"", ""name"": ""Portuguese""}, {""input"": ""ca"", ""classification"": ""full_language"", ""canonical"": ""ca"", ""name"": ""Catalan""}]","{""fr"": 2, ""it"": 1}",fr,épier,verb,70163,espiar,,,fr,saler,verb,72039,salar,,,it,corridoio,noun,15421,corredor,,
"es,pt,oc,ca",3,multiple_languages,,,false,,,,,[],"[{""input"": ""es"", ""classification"": ""full_language"", ""canonical"": ""es"", ""name"": ""Spanish""}, {""input"": ""pt"", ""classification"": ""full_language"", ""canonical"": ""pt"", ""name"": ""Portuguese""}, {""input"": ""oc"", ""classification"": ""full_language"", ""canonical"": ""oc"", ""name"": ""Occitan""}, {""input"": ""ca"", ""classification"": ""full_language"", ""canonical"": ""ca"", ""name"": ""Catalan""}]","{""eo"": 1, ""fr"": 1, ""it"": 1}",fr,envoyer,verb,5203,enviar,,,it,spaventare,verb,31217,espantar,,,eo,esperi,verb,1915,esperar,,
es-PR,3,etymology_only,supported,es-PR,false,Puerto Rican Spanish,es,es,Spanish,"[""es-PR"", ""es""]",[],"{""en"": 3}",en,boricua,adj,507800,boricua,,,en,piragua,noun,638317,piragua,,,,,,,,,
esx-tut,3,full_language,,esx-tut,false,Tunumiisut,,,,[],[],"{""da"": 1, ""en"": 1, ""nb"": 1}",en,Ittoqqortoormiit,name,1317907,Ittoqqortoormiit,,,da,Ittoqqortoormiit,name,52294,Ittoqqortoormiit,,,nb,angakok,noun,59447,angakkiq,,
fa-ear,3,etymology_only,external,fa-ear,false,Early New Persian,fa,fa,Persian,"[""fa-ear"", ""fa""]",[],"{""en"": 3}",en,Azerbaijan,name,234724,آذَرْبَایْگَان,,,en,Farsi,name,374000,پَارْس,,,,,,,,,
"fax,gl,es",3,multiple_languages,,,false,,,,,[],"[{""input"": ""fax"", ""classification"": ""full_language"", ""canonical"": ""fax"", ""name"": ""Fala""}, {""input"": ""gl"", ""classification"": ""full_language"", ""canonical"": ""gl"", ""name"": ""Galician""}, {""input"": ""es"", ""classification"": ""full_language"", ""canonical"": ""es"", ""name"": ""Spanish""}]","{""pt"": 3}",pt,com,prep,61,con,,,pt,Santiago,name,8401,Santiago,,,,,,,,,
"fo,is,gmq-scy",3,multiple_languages,,,false,,,,,[],"[{""input"": ""fo"", ""classification"": ""full_language"", ""canonical"": ""fo"", ""name"": ""Faroese""}, {""input"": ""is"", ""classification"": ""full_language"", ""canonical"": ""is"", ""name"": ""Icelandic""}, {""input"": ""gmq-scy"", ""classification"": ""full_language"", ""canonical"": ""gmq-scy"", ""name"": ""Scanian""}]","{""en"": 3}",en,word,noun,10412,orð,,,,,,,,,,,,,,,,
frk,3,etymology_only,reconstructed,frk,false,Frankish,gmw-pro,gmw-pro,Proto-West Germanic,"[""frk"", ""gmw-pro""]",[],"{""de"": 1, ""fr"": 1, ""hu"": 1}",fr,brout,noun,127133,brust,,,de,Lothar,name,17240,Ludher,,,hu,Esztergom,name,4533,Ostarringun,,
"frm,fr",3,multiple_languages,,,false,,,,,[],"[{""input"": ""frm"", ""classification"": ""full_language"", ""canonical"": ""frm"", ""name"": ""Middle French""}, {""input"": ""fr"", ""classification"": ""full_language"", ""canonical"": ""fr"", ""name"": ""French""}]","{""en"": 3}",en,resentment,noun,210693,ressentiment,,,en,quadrangular,adj,449005,quadrangulaire,,,,,,,,,
"fur,lmo,oc-pro",3,multiple_languages,,,false,,,,,[],"[{""input"": ""fur"", ""classification"": ""full_language"", ""canonical"": ""fur"", ""name"": ""Friulian""}, {""input"": ""lmo"", ""classification"": ""full_language"", ""canonical"": ""lmo"", ""name"": ""Lombard""}, {""input"": ""oc-pro"", ""name"": ""Provençal"", ""parent"": ""oc"", ""root"": ""oc"", ""chain"": [""oc-pro"", ""oc""], ""section"": ""Occitan"", ""classification"": ""etymology_only"", ""routing_classification"": ""external"", ""canonical"": ""oc-pro""}]","{""it"": 3}",it,liscio,adj,21890,lis,,,,,,,,,,,,,,,,
gan,3,full_language,,gan,false,Gan,,,,[],[],"{""en"": 1, ""vi"": 2}",en,Lin,name,176016,林,,,vi,đầu têu,noun,39395,頭,,,vi,phẻ,adj,41061,花,,
ghs,3,full_language,,ghs,false,Guhu-Samane,,,,[],[],"{""en"": 3}",en,Guhu-Samane,noun,1462907,Guhu-Samane,,,,,,,,,,,,,,,,
git,3,full_language,,git,false,Gitxsan,,,,[],[],"{""en"": 3}",en,Gitsenimx̱,name,1459630,Gitsenimx̱,,,en,Gitxsanimx̱,name,1459632,Gitxsanimx̱,,,en,Gitxsanimaax,name,1461102,Gitxsanimaax,,
gjn,3,full_language,,gjn,false,Gonja,,,,[],[],"{""en"": 3}",en,Bole,name,415025,bɔl,,,en,Gonja,name,606333,Ngbanya,,,,,,,,,
"gl,ast",3,multiple_languages,,,false,,,,,[],"[{""input"": ""gl"", ""classification"": ""full_language"", ""canonical"": ""gl"", ""name"": ""Galician""}, {""input"": ""ast"", ""classification"": ""full_language"", ""canonical"": ""ast"", ""name"": ""Asturian""}]","{""es"": 1, ""pt"": 2}",es,curuja,noun,545884,curuxa,,,pt,estranhar,verb,40730,estrañar,,,pt,justeza,noun,100950,xusteza,,
"gl,es,pt",3,multiple_languages,,,false,,,,,[],"[{""input"": ""gl"", ""classification"": ""full_language"", ""canonical"": ""gl"", ""name"": ""Galician""}, {""input"": ""es"", ""classification"": ""full_language"", ""canonical"": ""es"", ""name"": ""Spanish""}, {""input"": ""pt"", ""classification"": ""full_language"", ""canonical"": ""pt"", ""name"": ""Portuguese""}]","{""it"": 3}",it,capire,verb,1636,caber,,,it,lucertola,noun,43836,lagarto,,,it,comare,noun,84083,comadre,,
"gl,fax,es",3,multiple_languages,,,false,,,,,[],"[{""input"": ""gl"", ""classification"": ""full_language"", ""canonical"": ""gl"", ""name"": ""Galician""}, {""input"": ""fax"", ""classification"": ""full_language"", ""canonical"": ""fax"", ""name"": ""Fala""}, {""input"": ""es"", ""classification"": ""full_language"", ""canonical"": ""es"", ""name"": ""Spanish""}]","{""pt"": 3}",pt,praça,noun,3641,praza,,,pt,acelga,noun,88478,acelga,,,,,,,,,
gme-bur,3,full_language,,gme-bur,false,Burgundian,,,,[],[],"{""fr"": 3}",fr,autre,adj,445,autre,,,fr,eau,noun,1373,eai,,,,,,,,,
"gmq-gut,sv",3,multiple_languages,,,false,,,,,[],"[{""input"": ""gmq-gut"", ""classification"": ""full_language"", ""canonical"": ""gmq-gut"", ""name"": ""Gutnish""}, {""input"": ""sv"", ""classification"": ""full_language"", ""canonical"": ""sv"", ""name"": ""Swedish""}]","{""en"": 3}",en,man,noun,2309,man,,,,,,,,,,,,,,,,
gn-cls,3,full_language,,gn-cls,false,Classical Guarani,,,,[],[],"{""en"": 1, ""pt"": 2}",en,Paraguay,name,280072,Paraguaĭ,,,pt,Abaporu,name,105409,abá,,,pt,Abaporu,name,105409,poru,,
gog,3,full_language,,gog,false,Gogo,,,,[],[],"{""en"": 2, ""eo"": 1}",en,Wagogo,noun,999202,Wagogo,,,eo,Dodomao,name,106128,Dodoma,,,,,,,,,
gor,3,full_language,,gor,false,Gorontalo,,,,[],[],"{""id"": 3}",id,Manado,name,5698,moladu,,,id,awuhu,noun,31053,awuhu,,,id,biyodu,noun,32443,biyodu,,
"gsw,de",3,multiple_languages,,,false,,,,,[],"[{""input"": ""gsw"", ""classification"": ""full_language"", ""canonical"": ""gsw"", ""name"": ""Alemannic German""}, {""input"": ""de"", ""classification"": ""full_language"", ""canonical"": ""de"", ""name"": ""German""}]","{""en"": 3}",en,wold,noun,371017,Wald,,,en,wald,noun,374128,Wald,,,en,weald,noun,429107,Wald,,
"gsw,nl,de",3,multiple_languages,,,false,,,,,[],"[{""input"": ""gsw"", ""classification"": ""full_language"", ""canonical"": ""gsw"", ""name"": ""Alemannic German""}, {""input"": ""nl"", ""classification"": ""full_language"", ""canonical"": ""nl"", ""name"": ""Dutch""}, {""input"": ""de"", ""classification"": ""full_language"", ""canonical"": ""de"", ""name"": ""German""}]","{""en"": 3}",en,holy,adj,28595,heilig,,,,,,,,,,,,,,,,
gub,3,full_language,,gub,false,Guajajára,,,,[],[],"{""pt"": 3}",pt,açaí,noun,37375,waxa'i,,,pt,guajajara,noun,78169,wazayzar,,,,,,,,,
gur,3,full_language,,gur,false,Farefare,,,,[],[],"{""en"": 2, ""fr"": 1}",fr,Ouagadougou,name,44656,Wɔgdɔgɔ,,,en,Ouagadougou,name,424876,Wɔgdɔgɔ,,,en,Zecco,name,1239849,Zẽkɔ,,
guu,3,full_language,,guu,false,Yanomamö,,,,[],[],"{""en"": 3}",en,Yanomamo,noun,685526,yãnomãmɨ,,,en,shabono,noun,765633,shapono,,,,,,,,,
has,3,full_language,,has,false,Haisla,,,,[],[],"{""en"": 3}",en,Haisla,noun,563111,x̄á'isla,,,en,x̄á'islak̓ala,name,1458213,x̄á'islak̓ala,,,,,,,,,
hax,3,full_language,,hax,false,Southern Haida,,,,[],[],"{""en"": 3}",en,Haida,noun,407357,X̲aayda,,,en,Skidegate,name,603363,Sg̣ēʹdagîts,,,,,,,,,
hch,3,full_language,,hch,false,Huichol,,,,[],[],"{""en"": 2, ""fi"": 1}",en,Wixárika,noun,1458846,Viixáarica,,,fi,wixarika,noun,182737,Viixáarica,,,,,,,,,
"id, ms",3,multiple_languages,,,false,,,,,[],"[{""input"": ""id"", ""classification"": ""full_language"", ""canonical"": ""id"", ""name"": ""Indonesian""}, {""input"": ""ms"", ""classification"": ""full_language"", ""canonical"": ""ms"", ""name"": ""Malay""}]","{""fr"": 3}",fr,devant,prep,1258,depan,,,,,,,,,,,,,,,,
ii,3,full_language,,ii,false,Nuosu,,,,[],[],"{""en"": 1, ""vi"": 2}",en,Nuosu,name,1395109,ꆈꌠ,,,vi,cửa,noun,2021,ꀃꈈ,,,vi,đào,verb,4943,ꅤ,,
inc-kho,3,full_language,,inc-kho,false,Kholosi,,,,[],[],"{""en"": 3}",en,long,adj,2383,taɽgo,,,,,,,,,,,,,,,,
inc-ohi,3,full_language,,inc-ohi,false,Old Hindi,,,,[],[],"{""en"": 3}",en,pug,noun,300330,पगु,,,en,dahi,noun,472195,दही,,,,,,,,,
"it,nap",3,multiple_languages,,,false,,,,,[],"[{""input"": ""it"", ""classification"": ""full_language"", ""canonical"": ""it"", ""name"": ""Italian""}, {""input"": ""nap"", ""classification"": ""full_language"", ""canonical"": ""nap"", ""name"": ""Neapolitan""}]","{""en"": 1, ""ro"": 2}",en,Rizzo,name,308230,Rizzo,,,ro,mână,noun,1654,mana,,,,,,,,,
itc-psa,3,full_language,,itc-psa,false,Pre-Samnite,,,,[],[],"{""la"": 3}",la,Orfius,name,839090,𐌖𐌓𐌖𐌚𐌉𐌄𐌉𐌔,,,la,Urgulanius,name,873148,𐌖𐌓𐌖𐌚𐌉𐌄𐌉𐌔,,,la,Orcius,name,873149,𐌖𐌓𐌖𐌚𐌉𐌄𐌉𐌔,,
ja-mid-lat,3,etymology_only,external,ja-mid-lat,false,Late Middle Japanese,ja-mid,ojp,Old Japanese,"[""ja-mid-lat"", ""ja-mid"", ""ojp""]",[],"{""en"": 1, ""es"": 2}",es,soja,noun,25477,醤油,,,es,soya,noun,42825,醤油,,,en,soya,noun,362090,醤油,,
jra,3,full_language,,jra,false,Jarai,,,,[],[],"{""vi"": 3}",vi,Gia Lai,name,7647,Jrai,,,vi,Gia Rai,name,28702,Jrai,,,vi,Pleiku,name,29003,Plơi Kơdưr,,
kek,3,full_language,,kek,false,Q'eqchi,,,,[],[],"{""es"": 1, ""nb"": 2}",es,cigarro,noun,28615,sikʼar,,,nb,sigar,noun,24524,sikʼar,,,nb,sigarillo,noun,75709,sikʼar,,
khy,3,full_language,,khy,false,Ekele,,,,[],[],"{""en"": 2, ""es"": 1}",es,bongó,noun,134361,boungu,,,en,bongo,noun,340386,boungu,,,,,,,,,
ktu,3,full_language,,ktu,false,Kituba,,,,[],[],"{""en"": 2, ""fr"": 1}",fr,mbila,noun,194553,mbila,,,en,Angola,name,260236,ngolo,,,,,,,,,
ktv,3,full_language,,ktv,false,Eastern Katu,,,,[],[],"{""vi"": 3}",vi,bếp,noun,16118,tơpệh,,,vi,nang,noun,23515,panang,,,vi,mề,noun,29302,mêl,,
"la-med,la-new",3,multiple_languages,,,false,,,,,[],"[{""input"": ""la-med"", ""name"": ""Medieval Latin"", ""parent"": ""la"", ""root"": ""la"", ""chain"": [""la-med"", ""la""], ""section"": ""Latin"", ""classification"": ""etymology_only"", ""routing_classification"": ""supported"", ""canonical"": ""la-med""}, {""input"": ""la-new"", ""name"": ""New Latin"", ""parent"": ""la"", ""root"": ""la"", ""chain"": [""la-new"", ""la""], ""section"": ""Latin"", ""classification"": ""etymology_only"", ""routing_classification"": ""supported"", ""canonical"": ""la-new""}]","{""es"": 1, ""pt"": 2}",es,ondulación,noun,115500,undulātiō,,,pt,muscular,adj,21745,mūsculāris,,,pt,ondulação,noun,59719,undulatio,,
lbk,3,full_language,,lbk,false,Central Bontoc,,,,[],[],"{""en"": 3}",en,Mainit,name,583547,Mainit,,,en,Samoki,name,1455041,Samoki,,,en,Dalican,name,1471280,Dalican,,
ldn,3,full_language,,ldn,false,Láadan,,,,[],[],"{""en"": 1, ""eo"": 1, ""uk"": 1}",en,Láadan,name,708689,Láadan,,,uk,лаадан,noun,58458,Láadan,,,eo,Laadano,name,112409,Láadan,,
lez,3,full_language,,lez,false,Lezgi,,,,[],[],"{""hu"": 1, ""pl"": 1, ""tr"": 1}",pl,Lezgin,noun,113437,лезгияр,,,hu,kutya,noun,1669,кицӏ,,,tr,buğu,noun,37691,бугъ,,
luh,3,full_language,,luh,false,Leizhou Min,,,,[],[],"{""en"": 3}",en,Luichew,name,1417169,雷州,,,,,,,,,,,,,,,,
mag,3,full_language,,mag,false,Magahi,,,,[],[],"{""en"": 3}",en,Magahi,name,1339637,मगही,,,en,Magahi,name,1339637,मगह,,,en,Magahi,name,1339637,-ई,,
maz,3,full_language,,maz,false,Central Mazahua,,,,[],[],"{""es"": 3}",es,michi,noun,73946,mixi,,,es,Zitácuaro,name,98491,Tsitákuarhu,,,es,chúntaro,noun,731393,xundaro,,
mba,3,full_language,,mba,false,Higaonon,,,,[],[],"{""en"": 3}",en,Iligan,name,527836,iligan,,,en,Iligan,name,527836,ilig,,,en,Gingoog,name,1430584,Gingoog,,
mfb,3,full_language,,mfb,false,Bangka,,,,[],[],"{""en"": 1, ""id"": 2}",en,Belinyu,name,1444849,Belinyu,,,id,akar kelimpar,noun,34369,akar kelimpar,,,id,Balunijuk,name,36832,Balunijuk,,
mjc,3,full_language,,mjc,false,San Juan Colorado Mixtec,,,,[],[],"{""en"": 2, ""es"": 1}",es,Chayuco,name,725129,Tsaha Yucu,Tsàhà Yùcù,,en,Cacahuatepec,name,1164988,Yucu Suhva,,,en,Chayuco,name,1218333,Tsaha Yucu,Tsàhà Yùcù,
"mk,ru",3,multiple_languages,,,false,,,,,[],"[{""input"": ""mk"", ""classification"": ""full_language"", ""canonical"": ""mk"", ""name"": ""Macedonian""}, {""input"": ""ru"", ""classification"": ""full_language"", ""canonical"": ""ru"", ""name"": ""Russian""}]","{""en"": 3}",en,wolf,noun,83331,волк,,,en,Leonid,name,333810,Леони́д,,,,,,,,,
mto,3,full_language,,mto,false,Totontepec Mixe,,,,[],[],"{""en"": 3}",en,Ixcuintepec,name,1211343,Oc Cuvajcm,,,en,Ixcuintepec,name,1211343,oc,,,en,Ixcuintepec,name,1211343,cuvajc,,
myh,3,full_language,,myh,false,Makah,,,,[],[],"{""en"": 3}",en,qʷi·qʷi·diččaq,name,773948,qʷi·qʷi·diččaq,,,en,beshow,noun,893317,bishowk,,,en,Qʷi·qʷi·diččaq,name,1456865,qʷi·qʷi·diččaq,,
nan-hbl-TW,3,etymology_only,external,nan-hbl-TW,false,Taiwanese Hokkien,nan-hbl,nan-hbl,Hokkien,"[""nan-hbl-TW"", ""nan-hbl""]",[],"{""en"": 3}",en,Tau-lak,name,417131,斗六,,,en,Takow,name,1215616,打狗,,,en,Takau,name,1215617,打狗,,
nan-hlh,3,full_language,,nan-hlh,false,Hailufeng Min,,,,[],[],"{""en"": 3}",en,Hai Lok Hong,name,325291,海陸豐,,,,,,,,,,,,,,,,
nay,3,full_language,,nay,false,Ngarrindjeri,,,,[],[],"{""en"": 3}",en,mulloway,noun,630480,malowe,,,en,rakali,noun,954318,rekaldi,,,en,toolache,noun,1399082,dulaj,,
"nds,de",3,multiple_languages,,,false,,,,,[],"[{""input"": ""nds"", ""classification"": ""full_language"", ""canonical"": ""nds"", ""name"": ""Low German""}, {""input"": ""de"", ""classification"": ""full_language"", ""canonical"": ""de"", ""name"": ""German""}]","{""en"": 2, ""nl"": 1}",en,glass,noun,30662,Glas,,,nl,oorlog,noun,1703,Orlog,,,,,,,,,
"nds,nl,de",3,multiple_languages,,,false,,,,,[],"[{""input"": ""nds"", ""classification"": ""full_language"", ""canonical"": ""nds"", ""name"": ""Low German""}, {""input"": ""nl"", ""classification"": ""full_language"", ""canonical"": ""nl"", ""name"": ""Dutch""}, {""input"": ""de"", ""classification"": ""full_language"", ""canonical"": ""de"", ""name"": ""German""}]","{""en"": 3}",en,shear,verb,249461,scheren,,,,,,,,,,,,,,,,
nia,3,full_language,,nia,false,Nias,,,,[],[],"{""id"": 3}",id,lupa,verb,894,olifu,,,id,banua,noun,18816,banua,,,,,,,,,
njm,3,full_language,,njm,false,Angami,,,,[],[],"{""en"": 3}",en,Kohima,name,504509,Kewhira,,,en,thuthse,noun,1200226,zhūtsē,,,en,zutho,noun,1298369,zhūthō,,
"nl,li,zea",3,multiple_languages,,,false,,,,,[],"[{""input"": ""nl"", ""classification"": ""full_language"", ""canonical"": ""nl"", ""name"": ""Dutch""}, {""input"": ""li"", ""classification"": ""full_language"", ""canonical"": ""li"", ""name"": ""Limburgish""}, {""input"": ""zea"", ""classification"": ""full_language"", ""canonical"": ""zea"", ""name"": ""Zealandic""}]","{""en"": 3}",en,man,noun,2309,man,,,,,,,,,,,,,,,,
"nl,sv",3,multiple_languages,,,false,,,,,[],"[{""input"": ""nl"", ""classification"": ""full_language"", ""canonical"": ""nl"", ""name"": ""Dutch""}, {""input"": ""sv"", ""classification"": ""full_language"", ""canonical"": ""sv"", ""name"": ""Swedish""}]","{""en"": 2, ""eo"": 1}",en,nail,noun,104661,nagel,,,en,hail,noun,154153,hagel,,,eo,-obla,suffix,849,dubbel,,
nrf-jer,3,etymology_only,external,nrf-jer,false,Jersey Norman,nrf,nrf,Norman,"[""nrf-jer"", ""nrf""]",[],"{""en"": 2, ""fr"": 1}",fr,instruire,verb,40251,înstruithe,,,en,Poindexter,name,408478,Poingdestre,,,,,,,,,
"nrn,nb,nn",3,multiple_languages,,,false,,,,,[],"[{""input"": ""nrn"", ""classification"": ""full_language"", ""canonical"": ""nrn"", ""name"": ""Norn""}, {""input"": ""nb"", ""classification"": ""full_language"", ""canonical"": ""nb"", ""name"": ""Norwegian Bokmål""}, {""input"": ""nn"", ""classification"": ""full_language"", ""canonical"": ""nn"", ""name"": ""Norwegian Nynorsk""}]","{""en"": 3}",en,man,noun,2309,mann,,,,,,,,,,,,,,,,
nup,3,full_language,,nup,false,Nupe,,,,[],[],"{""en"": 3}",en,Nupe,noun,502619,Nupe,,,en,calas,noun,546950,kara,,,,,,,,,
nxq,3,full_language,,nxq,false,Naxi,,,,[],[],"{""en"": 1, ""vi"": 2}",en,Geba,name,585293,ɡə³¹ba³¹the³³ɤɯ³³,,,vi,cửa,noun,2021,ku,,,vi,cốc,noun,16415,kual,,
"oc,ca,es,pt",3,multiple_languages,,,false,,,,,[],"[{""input"": ""oc"", ""classification"": ""full_language"", ""canonical"": ""oc"", ""name"": ""Occitan""}, {""input"": ""ca"", ""classification"": ""full_language"", ""canonical"": ""ca"", ""name"": ""Catalan""}, {""input"": ""es"", ""classification"": ""full_language"", ""canonical"": ""es"", ""name"": ""Spanish""}, {""input"": ""pt"", ""classification"": ""full_language"", ""canonical"": ""pt"", ""name"": ""Portuguese""}]","{""fr"": 3}",fr,râper,verb,95673,raspar,,,fr,épouvanter,verb,134775,espantar,,,fr,abrier,verb,194762,abrigar,,
"oc,ca,pt,es",3,multiple_languages,,,false,,,,,[],"[{""input"": ""oc"", ""classification"": ""full_language"", ""canonical"": ""oc"", ""name"": ""Occitan""}, {""input"": ""ca"", ""classification"": ""full_language"", ""canonical"": ""ca"", ""name"": ""Catalan""}, {""input"": ""pt"", ""classification"": ""full_language"", ""canonical"": ""pt"", ""name"": ""Portuguese""}, {""input"": ""es"", ""classification"": ""full_language"", ""canonical"": ""es"", ""name"": ""Spanish""}]","{""fr"": 2, ""it"": 1}",fr,piquer,verb,23753,picar,,,fr,picaillon,noun,306660,picar,,,it,conquistare,verb,13817,conquistar,,
ocm,3,full_language,,ocm,false,Old Cham,,,,[],[],"{""vi"": 3}",vi,Phan Thiết,name,14940,Paṅrauṅ,,,vi,Phan Rang,name,26084,Paṅrauṅ,,,vi,Phan Rang - Tháp Chàm,name,29277,Paṅrauṅ,,
pao,3,full_language,,pao,false,Northern Paiute,,,,[],[],"{""en"": 2, ""fi"": 1}",en,Bannock,noun,443284,Pannakwatɨ,,,en,cuiui,noun,1099699,kuyui,,,fi,kuikui,noun,149712,kuyui,,
pbv,3,full_language,,pbv,false,Pnar,,,,[],[],"{""vi"": 3}",vi,cắt,verb,8598,khait,,,vi,tao,pron,17687,o,,,vi,bú,verb,26222,bu,,
pis,3,full_language,,pis,false,Pijin,,,,[],[],"{""en"": 3}",en,vika,noun,445860,vika,,,en,Pijin,name,648940,Pijin,,,en,kastom,noun,896012,kastom,,
pll,3,full_language,,pll,false,Shwe Palaung,,,,[],[],"{""vi"": 3}",vi,ngươi,noun,10215,ငါည်,,,vi,bú,verb,26222,ဘူ,,,vi,húp,verb,38141,ဟာပ်,,
pnb,3,etymology_only,external,pnb,false,Western Punjabi,pa,pa,Punjabi,"[""pnb"", ""pa""]",[],"{""en"": 3}",en,Rawalpindi,name,368381,راولپنڈی,,,en,kafi,noun,556316,کافی,,,en,tahkhana,noun,1258065,تہہ خانہ,,
pse-bsm,3,etymology_only,external,pse-bsm,false,Besemah,pse,pse,Central Malay,"[""pse-bsm"", ""pse""]",[],"{""id"": 3}",id,mantan,adj,1230,mantan,,,id,anak belai,noun,29102,anak belai,,,,,,,,,
"pt, es",3,multiple_languages,,,false,,,,,[],"[{""input"": ""pt"", ""classification"": ""full_language"", ""canonical"": ""pt"", ""name"": ""Portuguese""}, {""input"": ""es"", ""classification"": ""full_language"", ""canonical"": ""es"", ""name"": ""Spanish""}]","{""gl"": 3}",gl,campo,noun,2072,campo,,,gl,marisco,adj,38744,marisco,,,,,,,,,
"pt,ca",3,multiple_languages,,,false,,,,,[],"[{""input"": ""pt"", ""classification"": ""full_language"", ""canonical"": ""pt"", ""name"": ""Portuguese""}, {""input"": ""ca"", ""classification"": ""full_language"", ""canonical"": ""ca"", ""name"": ""Catalan""}]","{""fr"": 1, ""gl"": 1, ""it"": 1}",fr,aider,verb,3194,ajudar,,,it,-anza,suffix,114449,-ança,,,gl,encetar,verb,81918,encetar,,
"pt,gl,es",3,multiple_languages,,,false,,,,,[],"[{""input"": ""pt"", ""classification"": ""full_language"", ""canonical"": ""pt"", ""name"": ""Portuguese""}, {""input"": ""gl"", ""classification"": ""full_language"", ""canonical"": ""gl"", ""name"": ""Galician""}, {""input"": ""es"", ""classification"": ""full_language"", ""canonical"": ""es"", ""name"": ""Spanish""}]","{""ca"": 2, ""it"": 1}",it,idealizzare,verb,95277,idealizar,,,ca,tona,noun,14833,tonel,,,ca,idealitzar,verb,43789,idealizar,,
"pt,oc",3,multiple_languages,,,false,,,,,[],"[{""input"": ""pt"", ""classification"": ""full_language"", ""canonical"": ""pt"", ""name"": ""Portuguese""}, {""input"": ""oc"", ""classification"": ""full_language"", ""canonical"": ""oc"", ""name"": ""Occitan""}]","{""fr"": 1, ""gl"": 1, ""it"": 1}",fr,poignard,noun,40887,punhal,,,it,campagna,noun,3021,campanha,,,gl,fada,noun,1936,fada,,
ril,3,full_language,,ril,false,Riang,,,,[],[],"{""vi"": 3}",vi,lội,verb,23772,luj²,,,vi,rộ,adj,27899,rɔʔ¹,,,,,,,,,
rng,3,full_language,,rng,false,Ronga,,,,[],[],"{""en"": 1, ""pt"": 2}",en,capulana,noun,1054125,kapulana,,,pt,iá,adv,80028,ya,,,pt,nhama,noun,325212,nyama,,
rop,3,full_language,,rop,false,Australian Kriol,,,,[],[],"{""en"": 3}",en,me fellow,pron,38707,mibala,,,en,belong,prep,79173,blanga,,,en,longa,prep,454938,langa,,
"ru,bg",3,multiple_languages,,,false,,,,,[],"[{""input"": ""ru"", ""classification"": ""full_language"", ""canonical"": ""ru"", ""name"": ""Russian""}, {""input"": ""bg"", ""classification"": ""full_language"", ""canonical"": ""bg"", ""name"": ""Bulgarian""}]","{""uk"": 3}",uk,телець,noun,26438,теле́ц,,,uk,лактація,noun,36348,лакта́ция,,,uk,біднячка,noun,57544,бедня́чка,,
sas,3,full_language,,sas,false,Sasak,,,,[],[],"{""id"": 3}",id,batas,noun,2147,bates,,,id,barong,noun,19947,barong,,,id,parawangsa,noun,28685,parawangsa,,
sce,3,full_language,,sce,false,Dongxiang,,,,[],[],"{""ru"": 1, ""tr"": 2}",ru,барс,noun,18121,basi,,,tr,ödemek,verb,7234,ghudandu,,,tr,pars,noun,18823,basi,,
sco-uls,3,etymology_only,external,sco-uls,false,Ulster Scots,sco,sco,Scots,"[""sco-uls"", ""sco""]",[],"{""en"": 3}",en,cowl,adj,340483,coul,,,en,wumman,noun,1139438,wumman,,,en,gulder,verb,1259229,gulder,,
scs,3,full_language,,scs,false,North Slavey,,,,[],[],"{""en"": 3}",en,Tu Ɂulah Shúh,name,1414043,Tu Ɂulah Shúh,,,en,Délı̨nę,name,1458198,Délı̨nę,,,en,Dene Kǝdǝ́,name,1459123,Dene Kǝdǝ́,,
scx,3,full_language,,scx,false,Sicel,,,,[],[],"{""it"": 2, ""la"": 1}",it,Catania,name,8195,katane,,,la,Ulixes,name,2401,Οὐλίξης,,,,,,,,,
sdh,3,full_language,,sdh,false,Southern Kurdish,,,,[],[],"{""en"": 3}",en,egg,noun,68659,خا,,,en,ey,noun,269679,خا,,,,,,,,,
sdn,3,full_language,,sdn,false,Gallurese,,,,[],[],"{""fr"": 2, ""la"": 1}",fr,être,verb,218,esse,,,la,cuscolium,noun,831542,cuscugia,,,,,,,,,
sed,3,full_language,,sed,false,Sedang,,,,[],[],"{""vi"": 3}",vi,Ngọc Linh,name,12665,ngo,,,vi,cành,noun,22792,tơkang,,,vi,rươi,noun,31623,hrế,,
sek,3,full_language,,sek,false,Sekani,,,,[],[],"{""en"": 3}",en,Sekani,noun,1060366,Tsek'ene,,,en,Tsek'ene,noun,1458592,Tsek'ene,,,,,,,,,
sel-nor,3,full_language,,sel-nor,false,Northern Selkup,,,,[],[],"{""fi"": 2, ""hu"": 1}",fi,matka,noun,2008,мыты,,,fi,viedä,verb,2365,ӱ̄ӄо,,,hu,farag,verb,30604,пуртыӄа,,
sem-srb,3,full_language,,sem-srb,false,Old South Arabian,,,,[],[],"{""en"": 2, ""tr"": 1}",en,Musnad,name,574767,𐩣𐩯𐩬𐩵,,,en,Himyar,name,1257370,𐩢𐩣𐩺𐩧,,,tr,mihrap,noun,21578,𐩣𐩢𐩧𐩨,,
sht,3,full_language,,sht,false,Shasta,,,,[],[],"{""en"": 3}",en,ipos,noun,403007,ip'-haws,,,en,epos,noun,469228,ip'-haws,,,en,Yreka,name,523043,wáik'a,,
slm,3,full_language,,slm,false,Pangutaran Sama,,,,[],[],"{""id"": 3}",id,sumbang,verb,17400,sumbang,,,id,kerapu,noun,19580,kulapu,,,,,,,,,
srm,3,full_language,,srm,false,Saramaccan,,,,[],[],"{""en"": 2, ""nl"": 1}",en,obeah,noun,504816,obia,,,nl,lo,noun,13842,lɔ́,,,,,,,,,
ssf,3,full_language,,ssf,false,Thao,,,,[],[],"{""en"": 2, ""vi"": 1}",en,Thao,noun,434181,Thau,,,vi,ngươi,noun,10215,thau,,,,,,,,,
sto,3,full_language,,sto,false,Stoney,,,,[],[],"{""en"": 3}",en,Îethka,noun,1459544,Îethka,,,en,Isga,noun,1459559,Isga,,,,,,,,,
"sv,da",3,multiple_languages,,,false,,,,,[],"[{""input"": ""sv"", ""classification"": ""full_language"", ""canonical"": ""sv"", ""name"": ""Swedish""}, {""input"": ""da"", ""classification"": ""full_language"", ""canonical"": ""da"", ""name"": ""Danish""}]","{""de"": 1, ""en"": 2}",de,Ansgar,name,49078,Asger,,,en,blunt,adj,157699,blind patron,,,,,,,,,
"sv,nn",3,multiple_languages,,,false,,,,,[],"[{""input"": ""sv"", ""classification"": ""full_language"", ""canonical"": ""sv"", ""name"": ""Swedish""}, {""input"": ""nn"", ""classification"": ""full_language"", ""canonical"": ""nn"", ""name"": ""Norwegian Nynorsk""}]","{""da"": 1, ""en"": 2}",en,shit,noun,5422,skit,,,da,mandag,noun,2246,måndag,,,,,,,,,
swb,3,full_language,,swb,false,Maore Comorian,,,,[],[],"{""en"": 1, ""fr"": 2}",fr,Mahoré,name,390733,Maore,,,fr,papangue,noun,394333,papangu,,,en,Maore,name,949036,Maore,,
tao,3,full_language,,tao,false,Yami,,,,[],[],"{""en"": 2, ""id"": 1}",en,Tao,name,233716,Tao,,,en,Tao,name,233716,tao,,,id,kerapu,noun,19580,kozapo,,
tcy,3,full_language,,tcy,false,Tulu,,,,[],[],"{""en"": 3}",en,aiyo,intj,549581,ಅಯ್ಯೋ,,,en,Tuluva,noun,989309,ತುಳುವ,,,,,,,,,
teh,3,full_language,,teh,false,Tehuelche,,,,[],[],"{""en"": 1, ""es"": 2}",es,Chubut,name,32849,chupat,,,es,Coyhaique,name,73808,koy aike,,,en,Chubut,name,524668,chupat,,
tht,3,full_language,,tht,false,Tahltan,,,,[],[],"{""en"": 3}",en,Tāłtān,noun,1314176,Tāłtān,,,en,Mount Edziza,name,1470819,Edziza,,,,,,,,,
tiv,3,full_language,,tiv,false,Tiv,,,,[],[],"{""en"": 3}",en,Tiv,noun,466689,Tiv,,,en,Tagesa,name,675822,tagesa,,,,,,,,,
tl-cls,3,etymology_only,external,tl-cls,false,Classical Tagalog,tl,tl,Tagalog,"[""tl-cls"", ""tl""]",[],"{""es"": 1, ""fr"": 1, ""pt"": 1}",fr,Luçon,name,63021,Lusong,,,es,Luzón,name,76287,ᜎᜓᜐᜓᜅ᜔,,,pt,Lução,name,127880,ᜎᜓᜐᜓᜅ᜔,,
trp,3,full_language,,trp,false,Kokborok,,,,[],[],"{""en"": 3}",en,Kokborok,name,723176,Kok Borok,,,en,Kokborok,name,723176,kok,,,en,Kokborok,name,723176,borok,,
ttj,3,full_language,,ttj,false,Tooro,,,,[],[],"{""en"": 3}",en,Tooro,adj,1375862,Tooro,,,,,,,,,,,,,,,,
tuw-sol,3,full_language,,tuw-sol,false,Solon,,,,[],[],"{""en"": 2, ""ru"": 1}",en,Amur,name,402765,amur,,,en,amur,noun,402845,amur,,,ru,Амур,name,19412,amur,,
tw,3,etymology_only,external,tw,false,Twi Akan,ak,ak,Akan,"[""tw"", ""ak""]",[],"{""nl"": 3}",nl,sopropo,noun,79365,sɔprɔpɔ,,,nl,jonko,noun,92140,tɔ nko,,,nl,koebi,noun,144242,koobi,,
twf,3,full_language,,twf,false,Taos,,,,[],[],"{""en"": 3}",en,Taos,adj,366835,tə̂o,,,,,,,,,,,,,,,,
txh,3,full_language,,txh,false,Thracian,,,,[],[],"{""la"": 2, ""ru"": 1}",ru,Пловдив,name,118257,Pulpudeva,,,la,arista,noun,28629,ἀσᾶ,,,la,Uscudama,name,841360,Uskudama,,
unn,3,full_language,,unn,false,Kurnai,,,,[],[],"{""en"": 3}",en,mia mia,noun,218255,mai-mai,,,en,Muk-thang,name,452170,mŭk-dhang,,,en,turndun,noun,953314,tŭndūn,,
veo,3,full_language,,veo,false,Ventureño,,,,[],[],"{""en"": 3}",en,Malibu,name,250045,Humaliwo,,,en,Ojai,name,395639,ʼawhaʼy,,,,,,,,,
vif,3,full_language,,vif,false,Vili,,,,[],[],"{""en"": 2, ""uk"": 1}",en,chimpanzee,noun,325659,cimpenzi,ci-mpenzi,,en,moabi,noun,730558,moabi,,,uk,шимпанзе,noun,21914,ci-mpenzi,,
vmf,3,full_language,,vmf,false,East Franconian,,,,[],[],"{""de"": 1, ""en"": 1, ""nl"": 1}",de,Kapo,noun,94019,Kapo,,,en,a,article,59,a,,,nl,worst,noun,15397,Woschd,,
wbl,3,full_language,,wbl,false,Wakhi,,,,[],[],"{""en"": 3}",en,Wakhi,noun,1318485,Xik,,,en,Khandud,name,1461557,X̌əndыt,,,,,,,,,
xga,3,full_language,,xga,false,Galatian,,,,[],[],"{""es"": 1, ""gl"": 2}",es,tascar,verb,402447,τασκός,,,gl,tascón,noun,100487,τασκός,,,gl,tasco,noun,102068,τασκός,,
xlo,3,full_language,,xlo,false,Loup A,,,,[],[],"{""en"": 3}",en,Nipmuc,noun,623938,Nippamaug,,,en,Nipmuc,noun,623938,nippe,,,en,Nipmuc,noun,623938,âmag,,
xlp,3,full_language,,xlp,false,Lepontic,,,,[],[],"{""en"": 2, ""la"": 1}",en,wolf,noun,83331,𐌖𐌋𐌊𐌏𐌔,,,la,iste,det,4536,𐌉𐌑𐌏𐌔,,,,,,,,,
xmr,3,full_language,,xmr,false,Meroitic,,,,[],[],"{""en"": 3}",en,Candace,name,316184,𐦲𐦷𐦲𐦡,,,en,Meroe,name,544153,𐦨𐦡𐦷𐦡𐦥𐦢,,,,,,,,,
xve,3,full_language,,xve,false,Venetic,,,,[],[],"{""la"": 3}",la,multus,adj,8037,𐌌𐌏𐌋𐌕𐌉𐌔𐌀,Moltisa,,la,plebs,noun,8376,𐌐𐌋𐌄𐌃⸱𐌄⸱𐌉,,,la,Raeti,name,833704,𐌓𐌄𐌉𐌕𐌉𐌀,,
xvn,3,full_language,,xvn,false,Vandalic,,,,[],[],"{""de"": 1, ""en"": 2}",de,trinken,verb,4873,drincan,,,en,drink,verb,27252,drincan,,,en,Hilderic,name,1085923,Hildirix,,
ybe,3,full_language,,ybe,false,Western Yugur,,,,[],[],"{""tr"": 3}",tr,angut,noun,22003,aŋəht,,,tr,yenlik,adj,36616,žig,,,,,,,,,
yij,3,full_language,,yij,false,Yindjibarndi,,,,[],[],"{""en"": 3}",en,willy willy,noun,265942,wili wili,,,en,yandy,verb,547493,yandy,,,,,,,,,
ykg,3,full_language,,ykg,false,Northern Yukaghir,,,,[],[],"{""en"": 3}",en,Yukaghir,noun,809592,вадул,,,,,,,,,,,,,,,,
"yrl,tpw",3,multiple_languages,,,false,,,,,[],"[{""input"": ""yrl"", ""classification"": ""full_language"", ""canonical"": ""yrl"", ""name"": ""Nheengatu""}, {""input"": ""tpw"", ""classification"": ""full_language"", ""canonical"": ""tpw"", ""name"": ""Old Tupi""}]","{""en"": 1, ""fi"": 1, ""pt"": 1}",en,matamata,noun,565563,matamatá,,,pt,matamatá,noun,205764,matamatá,,,fi,matamata,noun,139018,matamatá,,
zls-chs-ru,3,etymology_only,external,zls-chs-ru,false,Russian Church Slavonic,zls-chs,zls-chs,Church Slavonic,"[""zls-chs-ru"", ""zls-chs""]",[],"{""ru"": 3}",ru,исполин,noun,97619,исполинъ,,,ru,приверженный,adj,213245,приверженый,,,ru,спуд,noun,217061,спꙋдъ,,
+apheretic form,2,template_marker,,,false,,,,,[],[],"{""id"": 2}",id,ponakan,noun,21243,id,,,id,ponakan,noun,21243,keponakan,,,,,,,,,
+backformation,2,template_marker,,,false,,,,,[],[],"{""de"": 2}",de,-eck,suffix,21539,de,,,de,-eck,suffix,21539,Vieleck,,,,,,,,,
+it-deverbal,2,template_marker,,,false,,,,,[],[],"{""it"": 2}",it,rutto,noun,56531,ruttare,,,it,scorno,noun,111282,scornarsi,,,,,,,,,
+onom,2,template_marker,,,false,,,,,[],[],"{""pl"": 2}",pl,chichot,noun,41093,pl,,,,,,,,,,,,,,,,
acy,2,full_language,,acy,false,Cypriot Arabic,,,,[],[],"{""en"": 1, ""it"": 1}",it,halloumi,noun,203944,xallúm,,,en,halloumi,noun,473758,xallúm,,,,,,,,,
"af,nl",2,multiple_languages,,,false,,,,,[],"[{""input"": ""af"", ""classification"": ""full_language"", ""canonical"": ""af"", ""name"": ""Afrikaans""}, {""input"": ""nl"", ""classification"": ""full_language"", ""canonical"": ""nl"", ""name"": ""Dutch""}]","{""pt"": 2}",pt,Windhoek,name,108120,Windhoek,,,pt,Vinduque,name,418946,Windhoek,,,,,,,,,
aio,2,full_language,,aio,false,Aiton,,,,[],[],"{""vi"": 2}",vi,nàng,noun,7783,ꩫင်,,,,,,,,,,,,,,,,
akk-obb,2,etymology_only,external,akk-obb,false,Old Babylonian,akk,akk,Akkadian,"[""akk-obb"", ""akk""]",[],"{""en"": 1, ""la"": 1}",en,Nineveh,name,357186,𒌷𒉌𒉡𒀀,,,la,Ninive,name,30827,𒌷𒉌𒉡𒀀,,,,,,,,,
akl,2,full_language,,akl,false,Aklanon,,,,[],[],"{""en"": 1, ""es"": 1}",es,hampáo,noun,760233,ampaw,,,en,ampaw,noun,1051803,ampaw,,,,,,,,,
ako,2,full_language,,ako,false,Akurio,,,,[],[],"{""en"": 2}",en,piai,noun,987150,piyahi,,,en,piatza,noun,1251016,piyahi,,,,,,,,,
"an,ast,ca,es",2,multiple_languages,,,false,,,,,[],"[{""input"": ""an"", ""classification"": ""full_language"", ""canonical"": ""an"", ""name"": ""Aragonese""}, {""input"": ""ast"", ""classification"": ""full_language"", ""canonical"": ""ast"", ""name"": ""Asturian""}, {""input"": ""ca"", ""classification"": ""full_language"", ""canonical"": ""ca"", ""name"": ""Catalan""}, {""input"": ""es"", ""classification"": ""full_language"", ""canonical"": ""es"", ""name"": ""Spanish""}]","{""gl"": 2}",gl,res,noun,1288,res,,,,,,,,,,,,,,,,
anu,2,full_language,,anu,false,Anuak,,,,[],[],"{""en"": 2}",en,Anuak,noun,1049420,àŋwáa,,,,,,,,,,,,,,,,
apy,2,full_language,,apy,false,Apalaí,,,,[],[],"{""en"": 2}",en,manatee,noun,361664,manaty,,,en,alouatte,noun,890327,arauta,,,,,,,,,
ari,2,full_language,,ari,false,Arikara,,,,[],[],"{""en"": 2}",en,Arikara,noun,523110,aríka,,,,,,,,,,,,,,,,
"ast,an,es",2,multiple_languages,,,false,,,,,[],"[{""input"": ""ast"", ""classification"": ""full_language"", ""canonical"": ""ast"", ""name"": ""Asturian""}, {""input"": ""an"", ""classification"": ""full_language"", ""canonical"": ""an"", ""name"": ""Aragonese""}, {""input"": ""es"", ""classification"": ""full_language"", ""canonical"": ""es"", ""name"": ""Spanish""}]","{""en"": 2}",en,I,pron,129,yo,,,,,,,,,,,,,,,,
"ast,an,lad,es",2,multiple_languages,,,false,,,,,[],"[{""input"": ""ast"", ""classification"": ""full_language"", ""canonical"": ""ast"", ""name"": ""Asturian""}, {""input"": ""an"", ""classification"": ""full_language"", ""canonical"": ""an"", ""name"": ""Aragonese""}, {""input"": ""lad"", ""classification"": ""full_language"", ""canonical"": ""lad"", ""name"": ""Ladino""}, {""input"": ""es"", ""classification"": ""full_language"", ""canonical"": ""es"", ""name"": ""Spanish""}]","{""gl"": 1, ""pt"": 1}",pt,nariz,noun,7947,nariz,,,gl,nariz,noun,3516,nariz,,,,,,,,,
"ast,ca,es",2,multiple_languages,,,false,,,,,[],"[{""input"": ""ast"", ""classification"": ""full_language"", ""canonical"": ""ast"", ""name"": ""Asturian""}, {""input"": ""ca"", ""classification"": ""full_language"", ""canonical"": ""ca"", ""name"": ""Catalan""}, {""input"": ""es"", ""classification"": ""full_language"", ""canonical"": ""es"", ""name"": ""Spanish""}]","{""la"": 1, ""pt"": 1}",pt,cegar,verb,64561,cegar,,,la,tortuca,noun,510861,tortuga,,,,,,,,,
"ast,gl,es",2,multiple_languages,,,false,,,,,[],"[{""input"": ""ast"", ""classification"": ""full_language"", ""canonical"": ""ast"", ""name"": ""Asturian""}, {""input"": ""gl"", ""classification"": ""full_language"", ""canonical"": ""gl"", ""name"": ""Galician""}, {""input"": ""es"", ""classification"": ""full_language"", ""canonical"": ""es"", ""name"": ""Spanish""}]","{""en"": 1, ""pt"": 1}",en,standarize,verb,1475345,estandarizar,,,pt,açafrão,noun,50154,azafrán,,,,,,,,,
atk,2,full_language,,atk,false,Ati,,,,[],[],"{""en"": 1, ""es"": 1}",es,Panay,name,106958,Aninipay,,,en,Panay,name,464360,Aninipay,,,,,,,,,
auc,2,full_language,,auc,false,Huaorani,,,,[],[],"{""en"": 2}",en,Huaorani,noun,576384,huaorani,,,,,,,,,,,,,,,,
"bal,ps",2,multiple_languages,,,false,,,,,[],"[{""input"": ""bal"", ""classification"": ""full_language"", ""canonical"": ""bal"", ""name"": ""Baluchi""}, {""input"": ""ps"", ""classification"": ""full_language"", ""canonical"": ""ps"", ""name"": ""Pashto""}]","{""en"": 2}",en,choose,verb,26526,دوست,,,,,,,,,,,,,,,,
"bar,cim,mhn",2,multiple_languages,,,false,,,,,[],"[{""input"": ""bar"", ""classification"": ""full_language"", ""canonical"": ""bar"", ""name"": ""Bavarian""}, {""input"": ""cim"", ""classification"": ""full_language"", ""canonical"": ""cim"", ""name"": ""Cimbrian""}, {""input"": ""mhn"", ""classification"": ""full_language"", ""canonical"": ""mhn"", ""name"": ""Mòcheno""}]","{""en"": 2}",en,ice,noun,21231,ais,,,,,,,,,,,,,,,,
"bar,mhn",2,multiple_languages,,,false,,,,,[],"[{""input"": ""bar"", ""classification"": ""full_language"", ""canonical"": ""bar"", ""name"": ""Bavarian""}, {""input"": ""mhn"", ""classification"": ""full_language"", ""canonical"": ""mhn"", ""name"": ""Mòcheno""}]","{""en"": 2}",en,I,pron,129,i,,,,,,,,,,,,,,,,
bbg,2,full_language,,bbg,false,Barama,,,,[],[],"{""en"": 2}",en,moabi,noun,730558,moabi,,,en,bilinga,noun,1036412,mbilinga,,,,,,,,,
bbl,2,full_language,,bbl,false,Bats,,,,[],[],"{""el"": 1, ""fi"": 1}",el,κουτάλι,noun,9819,კუტალ,,,fi,batsi,noun,191565,ბაცბაჼმოტ,,,,,,,,,
"bcl, ceb, hil",2,multiple_languages,,,false,,,,,[],"[{""input"": ""bcl"", ""classification"": ""full_language"", ""canonical"": ""bcl"", ""name"": ""Central Bikol""}, {""input"": ""ceb"", ""classification"": ""full_language"", ""canonical"": ""ceb"", ""name"": ""Cebuano""}, {""input"": ""hil"", ""classification"": ""full_language"", ""canonical"": ""hil"", ""name"": ""Hiligaynon""}]","{""id"": 2}",id,tindak,noun,6896,tindak,,,,,,,,,,,,,,,,
"bcl, mak, jv",2,multiple_languages,,,false,,,,,[],"[{""input"": ""bcl"", ""classification"": ""full_language"", ""canonical"": ""bcl"", ""name"": ""Central Bikol""}, {""input"": ""mak"", ""classification"": ""full_language"", ""canonical"": ""mak"", ""name"": ""Makasar""}, {""input"": ""jv"", ""classification"": ""full_language"", ""canonical"": ""jv"", ""name"": ""Javanese""}]","{""id"": 2}",id,ya,intj,64,io,,,,,,,,,,,,,,,,
bcr,2,full_language,,bcr,false,Babine-Witsuwit'en,,,,[],[],"{""en"": 2}",en,Witsuwit'en,noun,1460081,Witsuwit'en,,,,,,,,,,,,,,,,
"bdr, min",2,multiple_languages,,,false,,,,,[],"[{""input"": ""bdr"", ""classification"": ""full_language"", ""canonical"": ""bdr"", ""name"": ""West Coast Bajau""}, {""input"": ""min"", ""classification"": ""full_language"", ""canonical"": ""min"", ""name"": ""Minangkabau""}]","{""en"": 2}",en,two,num,1098,duo,,,,,,,,,,,,,,,,
"be,mk,ru,uk",2,multiple_languages,,,false,,,,,[],"[{""input"": ""be"", ""classification"": ""full_language"", ""canonical"": ""be"", ""name"": ""Belarusian""}, {""input"": ""mk"", ""classification"": ""full_language"", ""canonical"": ""mk"", ""name"": ""Macedonian""}, {""input"": ""ru"", ""classification"": ""full_language"", ""canonical"": ""ru"", ""name"": ""Russian""}, {""input"": ""uk"", ""classification"": ""full_language"", ""canonical"": ""uk"", ""name"": ""Ukrainian""}]","{""en"": 2}",en,floor,noun,24678,по́ле,,,,,,,,,,,,,,,,
"be,uk",2,multiple_languages,,,false,,,,,[],"[{""input"": ""be"", ""classification"": ""full_language"", ""canonical"": ""be"", ""name"": ""Belarusian""}, {""input"": ""uk"", ""classification"": ""full_language"", ""canonical"": ""uk"", ""name"": ""Ukrainian""}]","{""en"": 1, ""ru"": 1}",en,Iryna,name,525003,Іри́на,,,ru,скабка,noun,437092,ска́бка,,,,,,,,,
bem,2,full_language,,bem,false,Bemba,,,,[],[],"{""en"": 2}",en,miombo,noun,627702,miombo,,,en,nshima,noun,957118,nshima,,,,,,,,,
"bg,rsk,ru",2,multiple_languages,,,false,,,,,[],"[{""input"": ""bg"", ""classification"": ""full_language"", ""canonical"": ""bg"", ""name"": ""Bulgarian""}, {""input"": ""rsk"", ""classification"": ""full_language"", ""canonical"": ""rsk"", ""name"": ""Pannonian Rusyn""}, {""input"": ""ru"", ""classification"": ""full_language"", ""canonical"": ""ru"", ""name"": ""Russian""}]","{""uk"": 2}",uk,-ян,suffix,4804,-ян,,,uk,-ище,suffix,46947,-ище,,,,,,,,,
bgz,2,full_language,,bgz,false,Banggai,,,,[],[],"{""id"": 2}",id,bukun,noun,27388,bukun,,,id,liyus,noun,37297,liyus,,,,,,,,,
bho,2,full_language,,bho,false,Bhojpuri,,,,[],[],"{""en"": 1, ""fi"": 1}",en,Kamarupa,name,1271579,𑂍𑂫𑂀𑂩𑂴,,,fi,bhodžpuri,noun,182658,भोजपुरी,,,,,,,,,
"bjn, iba",2,multiple_languages,,,false,,,,,[],"[{""input"": ""bjn"", ""classification"": ""full_language"", ""canonical"": ""bjn"", ""name"": ""Banjarese""}, {""input"": ""iba"", ""classification"": ""full_language"", ""canonical"": ""iba"", ""name"": ""Iban""}]","{""id"": 2}",id,beri tahu,verb,2694,padah,,,id,beritahu,verb,13854,padah,,,,,,,,,
bkk,2,full_language,,bkk,false,Brokskat,,,,[],[],"{""en"": 2}",en,Brokpa,name,1319107,منارو,,,en,Brokskat,name,1319108,منارو سکات,,,,,,,,,
bkz,2,full_language,,bkz,false,Bungku,,,,[],[],"{""en"": 2}",en,Bungku,adj,1336342,To Bungku,,,,,,,,,,,,,,,,
bll,2,full_language,,bll,false,Biloxi,,,,[],[],"{""en"": 2}",en,Biloxi,noun,379598,Tanêks ąyaadi,,,,,,,,,,,,,,,,
bnt,2,family,,bnt,false,Bantu,,,,[],[],"{""en"": 2}",en,Thabo,name,394416,thaba,,,en,Nganga,name,578643,nanga,,,,,,,,,
bob,2,full_language,,bob,false,Aweer,,,,[],[],"{""en"": 2}",en,Aweer,noun,1461372,aweer-,,,,,,,,,,,,,,,,
bqi,2,full_language,,bqi,false,Bakhtiari,,,,[],[],"{""en"": 2}",en,arsenic,noun,280095,زرنیق,,,,,,,,,,,,,,,,
bue,2,full_language,,bue,false,Beothuk,,,,[],[],"{""en"": 2}",en,Beothuk,noun,620338,beathook,,,,,,,,,,,,,,,,
byn,2,full_language,,byn,false,Blin,,,,[],[],"{""en"": 2}",en,Blin,noun,495852,ብሊና,,,,,,,,,,,,,,,,
"ca,es,oc",2,multiple_languages,,,false,,,,,[],"[{""input"": ""ca"", ""classification"": ""full_language"", ""canonical"": ""ca"", ""name"": ""Catalan""}, {""input"": ""es"", ""classification"": ""full_language"", ""canonical"": ""es"", ""name"": ""Spanish""}, {""input"": ""oc"", ""classification"": ""full_language"", ""canonical"": ""oc"", ""name"": ""Occitan""}]","{""fr"": 1, ""it"": 1}",fr,peupler,verb,70259,poblar,,,it,popolare,verb,4179,poblar,,,,,,,,,
"ca,es,pt",2,multiple_languages,,,false,,,,,[],"[{""input"": ""ca"", ""classification"": ""full_language"", ""canonical"": ""ca"", ""name"": ""Catalan""}, {""input"": ""es"", ""classification"": ""full_language"", ""canonical"": ""es"", ""name"": ""Spanish""}, {""input"": ""pt"", ""classification"": ""full_language"", ""canonical"": ""pt"", ""name"": ""Portuguese""}]","{""fr"": 2}",fr,chaque,adj,977,cada,,,fr,faute,noun,4025,falta,,,,,,,,,
"ca,gl,pt,es",2,multiple_languages,,,false,,,,,[],"[{""input"": ""ca"", ""classification"": ""full_language"", ""canonical"": ""ca"", ""name"": ""Catalan""}, {""input"": ""gl"", ""classification"": ""full_language"", ""canonical"": ""gl"", ""name"": ""Galician""}, {""input"": ""pt"", ""classification"": ""full_language"", ""canonical"": ""pt"", ""name"": ""Portuguese""}, {""input"": ""es"", ""classification"": ""full_language"", ""canonical"": ""es"", ""name"": ""Spanish""}]","{""en"": 1, ""it"": 1}",it,interrare,verb,106967,enterrar,,,en,applicate,verb,677595,aplicar,,,,,,,,,
"ca,it,pt,es",2,multiple_languages,,,false,,,,,[],"[{""input"": ""ca"", ""classification"": ""full_language"", ""canonical"": ""ca"", ""name"": ""Catalan""}, {""input"": ""it"", ""classification"": ""full_language"", ""canonical"": ""it"", ""name"": ""Italian""}, {""input"": ""pt"", ""classification"": ""full_language"", ""canonical"": ""pt"", ""name"": ""Portuguese""}, {""input"": ""es"", ""classification"": ""full_language"", ""canonical"": ""es"", ""name"": ""Spanish""}]","{""fr"": 2}",fr,vielle,noun,37467,viola,,,,,,,,,,,,,,,,
"ca,oc,es",2,multiple_languages,,,false,,,,,[],"[{""input"": ""ca"", ""classification"": ""full_language"", ""canonical"": ""ca"", ""name"": ""Catalan""}, {""input"": ""oc"", ""classification"": ""full_language"", ""canonical"": ""oc"", ""name"": ""Occitan""}, {""input"": ""es"", ""classification"": ""full_language"", ""canonical"": ""es"", ""name"": ""Spanish""}]","{""fr"": 1, ""pt"": 1}",fr,enchevêtrer,verb,151000,encabestrar,,,pt,encadear,verb,110000,encadenar,,,,,,,,,
"ca,roa-leo,pt",2,multiple_languages,,,false,,,,,[],"[{""input"": ""ca"", ""classification"": ""full_language"", ""canonical"": ""ca"", ""name"": ""Catalan""}, {""input"": ""roa-leo"", ""classification"": ""full_language"", ""canonical"": ""roa-leo"", ""name"": ""Leonese""}, {""input"": ""pt"", ""classification"": ""full_language"", ""canonical"": ""pt"", ""name"": ""Portuguese""}]","{""en"": 2}",en,door,noun,17156,fora,,,,,,,,,,,,,,,,
cay,2,full_language,,cay,false,Cayuga,,,,[],[],"{""en"": 2}",en,Cayuga,noun,401385,gayogo̱hó꞉nǫʼ,,,,,,,,,,,,,,,,
ccp,2,full_language,,ccp,false,Chakma,,,,[],[],"{""en"": 2}",en,Chakma,noun,519609,𑄌𑄇𑄴𑄟,,,,,,,,,,,,,,,,
"ceb, tl",2,multiple_languages,,,false,,,,,[],"[{""input"": ""ceb"", ""classification"": ""full_language"", ""canonical"": ""ceb"", ""name"": ""Cebuano""}, {""input"": ""tl"", ""classification"": ""full_language"", ""canonical"": ""tl"", ""name"": ""Tagalog""}]","{""en"": 2}",en,two,num,1098,dalawa,,,,,,,,,,,,,,,,
"ceb,tl",2,multiple_languages,,,false,,,,,[],"[{""input"": ""ceb"", ""classification"": ""full_language"", ""canonical"": ""ceb"", ""name"": ""Cebuano""}, {""input"": ""tl"", ""classification"": ""full_language"", ""canonical"": ""tl"", ""name"": ""Tagalog""}]","{""en"": 1, ""es"": 1}",es,crayola,noun,120399,krayola,,,en,Canoy,name,1328735,Canoy,,,,,,,,,
cel-bry,2,family,,cel-bry,false,Brythonic,,,,[],[],"{""en"": 1, ""la"": 1}",en,Arden,name,304458,ardu,,,la,Dubris,name,836708,Dubras,,,,,,,,,
chb,2,full_language,,chb,false,Chibcha,,,,[],[],"{""en"": 1, ""es"": 1}",es,Bogotá,name,7946,muyquy,,,en,ruana,noun,627574,ruana,,,,,,,,,
chp,2,full_language,,chp,false,Chipewyan,,,,[],[],"{""en"": 2}",en,Dëne Sųłıné,noun,1459128,Dene Sųłiné,,,,,,,,,,,,,,,,
chy,2,full_language,,chy,false,Cheyenne,,,,[],[],"{""en"": 2}",en,Beaver,name,210675,homa'e,,,,,,,,,,,,,,,,
cia,2,full_language,,cia,false,Cia-Cia,,,,[],[],"{""en"": 1, ""fi"": 1}",en,Cia-Cia,name,156351,찌아찌아,,,fi,cia-cia,noun,24793,찌아찌아,,,,,,,,,
cid,2,full_language,,cid,false,Chimariko,,,,[],[],"{""en"": 2}",en,Chimariko,noun,974118,chimar,,,,,,,,,,,,,,,,
"cim,de",2,multiple_languages,,,false,,,,,[],"[{""input"": ""cim"", ""classification"": ""full_language"", ""canonical"": ""cim"", ""name"": ""Cimbrian""}, {""input"": ""de"", ""classification"": ""full_language"", ""canonical"": ""de"", ""name"": ""German""}]","{""en"": 2}",en,old,adj,2794,alt,,,,,,,,,,,,,,,,
ciy,2,full_language,,ciy,false,Chaima,,,,[],[],"{""es"": 2}",es,budare,noun,161053,putari,,,es,totuma,noun,175770,totum,,,,,,,,,
"ckb,fa",2,multiple_languages,,,false,,,,,[],"[{""input"": ""ckb"", ""classification"": ""full_language"", ""canonical"": ""ckb"", ""name"": ""Central Kurdish""}, {""input"": ""fa"", ""classification"": ""full_language"", ""canonical"": ""fa"", ""name"": ""Persian""}]","{""en"": 2}",en,tree,noun,30627,دار,,,,,,,,,,,,,,,,
ckm,2,etymology_only,external,ckm,false,Chakavian Serbo-Croatian,sh,sh,Serbo-Croatian,"[""ckm"", ""sh""]",[],"{""ru"": 1, ""uk"": 1}",ru,сажа,noun,87349,sađa,,,uk,сажа,noun,33896,sađa,,,,,,,,,
ckv,2,full_language,,ckv,false,Kavalan,,,,[],[],"{""en"": 2}",en,Kavalan,noun,960398,kebalan,,,,,,,,,,,,,,,,
clw,2,full_language,,clw,false,Chulym,,,,[],[],"{""tr"": 2}",tr,çıkmak,verb,2972,сығарға,,,tr,uyuklamak,noun,44306,уқла-,,,,,,,,,
cmn-TW,2,etymology_only,external,cmn-TW,false,Taiwanese Mandarin,cmn,cmn,Mandarin,"[""cmn-TW"", ""cmn""]",[],"{""en"": 2}",en,TDK,noun,441783,26,,,en,biandang,noun,1441441,便當,,,,,,,,,
cmn-wadegiles,2,etymology_only,external,cmn-wadegiles,false,Wade–Giles,cmn,cmn,Mandarin,"[""cmn-wadegiles"", ""cmn""]",[],"{""en"": 2}",en,Taiwan,name,133403,Tʻai²-wan¹,,,en,Cheng,name,255401,Chêng⁴,,,,,,,,,
cms,2,full_language,,cms,false,Messapic,,,,[],[],"{""nb"": 1, ""ro"": 1}",ro,mânz,noun,27055,Menzana,,,nb,Jupiter,name,14870,ζισ,,,,,,,,,
cnx,2,full_language,,cnx,false,Middle Cornish,,,,[],[],"{""en"": 2}",en,Jennifer,name,108330,Gwynnever,,,en,Gweniver,name,1265221,Gwynnever,,,,,,,,,
"co,frp",2,multiple_languages,,,false,,,,,[],"[{""input"": ""co"", ""classification"": ""full_language"", ""canonical"": ""co"", ""name"": ""Corsican""}, {""input"": ""frp"", ""classification"": ""full_language"", ""canonical"": ""frp"", ""name"": ""Franco-Provençal""}]","{""fr"": 2}",fr,moi,pron,311,mè,,,,,,,,,,,,,,,,
cop-sah,2,etymology_only,external,cop-sah,false,Sahidic Coptic,cop,cop,Coptic,"[""cop-sah"", ""cop""]",[],"{""en"": 1, ""fi"": 1}",en,oipe,noun,1414756,ⲟⲉⲓⲡⲉ,,,fi,lilja,noun,22004,ϩⲣⲏⲣⲉ,,,,,,,,,
cps,2,full_language,,cps,false,Capiznon,,,,[],[],"{""en"": 1, ""es"": 1}",es,Cápiz,name,749349,kapis,,,en,Capiz,name,499275,kapis,,,,,,,,,
cpx,2,full_language,,cpx,false,Puxian Min,,,,[],[],"{""en"": 2}",en,Hee,name,231674,許,,,en,Hinghwa,name,1121126,興化,,,,,,,,,
crn,2,full_language,,crn,false,Cora,,,,[],[],"{""en"": 1, ""es"": 1}",es,Nayarit,name,38010,Náayerite,,,en,Nayarit,name,428123,Náayerite,,,,,,,,,
crs,2,full_language,,crs,false,Seychellois Creole,,,,[],[],"{""en"": 2}",en,Seselwa,name,1468483,seselwa,,,en,Kreol Seselwa,name,1468680,kreol seselwa,,,,,,,,,
crw,2,full_language,,crw,false,Chrau,,,,[],[],"{""vi"": 2}",vi,gõ,verb,21003,gŏh,,,vi,trã,noun,32823,glah,,,,,,,,,
"cs, pl",2,multiple_languages,,,false,,,,,[],"[{""input"": ""cs"", ""classification"": ""full_language"", ""canonical"": ""cs"", ""name"": ""Czech""}, {""input"": ""pl"", ""classification"": ""full_language"", ""canonical"": ""pl"", ""name"": ""Polish""}]","{""uk"": 2}",uk,ніби,conj,986,jakoby,,,,,,,,,,,,,,,,
"cs,csb,dsb,pl,sk,sl",2,multiple_languages,,,false,,,,,[],"[{""input"": ""cs"", ""classification"": ""full_language"", ""canonical"": ""cs"", ""name"": ""Czech""}, {""input"": ""csb"", ""classification"": ""full_language"", ""canonical"": ""csb"", ""name"": ""Kashubian""}, {""input"": ""dsb"", ""classification"": ""full_language"", ""canonical"": ""dsb"", ""name"": ""Lower Sorbian""}, {""input"": ""pl"", ""classification"": ""full_language"", ""canonical"": ""pl"", ""name"": ""Polish""}, {""input"": ""sk"", ""classification"": ""full_language"", ""canonical"": ""sk"", ""name"": ""Slovak""}, {""input"": ""sl"", ""classification"": ""full_language"", ""canonical"": ""sl"", ""name"": ""Slovene""}]","{""en"": 2}",en,end,noun,3297,na,,,,,,,,,,,,,,,,
"cs,pl,szl,sk",2,multiple_languages,,,false,,,,,[],"[{""input"": ""cs"", ""classification"": ""full_language"", ""canonical"": ""cs"", ""name"": ""Czech""}, {""input"": ""pl"", ""classification"": ""full_language"", ""canonical"": ""pl"", ""name"": ""Polish""}, {""input"": ""szl"", ""classification"": ""full_language"", ""canonical"": ""szl"", ""name"": ""Silesian""}, {""input"": ""sk"", ""classification"": ""full_language"", ""canonical"": ""sk"", ""name"": ""Slovak""}]","{""en"": 2}",en,ear,noun,72283,ucho,,,,,,,,,,,,,,,,
"cs,sk,sl",2,multiple_languages,,,false,,,,,[],"[{""input"": ""cs"", ""classification"": ""full_language"", ""canonical"": ""cs"", ""name"": ""Czech""}, {""input"": ""sk"", ""classification"": ""full_language"", ""canonical"": ""sk"", ""name"": ""Slovak""}, {""input"": ""sl"", ""classification"": ""full_language"", ""canonical"": ""sl"", ""name"": ""Slovene""}]","{""en"": 2}",en,beard,noun,127992,brada,,,,,,,,,,,,,,,,
csi,2,full_language,,csi,false,Coast Miwok,,,,[],[],"{""en"": 2}",en,Petaluma,name,404717,Péta Lúuma,,,en,Mount Tamalpais,name,521174,támal pájiṣ,,,,,,,,,
cst,2,full_language,,cst,false,Northern Ohlone,,,,[],[],"{""en"": 2}",en,Ramaytush,noun,675668,Rammay-tuš,,,,,,,,,,,,,,,,
cwd,2,full_language,,cwd,false,Woods Cree,,,,[],[],"{""en"": 1, ""fr"": 1}",fr,Arthabaska,name,82454,athap askaw,,,en,methy,noun,604446,mathay,,,,,,,,,
"da,fo",2,multiple_languages,,,false,,,,,[],"[{""input"": ""da"", ""classification"": ""full_language"", ""canonical"": ""da"", ""name"": ""Danish""}, {""input"": ""fo"", ""classification"": ""full_language"", ""canonical"": ""fo"", ""name"": ""Faroese""}]","{""en"": 2}",en,fee,noun,62820,fæ,,,,,,,,,,,,,,,,
"da,fo,gmq-scy",2,multiple_languages,,,false,,,,,[],"[{""input"": ""da"", ""classification"": ""full_language"", ""canonical"": ""da"", ""name"": ""Danish""}, {""input"": ""fo"", ""classification"": ""full_language"", ""canonical"": ""fo"", ""name"": ""Faroese""}, {""input"": ""gmq-scy"", ""classification"": ""full_language"", ""canonical"": ""gmq-scy"", ""name"": ""Scanian""}]","{""en"": 2}",en,tree,noun,30627,træ,,,,,,,,,,,,,,,,
"da,fo,is",2,multiple_languages,,,false,,,,,[],"[{""input"": ""da"", ""classification"": ""full_language"", ""canonical"": ""da"", ""name"": ""Danish""}, {""input"": ""fo"", ""classification"": ""full_language"", ""canonical"": ""fo"", ""name"": ""Faroese""}, {""input"": ""is"", ""classification"": ""full_language"", ""canonical"": ""is"", ""name"": ""Icelandic""}]","{""en"": 2}",en,tail,noun,84801,tagl,,,,,,,,,,,,,,,,
"da,fo,nb,nn",2,multiple_languages,,,false,,,,,[],"[{""input"": ""da"", ""classification"": ""full_language"", ""canonical"": ""da"", ""name"": ""Danish""}, {""input"": ""fo"", ""classification"": ""full_language"", ""canonical"": ""fo"", ""name"": ""Faroese""}, {""input"": ""nb"", ""classification"": ""full_language"", ""canonical"": ""nb"", ""name"": ""Norwegian Bokmål""}, {""input"": ""nn"", ""classification"": ""full_language"", ""canonical"": ""nn"", ""name"": ""Norwegian Nynorsk""}]","{""en"": 2}",en,ale,noun,197751,øl,,,en,erne,noun,456641,ørn,,,,,,,,,
"da,is,nb,nn,sv",2,multiple_languages,,,false,,,,,[],"[{""input"": ""da"", ""classification"": ""full_language"", ""canonical"": ""da"", ""name"": ""Danish""}, {""input"": ""is"", ""classification"": ""full_language"", ""canonical"": ""is"", ""name"": ""Icelandic""}, {""input"": ""nb"", ""classification"": ""full_language"", ""canonical"": ""nb"", ""name"": ""Norwegian Bokmål""}, {""input"": ""nn"", ""classification"": ""full_language"", ""canonical"": ""nn"", ""name"": ""Norwegian Nynorsk""}, {""input"": ""sv"", ""classification"": ""full_language"", ""canonical"": ""sv"", ""name"": ""Swedish""}]","{""en"": 2}",en,shaft,noun,157770,skaft,,,,,,,,,,,,,,,,
"da,nl,nb,nn,sv,fy",2,multiple_languages,,,false,,,,,[],"[{""input"": ""da"", ""classification"": ""full_language"", ""canonical"": ""da"", ""name"": ""Danish""}, {""input"": ""nl"", ""classification"": ""full_language"", ""canonical"": ""nl"", ""name"": ""Dutch""}, {""input"": ""nb"", ""classification"": ""full_language"", ""canonical"": ""nb"", ""name"": ""Norwegian Bokmål""}, {""input"": ""nn"", ""classification"": ""full_language"", ""canonical"": ""nn"", ""name"": ""Norwegian Nynorsk""}, {""input"": ""sv"", ""classification"": ""full_language"", ""canonical"": ""sv"", ""name"": ""Swedish""}, {""input"": ""fy"", ""classification"": ""full_language"", ""canonical"": ""fy"", ""name"": ""West Frisian""}]","{""en"": 2}",en,liver,noun,109558,lever,,,,,,,,,,,,,,,,
"da,nl,nn,sv",2,multiple_languages,,,false,,,,,[],"[{""input"": ""da"", ""classification"": ""full_language"", ""canonical"": ""da"", ""name"": ""Danish""}, {""input"": ""nl"", ""classification"": ""full_language"", ""canonical"": ""nl"", ""name"": ""Dutch""}, {""input"": ""nn"", ""classification"": ""full_language"", ""canonical"": ""nn"", ""name"": ""Norwegian Nynorsk""}, {""input"": ""sv"", ""classification"": ""full_language"", ""canonical"": ""sv"", ""name"": ""Swedish""}]","{""en"": 2}",en,glass,noun,30662,glas,,,,,,,,,,,,,,,,
"da,no,sv",2,multiple_languages,,,false,,,,,[],"[{""input"": ""da"", ""classification"": ""full_language"", ""canonical"": ""da"", ""name"": ""Danish""}, {""input"": ""no"", ""classification"": ""full_language"", ""canonical"": ""no"", ""name"": ""Norwegian""}, {""input"": ""sv"", ""classification"": ""full_language"", ""canonical"": ""sv"", ""name"": ""Swedish""}]","{""en"": 1, ""pt"": 1}",en,Falk,name,338823,falk,,,pt,Astride,name,320403,Astrid,,,,,,,,,
"da,nrn,nb,nn",2,multiple_languages,,,false,,,,,[],"[{""input"": ""da"", ""classification"": ""full_language"", ""canonical"": ""da"", ""name"": ""Danish""}, {""input"": ""nrn"", ""classification"": ""full_language"", ""canonical"": ""nrn"", ""name"": ""Norn""}, {""input"": ""nb"", ""classification"": ""full_language"", ""canonical"": ""nb"", ""name"": ""Norwegian Bokmål""}, {""input"": ""nn"", ""classification"": ""full_language"", ""canonical"": ""nn"", ""name"": ""Norwegian Nynorsk""}]","{""en"": 2}",en,door,noun,17156,dør,,,,,,,,,,,,,,,,
"da,ovd,fo,is",2,multiple_languages,,,false,,,,,[],"[{""input"": ""da"", ""classification"": ""full_language"", ""canonical"": ""da"", ""name"": ""Danish""}, {""input"": ""ovd"", ""classification"": ""full_language"", ""canonical"": ""ovd"", ""name"": ""Elfdalian""}, {""input"": ""fo"", ""classification"": ""full_language"", ""canonical"": ""fo"", ""name"": ""Faroese""}, {""input"": ""is"", ""classification"": ""full_language"", ""canonical"": ""is"", ""name"": ""Icelandic""}]","{""en"": 2}",en,net,noun,37700,net,,,,,,,,,,,,,,,,
dis,2,full_language,,dis,false,Dimasa,,,,[],[],"{""en"": 2}",en,Barak Valley,name,367646,bra,,,en,Barak Valley,name,367646,kro,,,,,,,,,
dlg,2,full_language,,dlg,false,Dolgan,,,,[],[],"{""tr"": 2}",tr,satıcı,noun,10007,атыыһыт,,,tr,bürümek,verb,32741,бүрүй,,,,,,,,,
"dsb,hsb",2,multiple_languages,,,false,,,,,[],"[{""input"": ""dsb"", ""classification"": ""full_language"", ""canonical"": ""dsb"", ""name"": ""Lower Sorbian""}, {""input"": ""hsb"", ""classification"": ""full_language"", ""canonical"": ""hsb"", ""name"": ""Upper Sorbian""}]","{""en"": 2}",en,ear,noun,72283,wucho,,,,,,,,,,,,,,,,
dua,2,full_language,,dua,false,Duala,,,,[],[],"{""en"": 2}",en,bubinga,noun,606306,bobiŋga,,,en,yohimbe,noun,613508,yombwa,,,,,,,,,
emb,2,full_language,,emb,false,Embaloh,,,,[],[],"{""id"": 2}",id,banua,noun,18816,banua,,,,,,,,,,,,,,,,
"en,de",2,multiple_languages,,,false,,,,,[],"[{""input"": ""en"", ""classification"": ""full_language"", ""canonical"": ""en"", ""name"": ""English""}, {""input"": ""de"", ""classification"": ""full_language"", ""canonical"": ""de"", ""name"": ""German""}]","{""eo"": 1, ""nl"": 1}",nl,Geertruida,name,34212,Gertrude,,,eo,-isto,suffix,846,-ist,,,,,,,,,
"en,fr,es",2,multiple_languages,,,false,,,,,[],"[{""input"": ""en"", ""classification"": ""full_language"", ""canonical"": ""en"", ""name"": ""English""}, {""input"": ""fr"", ""classification"": ""full_language"", ""canonical"": ""fr"", ""name"": ""French""}, {""input"": ""es"", ""classification"": ""full_language"", ""canonical"": ""es"", ""name"": ""Spanish""}]","{""eo"": 2}",eo,-ebla,suffix,2700,-able,,,eo,-ebla,suffix,2700,-ible,,,,,,,,,
"en,oc",2,multiple_languages,,,false,,,,,[],"[{""input"": ""en"", ""classification"": ""full_language"", ""canonical"": ""en"", ""name"": ""English""}, {""input"": ""oc"", ""classification"": ""full_language"", ""canonical"": ""oc"", ""name"": ""Occitan""}]","{""fr"": 2}",fr,adieu,intj,17830,adieu,,,,,,,,,,,,,,,,
en-IN,2,etymology_only,supported,en-IN,false,Indian English,en,en,English,"[""en-IN"", ""en""]",[],"{""en"": 2}",en,Machin,name,410053,maha-,,,en,chuddies,noun,650944,chaddi,,,,,,,,,
enm-emi,2,etymology_only,external,enm-emi,false,East Midland Middle English,enm,enm,Middle English,"[""enm-emi"", ""enm""]",[],"{""en"": 2}",en,mon,noun,164940,man,,,en,churl,noun,553467,cherl,,,,,,,,,
"es,ca,it,fr",2,multiple_languages,,,false,,,,,[],"[{""input"": ""es"", ""classification"": ""full_language"", ""canonical"": ""es"", ""name"": ""Spanish""}, {""input"": ""ca"", ""classification"": ""full_language"", ""canonical"": ""ca"", ""name"": ""Catalan""}, {""input"": ""it"", ""classification"": ""full_language"", ""canonical"": ""it"", ""name"": ""Italian""}, {""input"": ""fr"", ""classification"": ""full_language"", ""canonical"": ""fr"", ""name"": ""French""}]","{""pt"": 2}",pt,a,article,12,la,,,,,,,,,,,,,,,,
"es,en",2,multiple_languages,,,false,,,,,[],"[{""input"": ""es"", ""classification"": ""full_language"", ""canonical"": ""es"", ""name"": ""Spanish""}, {""input"": ""en"", ""classification"": ""full_language"", ""canonical"": ""en"", ""name"": ""English""}]","{""eo"": 1, ""it"": 1}",it,trattore,noun,33478,tractor,,,eo,mal-,prefix,848,mal-,,,,,,,,,
es-CO,2,etymology_only,supported,es-CO,false,Colombian Spanish,es,es,Spanish,"[""es-CO"", ""es""]",[],"{""en"": 2}",en,basuco,noun,899033,basuco,,,en,bazuco,noun,899035,bazuco,,,,,,,,,
es-PE,2,etymology_only,supported,es-PE,false,Peruvian Spanish,es,es,Spanish,"[""es-PE"", ""es""]",[],"{""en"": 2}",en,cuy,noun,533669,cuy,,,en,aguaje,noun,946418,aguaje,,,,,,,,,
"et,fi",2,multiple_languages,,,false,,,,,[],"[{""input"": ""et"", ""classification"": ""full_language"", ""canonical"": ""et"", ""name"": ""Estonian""}, {""input"": ""fi"", ""classification"": ""full_language"", ""canonical"": ""fi"", ""name"": ""Finnish""}]","{""en"": 2}",en,king,noun,13372,kuningas,,,,,,,,,,,,,,,,
"fa,ar",2,multiple_languages,,,false,,,,,[],"[{""input"": ""fa"", ""classification"": ""full_language"", ""canonical"": ""fa"", ""name"": ""Persian""}, {""input"": ""ar"", ""classification"": ""full_language"", ""canonical"": ""ar"", ""name"": ""Arabic""}]","{""en"": 1, ""uk"": 1}",en,daf,noun,405898,دَف,,,uk,майдан,noun,1572,مَيْدَان,,,,,,,,,
fan,2,full_language,,fan,false,Fang (Bantu),,,,[],[],"{""en"": 2}",en,Bwiti,name,947963,Bwiti,,,,,,,,,,,,,,,,
"fax,pt",2,multiple_languages,,,false,,,,,[],"[{""input"": ""fax"", ""classification"": ""full_language"", ""canonical"": ""fax"", ""name"": ""Fala""}, {""input"": ""pt"", ""classification"": ""full_language"", ""canonical"": ""pt"", ""name"": ""Portuguese""}]","{""gl"": 2}",gl,brasa,noun,4526,brasa,,,gl,pedra,noun,23877,pedra,,,,,,,,,
"fi,vot",2,multiple_languages,,,false,,,,,[],"[{""input"": ""fi"", ""classification"": ""full_language"", ""canonical"": ""fi"", ""name"": ""Finnish""}, {""input"": ""vot"", ""classification"": ""full_language"", ""canonical"": ""vot"", ""name"": ""Votic""}]","{""en"": 2}",en,eye,noun,20235,aukko,,,,,,,,,,,,,,,,
"fj, mi, rap, rtm",2,multiple_languages,,,false,,,,,[],"[{""input"": ""fj"", ""classification"": ""full_language"", ""canonical"": ""fj"", ""name"": ""Fijian""}, {""input"": ""mi"", ""classification"": ""full_language"", ""canonical"": ""mi"", ""name"": ""Māori""}, {""input"": ""rap"", ""classification"": ""full_language"", ""canonical"": ""rap"", ""name"": ""Rapa Nui""}, {""input"": ""rtm"", ""classification"": ""full_language"", ""canonical"": ""rtm"", ""name"": ""Rotuman""}]","{""en"": 2}",en,two,num,1098,rua,,,,,,,,,,,,,,,,
"fo,is,nrn",2,multiple_languages,,,false,,,,,[],"[{""input"": ""fo"", ""classification"": ""full_language"", ""canonical"": ""fo"", ""name"": ""Faroese""}, {""input"": ""is"", ""classification"": ""full_language"", ""canonical"": ""is"", ""name"": ""Icelandic""}, {""input"": ""nrn"", ""classification"": ""full_language"", ""canonical"": ""nrn"", ""name"": ""Norn""}]","{""en"": 2}",en,hole,noun,46695,hola,,,,,,,,,,,,,,,,
"fr,frm",2,multiple_languages,,,false,,,,,[],"[{""input"": ""fr"", ""classification"": ""full_language"", ""canonical"": ""fr"", ""name"": ""French""}, {""input"": ""frm"", ""classification"": ""full_language"", ""canonical"": ""frm"", ""name"": ""Middle French""}]","{""en"": 2}",en,noirette,noun,1218022,noirette,,,,,,,,,,,,,,,,
"fr,it",2,multiple_languages,,,false,,,,,[],"[{""input"": ""fr"", ""classification"": ""full_language"", ""canonical"": ""fr"", ""name"": ""French""}, {""input"": ""it"", ""classification"": ""full_language"", ""canonical"": ""it"", ""name"": ""Italian""}]","{""en"": 1, ""eo"": 1}",en,Mimi,name,266621,Mimi,,,eo,Kenjo,name,4177,Kenya,,,,,,,,,
"fr,nl,ca",2,multiple_languages,,,false,,,,,[],"[{""input"": ""fr"", ""classification"": ""full_language"", ""canonical"": ""fr"", ""name"": ""French""}, {""input"": ""nl"", ""classification"": ""full_language"", ""canonical"": ""nl"", ""name"": ""Dutch""}, {""input"": ""ca"", ""classification"": ""full_language"", ""canonical"": ""ca"", ""name"": ""Catalan""}]","{""it"": 2}",it,ponte,noun,4921,pont,,,,,,,,,,,,,,,,
"fr,oc",2,multiple_languages,,,false,,,,,[],"[{""input"": ""fr"", ""classification"": ""full_language"", ""canonical"": ""fr"", ""name"": ""French""}, {""input"": ""oc"", ""classification"": ""full_language"", ""canonical"": ""oc"", ""name"": ""Occitan""}]","{""ca"": 2}",ca,quinze,num,4535,quinze,,,,,,,,,,,,,,,,
"fr,ro",2,multiple_languages,,,false,,,,,[],"[{""input"": ""fr"", ""classification"": ""full_language"", ""canonical"": ""fr"", ""name"": ""French""}, {""input"": ""ro"", ""classification"": ""full_language"", ""canonical"": ""ro"", ""name"": ""Romanian""}]","{""pt"": 2}",pt,vinho,noun,5952,vin,,,pt,dosso,noun,139484,dos,,,,,,,,,
fr-aca,2,etymology_only,supported,fr-aca,false,Acadian French,fr,fr,French,"[""fr-aca"", ""fr""]",[],"{""en"": 2}",en,Cajun,noun,320789,Cadien,,,,,,,,,,,,,,,,
"frr,da",2,multiple_languages,,,false,,,,,[],"[{""input"": ""frr"", ""classification"": ""full_language"", ""canonical"": ""frr"", ""name"": ""North Frisian""}, {""input"": ""da"", ""classification"": ""full_language"", ""canonical"": ""da"", ""name"": ""Danish""}]","{""en"": 2}",en,hat,noun,60577,hat,,,,,,,,,,,,,,,,
"frr,fy",2,multiple_languages,,,false,,,,,[],"[{""input"": ""frr"", ""classification"": ""full_language"", ""canonical"": ""frr"", ""name"": ""North Frisian""}, {""input"": ""fy"", ""classification"": ""full_language"", ""canonical"": ""fy"", ""name"": ""West Frisian""}]","{""en"": 2}",en,cloud,noun,68684,wolk,,,,,,,,,,,,,,,,
"fy,gsw,nl",2,multiple_languages,,,false,,,,,[],"[{""input"": ""fy"", ""classification"": ""full_language"", ""canonical"": ""fy"", ""name"": ""West Frisian""}, {""input"": ""gsw"", ""classification"": ""full_language"", ""canonical"": ""gsw"", ""name"": ""Alemannic German""}, {""input"": ""nl"", ""classification"": ""full_language"", ""canonical"": ""nl"", ""name"": ""Dutch""}]","{""en"": 2}",en,wolf,noun,83331,wolf,,,,,,,,,,,,,,,,
gax,2,etymology_only,external,gax,false,Borana,om,om,Oromo,"[""gax"", ""om""]",[],"{""en"": 1, ""gl"": 1}",en,Wario,name,434682,Wario,,,gl,miñoca,noun,26860,miñoca,,,,,,,,,
gay,2,full_language,,gay,false,Gayo,,,,[],[],"{""id"": 1, ""nl"": 1}",nl,Gajo,noun,127378,Gayo,,,id,didong,noun,27016,didong,,,,,,,,,
gbm,2,full_language,,gbm,false,Garhwali,,,,[],[],"{""en"": 2}",en,Garhwali,name,1119969,गढ़वळि,,,en,Bhararisain,name,1387688,भराड़ीसैंण,,,,,,,,,
gbw,2,full_language,,gbw,false,Gabi,,,,[],[],"{""en"": 2}",en,gympie-gympie,noun,462070,gimpi gimpi,,,en,bunya,noun,577627,bunyi,,,,,,,,,
gdq,2,full_language,,gdq,false,Mehri,,,,[],[],"{""en"": 2}",en,Mehri,noun,599737,مهريّت,,,,,,,,,,,,,,,,
gev,2,full_language,,gev,false,Viya,,,,[],[],"{""en"": 2}",en,bilinga,noun,1036412,mbilinga,,,en,okoume,noun,1206117,okumé,,,,,,,,,
"gl,ast,roa-leo",2,multiple_languages,,,false,,,,,[],"[{""input"": ""gl"", ""classification"": ""full_language"", ""canonical"": ""gl"", ""name"": ""Galician""}, {""input"": ""ast"", ""classification"": ""full_language"", ""canonical"": ""ast"", ""name"": ""Asturian""}, {""input"": ""roa-leo"", ""classification"": ""full_language"", ""canonical"": ""roa-leo"", ""name"": ""Leonese""}]","{""pt"": 2}",pt,coruja,noun,27935,curuxa,,,,,,,,,,,,,,,,
"gl,es,ca,en",2,multiple_languages,,,false,,,,,[],"[{""input"": ""gl"", ""classification"": ""full_language"", ""canonical"": ""gl"", ""name"": ""Galician""}, {""input"": ""es"", ""classification"": ""full_language"", ""canonical"": ""es"", ""name"": ""Spanish""}, {""input"": ""ca"", ""classification"": ""full_language"", ""canonical"": ""ca"", ""name"": ""Catalan""}, {""input"": ""en"", ""classification"": ""full_language"", ""canonical"": ""en"", ""name"": ""English""}]","{""pt"": 2}",pt,impermeável,adj,57672,impermeable,,,,,,,,,,,,,,,,
"gl,es,it,ro",2,multiple_languages,,,false,,,,,[],"[{""input"": ""gl"", ""classification"": ""full_language"", ""canonical"": ""gl"", ""name"": ""Galician""}, {""input"": ""es"", ""classification"": ""full_language"", ""canonical"": ""es"", ""name"": ""Spanish""}, {""input"": ""it"", ""classification"": ""full_language"", ""canonical"": ""it"", ""name"": ""Italian""}, {""input"": ""ro"", ""classification"": ""full_language"", ""canonical"": ""ro"", ""name"": ""Romanian""}]","{""pt"": 2}",pt,verde,adj,2650,verde,,,,,,,,,,,,,,,,
"gl,it,la",2,multiple_languages,,,false,,,,,[],"[{""input"": ""gl"", ""classification"": ""full_language"", ""canonical"": ""gl"", ""name"": ""Galician""}, {""input"": ""it"", ""classification"": ""full_language"", ""canonical"": ""it"", ""name"": ""Italian""}, {""input"": ""la"", ""classification"": ""full_language"", ""canonical"": ""la"", ""name"": ""Latin""}]","{""en"": 2}",en,tongue,noun,80412,lingua,,,,,,,,,,,,,,,,
"gl,it,pt",2,multiple_languages,,,false,,,,,[],"[{""input"": ""gl"", ""classification"": ""full_language"", ""canonical"": ""gl"", ""name"": ""Galician""}, {""input"": ""it"", ""classification"": ""full_language"", ""canonical"": ""it"", ""name"": ""Italian""}, {""input"": ""pt"", ""classification"": ""full_language"", ""canonical"": ""pt"", ""name"": ""Portuguese""}]","{""en"": 2}",en,tooth,noun,126188,dente,,,,,,,,,,,,,,,,
"gl,mwl,ast,es",2,multiple_languages,,,false,,,,,[],"[{""input"": ""gl"", ""classification"": ""full_language"", ""canonical"": ""gl"", ""name"": ""Galician""}, {""input"": ""mwl"", ""classification"": ""full_language"", ""canonical"": ""mwl"", ""name"": ""Mirandese""}, {""input"": ""ast"", ""classification"": ""full_language"", ""canonical"": ""ast"", ""name"": ""Asturian""}, {""input"": ""es"", ""classification"": ""full_language"", ""canonical"": ""es"", ""name"": ""Spanish""}]","{""pt"": 2}",pt,comer,verb,2388,comer,,,,,,,,,,,,,,,,
"gml,nl",2,multiple_languages,,,false,,,,,[],"[{""input"": ""gml"", ""classification"": ""full_language"", ""canonical"": ""gml"", ""name"": ""Middle Low German""}, {""input"": ""nl"", ""classification"": ""full_language"", ""canonical"": ""nl"", ""name"": ""Dutch""}]","{""da"": 1, ""sv"": 1}",sv,infall,noun,31153,inval,,,da,indfald,noun,15597,inval,,,,,,,,,
"gmw-cfr,lb",2,multiple_languages,,,false,,,,,[],"[{""input"": ""gmw-cfr"", ""classification"": ""full_language"", ""canonical"": ""gmw-cfr"", ""name"": ""Central Franconian""}, {""input"": ""lb"", ""classification"": ""full_language"", ""canonical"": ""lb"", ""name"": ""Luxembourgish""}]","{""en"": 2}",en,broad,adj,60546,breet,,,,,,,,,,,,,,,,
"gmw-cfr,li",2,multiple_languages,,,false,,,,,[],"[{""input"": ""gmw-cfr"", ""classification"": ""full_language"", ""canonical"": ""gmw-cfr"", ""name"": ""Central Franconian""}, {""input"": ""li"", ""classification"": ""full_language"", ""canonical"": ""li"", ""name"": ""Limburgish""}]","{""en"": 2}",en,shadow,noun,71135,Schatte,,,,,,,,,,,,,,,,
gmw-jdt,2,full_language,,gmw-jdt,false,Jersey Dutch,,,,[],[],"{""nl"": 1, ""sv"": 1}",nl,hespan,noun,122380,häspân,,,sv,espan,noun,173960,häspân,,,,,,,,,
gon,2,full_language,,gon,false,Gondi,,,,[],[],"{""en"": 1, ""fr"": 1}",fr,gondi,noun,87661,గోండీ,,,en,Koitur,name,1403030,కోఈతోర్,,,,,,,,,
grc-aeo,2,etymology_only,external,grc-aeo,false,Aeolic Greek,grc,grc,Ancient Greek,"[""grc-aeo"", ""grc""]",[],"{""en"": 1, ""la"": 1}",en,Thebe,name,524404,Θῆβαι,,,la,Thebe,name,685820,Θῆβαι,,,,,,,,,
grc-kre,2,etymology_only,external,grc-kre,false,Cretan Ancient Greek,grc-dor,grc,Ancient Greek,"[""grc-kre"", ""grc-dor"", ""grc""]",[],"{""en"": 1, ""la"": 1}",en,Velchanos,name,1263249,Ϝελχάνος,,,la,Vulcanus,name,830585,Ϝέλχανος,,,,,,,,,
guw,2,full_language,,guw,false,Gun,,,,[],[],"{""fr"": 1, ""pt"": 1}",fr,févi,noun,397398,fevi,,,pt,aqué,noun,409471,àkwẹ́,,,,,,,,,
"gv,gd",2,multiple_languages,,,false,,,,,[],"[{""input"": ""gv"", ""classification"": ""full_language"", ""canonical"": ""gv"", ""name"": ""Manx""}, {""input"": ""gd"", ""classification"": ""full_language"", ""canonical"": ""gd"", ""name"": ""Scottish Gaelic""}]","{""en"": 2}",en,laugh,noun,46690,clag,,,,,,,,,,,,,,,,
haa,2,full_language,,haa,false,Hän,,,,[],[],"{""en"": 2}",en,Klondike,name,393719,Tr'ondëk,,,,,,,,,,,,,,,,
"haw, sm, wls",2,multiple_languages,,,false,,,,,[],"[{""input"": ""haw"", ""classification"": ""full_language"", ""canonical"": ""haw"", ""name"": ""Hawaiian""}, {""input"": ""sm"", ""classification"": ""full_language"", ""canonical"": ""sm"", ""name"": ""Samoan""}, {""input"": ""wls"", ""classification"": ""full_language"", ""canonical"": ""wls"", ""name"": ""Wallisian""}]","{""en"": 2}",en,two,num,1098,lua,,,,,,,,,,,,,,,,
hdn,2,full_language,,hdn,false,Northern Haida,,,,[],[],"{""en"": 2}",en,Haida,noun,407357,xaad,,,,,,,,,,,,,,,,
"hi,ne,mr",2,multiple_languages,,,false,,,,,[],"[{""input"": ""hi"", ""classification"": ""full_language"", ""canonical"": ""hi"", ""name"": ""Hindi""}, {""input"": ""ne"", ""classification"": ""full_language"", ""canonical"": ""ne"", ""name"": ""Nepali""}, {""input"": ""mr"", ""classification"": ""full_language"", ""canonical"": ""mr"", ""name"": ""Marathi""}]","{""en"": 2}",en,Shri,noun,217265,श्री,,,,,,,,,,,,,,,,
"hi,sa",2,multiple_languages,,,false,,,,,[],"[{""input"": ""hi"", ""classification"": ""full_language"", ""canonical"": ""hi"", ""name"": ""Hindi""}, {""input"": ""sa"", ""classification"": ""full_language"", ""canonical"": ""sa"", ""name"": ""Sanskrit""}]","{""en"": 1, ""fi"": 1}",en,veena,noun,444839,वीणा,,,fi,veena,noun,85999,वीणा,,,,,,,,,
hni,2,full_language,,hni,false,Hani,,,,[],[],"{""en"": 2}",en,Hani,noun,353045,Haqniq,,,,,,,,,,,,,,,,
"hsb,dsb",2,multiple_languages,,,false,,,,,[],"[{""input"": ""hsb"", ""classification"": ""full_language"", ""canonical"": ""hsb"", ""name"": ""Upper Sorbian""}, {""input"": ""dsb"", ""classification"": ""full_language"", ""canonical"": ""dsb"", ""name"": ""Lower Sorbian""}]","{""de"": 2}",de,Leipzig,name,3559,Lipsk,,,de,Leipzig,name,3559,lipa,,,,,,,,,
hsn,2,full_language,,hsn,false,Xiang,,,,[],[],"{""en"": 1, ""vi"": 1}",en,Lin,name,176016,林,,,vi,phẻ,adj,41061,花,,,,,,,,,
hz,2,full_language,,hz,false,Herero,,,,[],[],"{""de"": 1, ""en"": 1}",de,Omuramba,noun,327442,omuramba,,,en,omuramba,noun,1212215,omuramba,,,,,,,,,
"ia,it,sc",2,multiple_languages,,,false,,,,,[],"[{""input"": ""ia"", ""classification"": ""full_language"", ""canonical"": ""ia"", ""name"": ""Interlingua""}, {""input"": ""it"", ""classification"": ""full_language"", ""canonical"": ""it"", ""name"": ""Italian""}, {""input"": ""sc"", ""classification"": ""full_language"", ""canonical"": ""sc"", ""name"": ""Sardinian""}]","{""pt"": 2}",pt,osso,noun,13231,osso,,,,,,,,,,,,,,,,
ibg,2,full_language,,ibg,false,Ibanag,,,,[],[],"{""en"": 2}",en,Ilagan,name,573078,nagali,,,en,Tangonan,name,1124854,Tangonan,,,,,,,,,
"id, iba, ill, ilo, su, ms",2,multiple_languages,,,false,,,,,[],"[{""input"": ""id"", ""classification"": ""full_language"", ""canonical"": ""id"", ""name"": ""Indonesian""}, {""input"": ""iba"", ""classification"": ""full_language"", ""canonical"": ""iba"", ""name"": ""Iban""}, {""input"": ""ill"", ""classification"": ""full_language"", ""canonical"": ""ill"", ""name"": ""Iranun""}, {""input"": ""ilo"", ""classification"": ""full_language"", ""canonical"": ""ilo"", ""name"": ""Ilocano""}, {""input"": ""su"", ""classification"": ""full_language"", ""canonical"": ""su"", ""name"": ""Sundanese""}, {""input"": ""ms"", ""classification"": ""full_language"", ""canonical"": ""ms"", ""name"": ""Malay""}]","{""en"": 2}",en,two,num,1098,dua,,,,,,,,,,,,,,,,
igl,2,full_language,,igl,false,Igala,,,,[],[],"{""en"": 2}",en,Igala,noun,571696,Ígáláà,,,,,,,,,,,,,,,,
ikx,2,full_language,,ikx,false,Ik,,,,[],[],"{""en"": 1, ""fr"": 1}",fr,Ik,name,61720,Icé-tód,,,en,Ik,name,261328,Icé-tód,,,,,,,,,
ill,2,full_language,,ill,false,Iranun,,,,[],[],"{""en"": 1, ""es"": 1}",es,Pagadían,name,757374,pagad,,,en,Pagadian,name,606540,pagad,,,,,,,,,
ims,2,full_language,,ims,false,Marsian,,,,[],[],"{""la"": 2}",la,Pomona,name,656637,poimunien,,,la,Angitia,name,875626,Actia,,,,,,,,,
inz,2,full_language,,inz,false,Ineseño,,,,[],[],"{""en"": 2}",en,Chumash,noun,468798,čʰumaš,,,,,,,,,,,,,,,,
irk,2,full_language,,irk,false,Iraqw,,,,[],[],"{""en"": 2}",en,Iraqw,noun,958367,iraqw,,,,,,,,,,,,,,,,
"is,fo,sv",2,multiple_languages,,,false,,,,,[],"[{""input"": ""is"", ""classification"": ""full_language"", ""canonical"": ""is"", ""name"": ""Icelandic""}, {""input"": ""fo"", ""classification"": ""full_language"", ""canonical"": ""fo"", ""name"": ""Faroese""}, {""input"": ""sv"", ""classification"": ""full_language"", ""canonical"": ""sv"", ""name"": ""Swedish""}]","{""en"": 2}",en,hate,noun,15815,hata,,,,,,,,,,,,,,,,
"is,nb,nn",2,multiple_languages,,,false,,,,,[],"[{""input"": ""is"", ""classification"": ""full_language"", ""canonical"": ""is"", ""name"": ""Icelandic""}, {""input"": ""nb"", ""classification"": ""full_language"", ""canonical"": ""nb"", ""name"": ""Norwegian Bokmål""}, {""input"": ""nn"", ""classification"": ""full_language"", ""canonical"": ""nn"", ""name"": ""Norwegian Nynorsk""}]","{""en"": 2}",en,dough,noun,164895,deig,,,,,,,,,,,,,,,,
"is,nn,sv",2,multiple_languages,,,false,,,,,[],"[{""input"": ""is"", ""classification"": ""full_language"", ""canonical"": ""is"", ""name"": ""Icelandic""}, {""input"": ""nn"", ""classification"": ""full_language"", ""canonical"": ""nn"", ""name"": ""Norwegian Nynorsk""}, {""input"": ""sv"", ""classification"": ""full_language"", ""canonical"": ""sv"", ""name"": ""Swedish""}]","{""en"": 2}",en,stop,verb,4818,stoppa,,,,,,,,,,,,,,,,
"it,ca",2,multiple_languages,,,false,,,,,[],"[{""input"": ""it"", ""classification"": ""full_language"", ""canonical"": ""it"", ""name"": ""Italian""}, {""input"": ""ca"", ""classification"": ""full_language"", ""canonical"": ""ca"", ""name"": ""Catalan""}]","{""fr"": 1, ""pt"": 1}",fr,commère,noun,67856,comare,,,pt,amostra,noun,10539,mostra,,,,,,,,,
"it,fr",2,multiple_languages,,,false,,,,,[],"[{""input"": ""it"", ""classification"": ""full_language"", ""canonical"": ""it"", ""name"": ""Italian""}, {""input"": ""fr"", ""classification"": ""full_language"", ""canonical"": ""fr"", ""name"": ""French""}]","{""pt"": 1, ""ro"": 1}",pt,-ei,suffix,7097,-ai,,,ro,ravioli,noun,27894,ravioli,,,,,,,,,
"it,oc",2,multiple_languages,,,false,,,,,[],"[{""input"": ""it"", ""classification"": ""full_language"", ""canonical"": ""it"", ""name"": ""Italian""}, {""input"": ""oc"", ""classification"": ""full_language"", ""canonical"": ""oc"", ""name"": ""Occitan""}]","{""fr"": 2}",fr,Brusque,name,38698,Brusca,,,,,,,,,,,,,,,,
"it,scn",2,multiple_languages,,,false,,,,,[],"[{""input"": ""it"", ""classification"": ""full_language"", ""canonical"": ""it"", ""name"": ""Italian""}, {""input"": ""scn"", ""classification"": ""full_language"", ""canonical"": ""scn"", ""name"": ""Sicilian""}]","{""en"": 1, ""gl"": 1}",en,Lisi,name,437418,Lisi,,,gl,peza,noun,50595,pezza,,,,,,,,,
itl,2,full_language,,itl,false,Itelmen,,,,[],[],"{""ru"": 2}",ru,чавыча,noun,177005,човуича,,,ru,аангич,noun,250614,аʼӈичӽ,,,,,,,,,
ivv,2,full_language,,ivv,false,Ivatan,,,,[],[],"{""en"": 1, ""id"": 1}",en,Yami,name,422876,amyan,,,id,kerapu,noun,19580,korapo,,,,,,,,,
jax,2,full_language,,jax,false,Jambi Malay,,,,[],[],"{""id"": 2}",id,mawas,noun,20665,mawas,,,id,serdawa,noun,28474,serdawo,,,,,,,,,
jio,2,full_language,,jio,false,Jiamao,,,,[],[],"{""vi"": 2}",vi,ngủ,verb,4935,ŋɔ⁴,,,,,,,,,,,,,,,,
jiv,2,full_language,,jiv,false,Shuar,,,,[],[],"{""en"": 2}",en,tsantsa,noun,653648,tsantsa,,,en,muisak,noun,1010106,muisak,,,,,,,,,
"jv, su",2,multiple_languages,,,false,,,,,[],"[{""input"": ""jv"", ""classification"": ""full_language"", ""canonical"": ""jv"", ""name"": ""Javanese""}, {""input"": ""su"", ""classification"": ""full_language"", ""canonical"": ""su"", ""name"": ""Sundanese""}]","{""id"": 2}",id,semua,det,120,sadaya,,,id,maka,adv,445,mangka,,,,,,,,,
jvd,2,full_language,,jvd,false,Javindo,,,,[],[],"{""id"": 2}",id,hop,intj,12595,hop,,,id,op,intj,12968,op,,,,,,,,,
jvn,2,full_language,,jvn,false,Caribbean Javanese,,,,[],[],"{""nl"": 2}",nl,bok,noun,23620,mbok,,,nl,telo,noun,79731,telo,,,,,,,,,
ka-mid,2,etymology_only,external,ka-mid,false,Middle Georgian,ka,ka,Georgian,"[""ka-mid"", ""ka""]",[],"{""pl"": 1, ""tr"": 1}",pl,chaczapuri,noun,106538,ხაჭაპური,,,tr,aznavur,noun,27891,აზნაური,,,,,,,,,
kck,2,full_language,,kck,false,Kalanga,,,,[],[],"{""en"": 2}",en,Rozwi,name,1222475,rozvi,,,,,,,,,,,,,,,,
kge,2,full_language,,kge,false,Komering,,,,[],[],"{""id"": 2}",id,santai,adj,3000,santay,,,id,nyambai,noun,30254,bay,,,,,,,,,
kho,2,full_language,,kho,false,Khotanese,,,,[],[],"{""en"": 2}",en,Wakhi,noun,1318485,Xik,,,,,,,,,,,,,,,,
kix,2,full_language,,kix,false,Khiamniungan Naga,,,,[],[],"{""en"": 2}",en,Patsho,name,1376436,Pātshó,,,en,Thuonoknyu,name,1458437,Thūonōknyù,,,,,,,,,
kju,2,full_language,,kju,false,Kashaya,,,,[],[],"{""en"": 2}",en,Kashaya,noun,748351,kʼahša·ya,,,,,,,,,,,,,,,,
"kmr,zza",2,multiple_languages,,,false,,,,,[],"[{""input"": ""kmr"", ""classification"": ""full_language"", ""canonical"": ""kmr"", ""name"": ""Northern Kurdish""}, {""input"": ""zza"", ""classification"": ""full_language"", ""canonical"": ""zza"", ""name"": ""Zazaki""}]","{""en"": 2}",en,choose,verb,26526,dost,,,,,,,,,,,,,,,,
kpy,2,full_language,,kpy,false,Koryak,,,,[],[],"{""ru"": 2}",ru,Камчатка,name,33305,кончачал,,,ru,калан,noun,119488,калага,кала́га (кола́ха),,,,,,,,
kri,2,full_language,,kri,false,Krio,,,,[],[],"{""en"": 1, ""pt"": 1}",en,Krio,name,579904,Krio,,,pt,krio,noun,178302,Krio,,,,,,,,,
krl-nor,2,etymology_only,external,krl-nor,false,North Karelian,krl,krl,Karelian,"[""krl-nor"", ""krl""]",[],"{""fi"": 2}",fi,sirppi,noun,43783,čirppi,,,fi,kehrä,noun,82200,kesrä,,,,,,,,,
ktz,2,full_language,,ktz,false,Juǀ'hoan,,,,[],[],"{""en"": 2}",en,Gǃkúnǁʼhòmdímà,name,1286948,Gǃkúnǁʼhòmdímà,,,en,Gǃòʼé ǃHú,name,1286949,Gǃòʼé ǃHú,,,,,,,,,
kuf,2,full_language,,kuf,false,Western Katu,,,,[],[],"{""vi"": 2}",vi,ngốt,adj,40288,ŋɔɔt,,,,,,,,,,,,,,,,
kxu,2,full_language,,kxu,false,Kui (India),,,,[],[],"{""vi"": 2}",vi,khóm,noun,30388,thro̤ːm,,,,,,,,,,,,,,,,
kxv,2,full_language,,kxv,false,Kuvi,,,,[],[],"{""en"": 2}",en,copra,noun,451969,କବ୍ରି,,,en,Kuvi,name,1389981,କୁୱି,,,,,,,,,
kyh,2,full_language,,kyh,false,Karok,,,,[],[],"{""en"": 2}",en,Karuk,noun,626787,káruk,,,,,,,,,,,,,,,,
lbe,2,full_language,,lbe,false,Lak,,,,[],[],"{""en"": 2}",en,Lak,noun,407110,Lak,,,,,,,,,,,,,,,,
lbo,2,full_language,,lbo,false,Laven,,,,[],[],"{""en"": 2}",en,Temiar,noun,1348784,bi̤ər,,,,,,,,,,,,,,,,
lic,2,full_language,,lic,false,Hlai,,,,[],[],"{""en"": 2}",en,Hlai,noun,1137220,Hlai,,,,,,,,,,,,,,,,
lmy,2,full_language,,lmy,false,Laboya,,,,[],[],"{""en"": 2}",en,Laboya,name,1215726,Laboya,,,,,,,,,,,,,,,,
lnh,2,full_language,,lnh,false,Lanoh,,,,[],[],"{""en"": 2}",en,Temiar,noun,1348784,Təmyɛl,,,,,,,,,,,,,,,,
lss,2,full_language,,lss,false,Lasi,,,,[],[],"{""en"": 2}",en,Lasi,name,585507,لاسي,,,,,,,,,,,,,,,,
"lt,sgs",2,multiple_languages,,,false,,,,,[],"[{""input"": ""lt"", ""classification"": ""full_language"", ""canonical"": ""lt"", ""name"": ""Lithuanian""}, {""input"": ""sgs"", ""classification"": ""full_language"", ""canonical"": ""sgs"", ""name"": ""Samogitian""}]","{""en"": 2}",en,eye,noun,20235,akis,,,,,,,,,,,,,,,,
lui,2,full_language,,lui,false,Luiseño,,,,[],[],"{""en"": 2}",en,ꞌAylóꞌchaxnim,name,1452300,ꞌAylóꞌchaxnim,,,,,,,,,,,,,,,,
luo,2,full_language,,luo,false,Luo,,,,[],[],"{""en"": 2}",en,Obama,name,30120,obam,,,en,nyatiti,noun,753100,nyatiti,,,,,,,,,
lup,2,full_language,,lup,false,Lumbu,,,,[],[],"{""en"": 2}",en,moabi,noun,730558,moabi,,,en,bilinga,noun,1036412,mbilinga,,,,,,,,,
lvi,2,full_language,,lvi,false,Lawi,,,,[],[],"{""en"": 2}",en,Temiar,noun,1348784,tapiər,,,,,,,,,,,,,,,,
lwl,2,full_language,,lwl,false,Eastern Lawa,,,,[],[],"{""vi"": 2}",vi,mắng,verb,26169,ฮมอง,,,vi,mía,noun,26224,อเมะ,,,,,,,,,
lzh,2,full_language,,lzh,false,Classical Chinese,,,,[],[],"{""vi"": 2}",vi,thiên hoàng,noun,6683,天皇,,,vi,Cần Vương,adj,9525,勤王,,,,,,,,,
max,2,full_language,,max,false,North Moluccan Malay,,,,[],[],"{""id"": 2}",id,ayam kampus,noun,4045,ayam-ayam,,,id,rica,noun,16513,rica,,,,,,,,,
mfy,2,full_language,,mfy,false,Mayo,,,,[],[],"{""en"": 1, ""es"": 1}",es,Sinaloa,name,22805,sinalobola,,,en,Sinaloa,name,355564,sinalobola,,,,,,,,,
mik,2,full_language,,mik,false,Mikasuki,,,,[],[],"{""en"": 2}",en,Oconee,name,434425,okvni,,,en,chickee,noun,624148,cheke,,,,,,,,,
"mk,sh",2,multiple_languages,,,false,,,,,[],"[{""input"": ""mk"", ""classification"": ""full_language"", ""canonical"": ""mk"", ""name"": ""Macedonian""}, {""input"": ""sh"", ""classification"": ""full_language"", ""canonical"": ""sh"", ""name"": ""Serbo-Croatian""}]","{""en"": 2}",en,ice,noun,21231,и́ње,,,,,,,,,,,,,,,,
mns-wes,2,etymology_only,external,mns-wes,false,Western Mansi,mns-cen,mns-cen,Central Mansi,"[""mns-wes"", ""mns-cen""]",[],"{""hu"": 2}",hu,tűz,noun,2806,тавт,,,hu,eper,noun,12980,ӓпрӓ,,,,,,,,,
mog,2,full_language,,mog,false,Mongondow,,,,[],[],"{""id"": 2}",id,Kotamobagu,name,17445,Kotamobagu,,,id,gemas,adj,17833,gomot,,,,,,,,,
mop,2,full_language,,mop,false,Mopan Maya,,,,[],[],"{""en"": 1, ""sv"": 1}",en,Belize River,name,281452,beliz,,,sv,Belize,name,37796,beliz,,,,,,,,,
mqm,2,full_language,,mqm,false,South Marquesan,,,,[],[],"{""en"": 2}",en,two,num,1098,'ua,,,,,,,,,,,,,,,,
mrv,2,full_language,,mrv,false,Mangarevan,,,,[],[],"{""en"": 2}",en,haka,noun,402275,ʻaka,,,,,,,,,,,,,,,,
msi,2,full_language,,msi,false,Sabah Malay,,,,[],[],"{""id"": 2}",id,tuyul,noun,17776,tuyul,,,id,geregetan,adj,29519,gerigitan,,,,,,,,,
mtr,2,full_language,,mtr,false,Mewari,,,,[],[],"{""en"": 2}",en,Mewar,name,513800,मेवाड़,,,en,Mewari,name,1383160,मेवाड़ी,,,,,,,,,
mtt,2,full_language,,mtt,false,Mota,,,,[],[],"{""en"": 2}",en,Mwotlap,name,977989,M̄ota Lava,,,en,Ureparapara,name,1172043,Ureparapara,,,,,,,,,
mup,2,full_language,,mup,false,Malvi,,,,[],[],"{""en"": 2}",en,Malvi,name,980744,माळवी,,,en,Rangri,name,1319518,رنگري,,,,,,,,,
mwr,2,full_language,,mwr,false,Marwari,,,,[],[],"{""en"": 2}",en,Marwar,name,548207,मारवाड़,,,en,Shekhawati,name,626458,शेखावटी,,,,,,,,,
nai-kum,2,full_language,,nai-kum,false,Kumeyaay,,,,[],[],"{""en"": 1, ""es"": 1}",es,Tijuana,name,24904,Tiwan,,,en,Tijuana,name,314394,Tiwan,,,,,,,,,
nan-hbl-SG,2,etymology_only,external,nan-hbl-SG,false,Singapore Hokkien,nan-hbl,nan-hbl,Hokkien,"[""nan-hbl-SG"", ""nan-hbl""]",[],"{""en"": 2}",en,kan cheong,adj,419988,緊張,,,en,limpeh,pron,1044861,恁爸,,,,,,,,,
ncz,2,full_language,,ncz,false,Natchez,,,,[],[],"{""en"": 2}",en,Natchez,noun,382842,na·šceh,,,,,,,,,,,,,,,,
nd,2,full_language,,nd,false,Northern Ndebele,,,,[],[],"{""en"": 1, ""pt"": 1}",en,munt,noun,499756,umuntu,,,pt,Bulavaio,name,419158,koBulawayo,,,,,,,,,
"nds,lb",2,multiple_languages,,,false,,,,,[],"[{""input"": ""nds"", ""classification"": ""full_language"", ""canonical"": ""nds"", ""name"": ""Low German""}, {""input"": ""lb"", ""classification"": ""full_language"", ""canonical"": ""lb"", ""name"": ""Luxembourgish""}]","{""en"": 2}",en,dough,noun,164895,Deeg,,,,,,,,,,,,,,,,
"nds-de, de",2,multiple_languages,,,false,,,,,[],"[{""input"": ""nds-de"", ""name"": ""German Low German"", ""parent"": ""nds"", ""root"": ""nds"", ""chain"": [""nds-de"", ""nds""], ""section"": ""Low German"", ""classification"": ""etymology_only"", ""routing_classification"": ""external"", ""canonical"": ""nds-de""}, {""input"": ""de"", ""classification"": ""full_language"", ""canonical"": ""de"", ""name"": ""German""}]","{""en"": 2}",en,folk,noun,103424,Volk,,,,,,,,,,,,,,,,
ng,2,full_language,,ng,false,Ndonga,,,,[],[],"{""en"": 2}",en,kapana,noun,1141334,okapana,,,en,makakunya,noun,1236910,omakakunya,,,,,,,,,
ngu,2,full_language,,ngu,false,Guerrero Nahuatl,,,,[],[],"{""en"": 1, ""es"": 1}",es,nejayote,noun,537089,nexayotl,,,en,nejayote,noun,1094474,nexayotl,,,,,,,,,
"niu, to",2,multiple_languages,,,false,,,,,[],"[{""input"": ""niu"", ""classification"": ""full_language"", ""canonical"": ""niu"", ""name"": ""Niuean""}, {""input"": ""to"", ""classification"": ""full_language"", ""canonical"": ""to"", ""name"": ""Tongan""}]","{""en"": 2}",en,two,num,1098,ua,,,,,,,,,,,,,,,,
"nl,fo,is",2,multiple_languages,,,false,,,,,[],"[{""input"": ""nl"", ""classification"": ""full_language"", ""canonical"": ""nl"", ""name"": ""Dutch""}, {""input"": ""fo"", ""classification"": ""full_language"", ""canonical"": ""fo"", ""name"": ""Faroese""}, {""input"": ""is"", ""classification"": ""full_language"", ""canonical"": ""is"", ""name"": ""Icelandic""}]","{""en"": 2}",en,hole,noun,46695,hol,,,,,,,,,,,,,,,,
"nl,nds-nl",2,multiple_languages,,,false,,,,,[],"[{""input"": ""nl"", ""classification"": ""full_language"", ""canonical"": ""nl"", ""name"": ""Dutch""}, {""input"": ""nds-nl"", ""name"": ""Dutch Low Saxon"", ""parent"": ""nds"", ""root"": ""nds"", ""chain"": [""nds-nl"", ""nds""], ""section"": ""Low German"", ""classification"": ""etymology_only"", ""routing_classification"": ""external"", ""canonical"": ""nds-nl""}]","{""en"": 2}",en,lie,verb,31446,liggen,,,,,,,,,,,,,,,,
"nl,wym",2,multiple_languages,,,false,,,,,[],"[{""input"": ""nl"", ""classification"": ""full_language"", ""canonical"": ""nl"", ""name"": ""Dutch""}, {""input"": ""wym"", ""classification"": ""full_language"", ""canonical"": ""wym"", ""name"": ""Vilamovian""}]","{""en"": 2}",en,wasp,noun,258475,wesp,,,,,,,,,,,,,,,,
nli,2,full_language,,nli,false,Grangali,,,,[],[],"{""en"": 2}",en,Nangalami,name,1319290,گرنگالی,,,en,Zemiaki,name,1319440,زمایکی,,,,,,,,,
nmn,2,full_language,,nmn,false,ǃXóõ,,,,[],[],"{""eo"": 1, ""ru"": 1}",ru,къхонг,noun,436420,ǃKhong,,,eo,taa,adj,688,tâa ǂàã,,,,,,,,,
nmu,2,full_language,,nmu,false,Northeast Maidu,,,,[],[],"{""en"": 2}",en,Maidu,noun,552723,maidüm,,,,,,,,,,,,,,,,
"nn,fo,is",2,multiple_languages,,,false,,,,,[],"[{""input"": ""nn"", ""classification"": ""full_language"", ""canonical"": ""nn"", ""name"": ""Norwegian Nynorsk""}, {""input"": ""fo"", ""classification"": ""full_language"", ""canonical"": ""fo"", ""name"": ""Faroese""}, {""input"": ""is"", ""classification"": ""full_language"", ""canonical"": ""is"", ""name"": ""Icelandic""}]","{""en"": 2}",en,sing,verb,59484,syngja,,,,,,,,,,,,,,,,
nnt,2,full_language,,nnt,false,Nanticoke,,,,[],[],"{""en"": 2}",en,Nanticoke,noun,498990,Nentego,,,,,,,,,,,,,,,,
"no,sv",2,multiple_languages,,,false,,,,,[],"[{""input"": ""no"", ""classification"": ""full_language"", ""canonical"": ""no"", ""name"": ""Norwegian""}, {""input"": ""sv"", ""classification"": ""full_language"", ""canonical"": ""sv"", ""name"": ""Swedish""}]","{""da"": 1, ""en"": 1}",en,Gran,name,242204,Gran,,,da,marts,noun,1129,mars,,,,,,,,,
"non,is",2,multiple_languages,,,false,,,,,[],"[{""input"": ""non"", ""classification"": ""full_language"", ""canonical"": ""non"", ""name"": ""Old Norse""}, {""input"": ""is"", ""classification"": ""full_language"", ""canonical"": ""is"", ""name"": ""Icelandic""}]","{""sv"": 2}",sv,bagge,noun,22799,baggi,,,sv,mögla,verb,65407,mygla,,,,,,,,,
"non-oen,gmq-osw,gmq-oda",2,multiple_languages,,,false,,,,,[],"[{""input"": ""non-oen"", ""name"": ""Old East Norse"", ""parent"": ""non"", ""root"": ""non"", ""chain"": [""non-oen"", ""non""], ""section"": ""Old Norse"", ""classification"": ""etymology_only"", ""routing_classification"": ""external"", ""canonical"": ""non-oen""}, {""input"": ""gmq-osw"", ""classification"": ""full_language"", ""canonical"": ""gmq-osw"", ""name"": ""Old Swedish""}, {""input"": ""gmq-oda"", ""classification"": ""full_language"", ""canonical"": ""gmq-oda"", ""name"": ""Old Danish""}]","{""sv"": 2}",sv,helvete,noun,1554,i hæl,,,,,,,,,,,,,,,,
nov,2,full_language,,nov,false,Novial,,,,[],[],"{""en"": 1, ""eo"": 1}",en,Novial,name,645133,Nov International Auxiliari Lingue,,,eo,Novialo,name,127046,Novial,,,,,,,,,
nqo,2,full_language,,nqo,false,N'Ko,,,,[],[],"{""en"": 2}",en,N'ko,name,1053934,ߒߞߏ,,,,,,,,,,,,,,,,
ntw,2,full_language,,ntw,false,Nottoway,,,,[],[],"{""en"": 2}",en,Cheroenhaka,noun,1373130,Cherohakah,,,,,,,,,,,,,,,,
nuz,2,full_language,,nuz,false,Tlamacazapa Nahuatl,,,,[],[],"{""en"": 1, ""es"": 1}",es,nejayote,noun,537089,nexayotl,,,en,nejayote,noun,1094474,nexayotl,,,,,,,,,
nyu,2,full_language,,nyu,false,Nyungwe,,,,[],[],"{""pt"": 2}",pt,missanga,noun,120682,maussanga,,,pt,facholar,verb,350309,phakhula,,,,,,,,,
nzi,2,full_language,,nzi,false,Nzima,,,,[],[],"{""fr"": 2}",fr,sibo,noun,145245,sibo,,,fr,avodiré,noun,355276,avodiré,,,,,,,,,
oac,2,full_language,,oac,false,Oroch,,,,[],[],"{""en"": 2}",en,Oroch,noun,1224954,орочи,,,,,,,,,,,,,,,,
obm,2,full_language,,obm,false,Moabite,,,,[],[],"{""en"": 2}",en,Moab,name,355527,𐤌𐤀𐤁,,,en,Chemosh,name,569893,𐤊𐤌𐤔,,,,,,,,,
"oc,es,pt",2,multiple_languages,,,false,,,,,[],"[{""input"": ""oc"", ""classification"": ""full_language"", ""canonical"": ""oc"", ""name"": ""Occitan""}, {""input"": ""es"", ""classification"": ""full_language"", ""canonical"": ""es"", ""name"": ""Spanish""}, {""input"": ""pt"", ""classification"": ""full_language"", ""canonical"": ""pt"", ""name"": ""Portuguese""}]","{""ca"": 2}",ca,enviar,verb,1916,enviar,,,ca,espantar,verb,17272,espantar,,,,,,,,,
"oc,rm",2,multiple_languages,,,false,,,,,[],"[{""input"": ""oc"", ""classification"": ""full_language"", ""canonical"": ""oc"", ""name"": ""Occitan""}, {""input"": ""rm"", ""classification"": ""full_language"", ""canonical"": ""rm"", ""name"": ""Romansh""}]","{""fr"": 2}",fr,oie,noun,35352,auca,,,fr,offrande,noun,41641,ufrenda,,,,,,,,,
"oc,ro",2,multiple_languages,,,false,,,,,[],"[{""input"": ""oc"", ""classification"": ""full_language"", ""canonical"": ""oc"", ""name"": ""Occitan""}, {""input"": ""ro"", ""classification"": ""full_language"", ""canonical"": ""ro"", ""name"": ""Romanian""}]","{""pt"": 2}",pt,humano,adj,2958,uman,,,,,,,,,,,,,,,,
"oc-gas,es",2,multiple_languages,,,false,,,,,[],"[{""input"": ""oc-gas"", ""name"": ""Gascon"", ""parent"": ""oc"", ""root"": ""oc"", ""chain"": [""oc-gas"", ""oc""], ""section"": ""Occitan"", ""classification"": ""etymology_only"", ""routing_classification"": ""external"", ""canonical"": ""oc-gas""}, {""input"": ""es"", ""classification"": ""full_language"", ""canonical"": ""es"", ""name"": ""Spanish""}]","{""pt"": 2}",pt,basco,adj,32464,vasco,,,,,,,,,,,,,,,,
oc-lan,2,etymology_only,external,oc-lan,false,Languedocien,oc,oc,Occitan,"[""oc-lan"", ""oc""]",[],"{""ca"": 1, ""es"": 1}",es,anavia,noun,742154,abajon,,,ca,nabiu,noun,41607,abajon,,,,,,,,,
oma,2,full_language,,oma,false,Omaha-Ponca,,,,[],[],"{""en"": 1, ""pl"": 1}",en,Nebraska,name,143895,Ní Btháska,,,pl,Nebraska,name,50473,Ní Btháska,,,,,,,,,
oru,2,full_language,,oru,false,Ormuri,,,,[],[],"{""en"": 2}",en,Ormuri,name,1319191,ارمړی,,,en,Baraki,name,1319192,برکي,,,,,,,,,
os-dig,2,etymology_only,external,os-dig,false,Digor Ossetian,os,os,Ossetian,"[""os-dig"", ""os""]",[],"{""da"": 1, ""fi"": 1}",da,ræv,noun,10931,робас,,,fi,vasa,noun,26879,уӕс,,,,,,,,,
osa,2,full_language,,osa,false,Osage,,,,[],[],"{""en"": 2}",en,Osage,noun,330851,𐓏𐓘𐓻𐓘𐓻𐓟,,,,,,,,,,,,,,,,
otb,2,full_language,,otb,false,Old Tibetan,,,,[],[],"{""en"": 1, ""pl"": 1}",en,Lhasa,name,377294,ར་ས,,,pl,Lhasa,name,77089,ར་ས,,,,,,,,,
par,2,full_language,,par,false,Panamint,,,,[],[],"{""en"": 2}",en,Timbisha,noun,1250489,tümpisa,,,,,,,,,,,,,,,,
pce,2,full_language,,pce,false,Ruching Palaung,,,,[],[],"{""vi"": 2}",vi,sụp,verb,19708,grūp,,,vi,xài,verb,23310,chāī,,,,,,,,,
phl,2,full_language,,phl,false,Palula,,,,[],[],"{""en"": 2}",en,Thind,name,596056,síndu,,,en,Palula,name,1322228,پالُولا,,,,,,,,,
pkt,2,full_language,,pkt,false,Maleng,,,,[],[],"{""vi"": 2}",vi,vây,noun,17704,sơpi,,,vi,ruồi,noun,23389,mơroi,,,,,,,,,
"pl,hu",2,multiple_languages,,,false,,,,,[],"[{""input"": ""pl"", ""classification"": ""full_language"", ""canonical"": ""pl"", ""name"": ""Polish""}, {""input"": ""hu"", ""classification"": ""full_language"", ""canonical"": ""hu"", ""name"": ""Hungarian""}]","{""uk"": 2}",uk,-аш,suffix,17044,-as,,,,,,,,,,,,,,,,
"pl,sl,sk",2,multiple_languages,,,false,,,,,[],"[{""input"": ""pl"", ""classification"": ""full_language"", ""canonical"": ""pl"", ""name"": ""Polish""}, {""input"": ""sl"", ""classification"": ""full_language"", ""canonical"": ""sl"", ""name"": ""Slovene""}, {""input"": ""sk"", ""classification"": ""full_language"", ""canonical"": ""sk"", ""name"": ""Slovak""}]","{""en"": 2}",en,wasp,noun,258475,osa,,,,,,,,,,,,,,,,
pl-gor,2,etymology_only,supported,pl-gor,false,Goral,pl,pl,Polish,"[""pl-gor"", ""pl""]",[],"{""cs"": 1, ""pl"": 1}",pl,ohyda,noun,52487,gid,,,cs,trepka,noun,49260,trepka,,,,,,,,,
plc,2,full_language,,plc,false,Central Palawano,,,,[],[],"{""es"": 2}",es,Paragua,name,79130,Palawan,,,es,manturón,noun,760247,mänturun,,,,,,,,,
plk,2,full_language,,plk,false,Kohistani Shina,,,,[],[],"{""en"": 2}",en,Kolai,name,1345585,کولئی,,,en,Kolai-Palas,name,1345587,پالس کوہستان,,,,,,,,,
pmt,2,full_language,,pmt,false,Tuamotuan,,,,[],[],"{""en"": 2}",en,Tuamotus,name,609844,tua,,,en,Tuamotus,name,609844,motus,,,,,,,,,
pov,2,full_language,,pov,false,Guinea-Bissau Creole,,,,[],[],"{""pt"": 2}",pt,sampadjudo,noun,439992,badjuda,,,,,,,,,,,,,,,,
prk,2,full_language,,prk,false,Parauk,,,,[],[],"{""en"": 1, ""vi"": 1}",en,Wa,noun,111919,Va,,,vi,tay,noun,793,taix,,,,,,,,,
psy,2,full_language,,psy,false,Piscataway,,,,[],[],"{""en"": 2}",en,Lumbee,noun,566162,bee,,,,,,,,,,,,,,,,
"pt,es,it",2,multiple_languages,,,false,,,,,[],"[{""input"": ""pt"", ""classification"": ""full_language"", ""canonical"": ""pt"", ""name"": ""Portuguese""}, {""input"": ""es"", ""classification"": ""full_language"", ""canonical"": ""es"", ""name"": ""Spanish""}, {""input"": ""it"", ""classification"": ""full_language"", ""canonical"": ""it"", ""name"": ""Italian""}]","{""gl"": 2}",gl,infante,noun,20858,infante,,,,,,,,,,,,,,,,
"pt,ro",2,multiple_languages,,,false,,,,,[],"[{""input"": ""pt"", ""classification"": ""full_language"", ""canonical"": ""pt"", ""name"": ""Portuguese""}, {""input"": ""ro"", ""classification"": ""full_language"", ""canonical"": ""ro"", ""name"": ""Romanian""}]","{""es"": 1, ""gl"": 1}",es,tatú,noun,121067,tatu,,,gl,tatú,noun,97011,tatu,,,,,,,,,
puu,2,full_language,,puu,false,Punu,,,,[],[],"{""en"": 2}",en,milonga,noun,527275,mulonga,,,en,moabi,noun,730558,moabi,,,,,,,,,
pwi,2,full_language,,pwi,false,Patwin,,,,[],[],"{""en"": 2}",en,Napa,name,264942,napo,,,en,Colusa,name,469788,Korusi,,,,,,,,,
qwm-arm,2,etymology_only,external,qwm-arm,false,Armeno-Kipchak,qwm,qwm,Kipchak,"[""qwm-arm"", ""qwm""]",[],"{""en"": 1, ""tr"": 1}",en,Lviv,name,363696,Իլօվ,,,tr,tiftik,noun,35360,դիֆդիգ,,,,,,,,,
rkt,2,full_language,,rkt,false,Kamta,,,,[],[],"{""en"": 2}",en,Cooch Behar,name,466864,কোচবিহাৰ,,,en,Rangpuri,noun,1383145,রংপুরী,,,,,,,,,
rmc,2,full_language,,rmc,false,Carpathian Romani,,,,[],[],"{""de"": 1, ""en"": 1}",de,Babo,noun,67296,babo,,,en,Django,name,303562,žangaul,,,,,,,,,
"roa-leo,mwl",2,multiple_languages,,,false,,,,,[],"[{""input"": ""roa-leo"", ""classification"": ""full_language"", ""canonical"": ""roa-leo"", ""name"": ""Leonese""}, {""input"": ""mwl"", ""classification"": ""full_language"", ""canonical"": ""mwl"", ""name"": ""Mirandese""}]","{""en"": 2}",en,I,pron,129,you,,,,,,,,,,,,,,,,
roa-oan,2,full_language,,roa-ona,true,Old Navarro-Aragonese,,,,[],[],"{""ca"": 1, ""es"": 1}",es,baldragas,noun,742409,baladreo,,,ca,arç,noun,39729,arto,,,,,,,,,
"roa-oca,oc-pro",2,multiple_languages,,,false,,,,,[],"[{""input"": ""roa-oca"", ""classification"": ""full_language"", ""canonical"": ""roa-oca"", ""name"": ""Old Catalan""}, {""input"": ""oc-pro"", ""name"": ""Provençal"", ""parent"": ""oc"", ""root"": ""oc"", ""chain"": [""oc-pro"", ""oc""], ""section"": ""Occitan"", ""classification"": ""etymology_only"", ""routing_classification"": ""external"", ""canonical"": ""oc-pro""}]","{""en"": 1, ""it"": 1}",it,scacchi,noun,20706,escac,,,en,scacchic,adj,645726,escac,,,,,,,,,
roa-ona,2,full_language,,roa-ona,false,Old Navarro-Aragonese,,,,[],[],"{""en"": 1, ""es"": 1}",es,Zaragoza,name,11588,Zaragoza,,,en,Zaragoza,name,405578,Zaragoza,,,,,,,,,
roa-orl,2,full_language,,roa-orl,false,Orléanais,,,,[],[],"{""fr"": 2}",fr,nous,pron,200,je,,,fr,eau,noun,1373,iau,,,,,,,,,
"ru, uk",2,multiple_languages,,,false,,,,,[],"[{""input"": ""ru"", ""classification"": ""full_language"", ""canonical"": ""ru"", ""name"": ""Russian""}, {""input"": ""uk"", ""classification"": ""full_language"", ""canonical"": ""uk"", ""name"": ""Ukrainian""}]","{""en"": 2}",en,Azov,name,404257,Азо́в,,,en,Olesya,name,528256,Олеся,,,,,,,,,
"rue,ru,uk",2,multiple_languages,,,false,,,,,[],"[{""input"": ""rue"", ""classification"": ""full_language"", ""canonical"": ""rue"", ""name"": ""Carpathian Rusyn""}, {""input"": ""ru"", ""classification"": ""full_language"", ""canonical"": ""ru"", ""name"": ""Russian""}, {""input"": ""uk"", ""classification"": ""full_language"", ""canonical"": ""uk"", ""name"": ""Ukrainian""}]","{""en"": 2}",en,eye,noun,20235,о́ко,,,,,,,,,,,,,,,,
"rue,uk",2,multiple_languages,,,false,,,,,[],"[{""input"": ""rue"", ""classification"": ""full_language"", ""canonical"": ""rue"", ""name"": ""Carpathian Rusyn""}, {""input"": ""uk"", ""classification"": ""full_language"", ""canonical"": ""uk"", ""name"": ""Ukrainian""}]","{""en"": 1, ""pl"": 1}",en,Buchko,name,1285654,Бучко,,,pl,pociecha,noun,37046,потіха,,,,,,,,,
rw-kin,2,etymology_only,external,rw-kin,false,Kinyarwanda,rw,rw,Rwanda-Rundi,"[""rw-kin"", ""rw""]",[],"{""en"": 2}",en,Bafumbira,noun,1413225,Bafumbira,,,,,,,,,,,,,,,,
sa-neo,2,etymology_only,external,sa-neo,false,New Sanskrit,sa,sa,Sanskrit,"[""sa-neo"", ""sa""]",[],"{""en"": 2}",en,Adivasi,noun,506800,आदिवासी,,,en,sarvangasana,noun,1134021,सर्वाङ्गासन,,,,,,,,,
saz,2,full_language,,saz,false,Saurashtra,,,,[],[],"{""en"": 2}",en,Saurashtra,noun,481847,ꢱꣃꢬꢵꢰ꣄ꢜ꣄ꢬ,,,,,,,,,,,,,,,,
scb,2,full_language,,scb,false,Chut,,,,[],[],"{""vi"": 2}",vi,cúi,noun,21130,cûl,,,vi,trã,noun,32823,kleː¹,,,,,,,,,
scl,2,full_language,,scl,false,Shina,,,,[],[],"{""en"": 2}",en,Shina,noun,506689,ݜݨیاٗ,,,,,,,,,,,,,,,,
"scn,nap-old",2,multiple_languages,,,false,,,,,[],"[{""input"": ""scn"", ""classification"": ""full_language"", ""canonical"": ""scn"", ""name"": ""Sicilian""}, {""input"": ""nap-old"", ""name"": ""Old Neapolitan"", ""parent"": ""nap"", ""root"": ""nap"", ""chain"": [""nap-old"", ""nap""], ""section"": ""Neapolitan"", ""classification"": ""etymology_only"", ""routing_classification"": ""external"", ""canonical"": ""nap-old""}]","{""ca"": 1, ""pt"": 1}",pt,gruta,noun,31825,grutta,,,ca,gruta,noun,34192,grutta,,,,,,,,,
seh,2,full_language,,seh,false,Sena,,,,[],[],"{""pt"": 2}",pt,chibante,adj,411677,cibanti,,,,,,,,,,,,,,,,
sem-saf,2,full_language,,sem-saf,false,Safaitic,,,,[],[],"{""en"": 1, ""la"": 1}",en,Dusares,name,1258732,𐪙𐪆𐪇,,,la,Dusares,name,848896,𐪙𐪆𐪇,,,,,,,,,
sia,2,full_language,,sia,false,Akkala Sami,,,,[],[],"{""en"": 2}",en,cottage,noun,140125,куэһть,,,,,,,,,,,,,,,,
sip,2,full_language,,sip,false,Sikkimese,,,,[],[],"{""en"": 1, ""pt"": 1}",en,Sikkim,name,383667,སུ་ཁྱིམ,,,pt,Siquim,name,89907,སུ་ཁྱིམ,,,,,,,,,
"smj,sje",2,multiple_languages,,,false,,,,,[],"[{""input"": ""smj"", ""classification"": ""full_language"", ""canonical"": ""smj"", ""name"": ""Lule Sami""}, {""input"": ""sje"", ""classification"": ""full_language"", ""canonical"": ""sje"", ""name"": ""Pite Sami""}]","{""en"": 2}",en,king,noun,13372,gånågis,,,,,,,,,,,,,,,,
snq,2,full_language,,snq,false,Sangu (Gabon),,,,[],[],"{""en"": 2}",en,moabi,noun,730558,moabi,,,en,bilinga,noun,1036412,mbilinga,,,,,,,,,
spo,2,full_language,,spo,false,Spokane,,,,[],[],"{""en"": 2}",en,Spokane,noun,264854,Spoqe'ind,,,,,,,,,,,,,,,,
srb,2,full_language,,srb,false,Sora,,,,[],[],"{""en"": 1, ""la"": 1}",en,Sorang Sompeng,noun,1383165,𑃐𑃦𑃝𑃗 𑃐𑃦𑃖𑃛𑃣𑃗,,,la,Suari,name,841174,sora,,,,,,,,,
ssi,2,full_language,,ssi,false,Sansi,,,,[],[],"{""en"": 2}",en,Sansi,name,1319448,سانسی,,,,,,,,,,,,,,,,
"stq,nds",2,multiple_languages,,,false,,,,,[],"[{""input"": ""stq"", ""classification"": ""full_language"", ""canonical"": ""stq"", ""name"": ""Saterland Frisian""}, {""input"": ""nds"", ""classification"": ""full_language"", ""canonical"": ""nds"", ""name"": ""Low German""}]","{""en"": 2}",en,room,noun,7212,Ruum,,,,,,,,,,,,,,,,
"stq,nds-de",2,multiple_languages,,,false,,,,,[],"[{""input"": ""stq"", ""classification"": ""full_language"", ""canonical"": ""stq"", ""name"": ""Saterland Frisian""}, {""input"": ""nds-de"", ""name"": ""German Low German"", ""parent"": ""nds"", ""root"": ""nds"", ""chain"": [""nds-de"", ""nds""], ""section"": ""Low German"", ""classification"": ""etymology_only"", ""routing_classification"": ""external"", ""canonical"": ""nds-de""}]","{""en"": 2}",en,wolf,noun,83331,Wulf,,,,,,,,,,,,,,,,
"sv,no",2,multiple_languages,,,false,,,,,[],"[{""input"": ""sv"", ""classification"": ""full_language"", ""canonical"": ""sv"", ""name"": ""Swedish""}, {""input"": ""no"", ""classification"": ""full_language"", ""canonical"": ""no"", ""name"": ""Norwegian""}]","{""en"": 2}",en,chop,noun,181058,kapa,,,,,,,,,,,,,,,,
"sv,no,is",2,multiple_languages,,,false,,,,,[],"[{""input"": ""sv"", ""classification"": ""full_language"", ""canonical"": ""sv"", ""name"": ""Swedish""}, {""input"": ""no"", ""classification"": ""full_language"", ""canonical"": ""no"", ""name"": ""Norwegian""}, {""input"": ""is"", ""classification"": ""full_language"", ""canonical"": ""is"", ""name"": ""Icelandic""}]","{""en"": 2}",en,slurp,verb,390088,slupra,,,,,,,,,,,,,,,,
swj,2,full_language,,swj,false,Sira,,,,[],[],"{""en"": 2}",en,moabi,noun,730558,moabi,,,en,bilinga,noun,1036412,mbilinga,,,,,,,,,
sxn,2,full_language,,sxn,false,Sangir,,,,[],[],"{""id"": 2}",id,Manado,name,5698,manaro,,,id,Makanoneng,name,34455,Makanoneng,,,,,,,,,
taq,2,etymology_only,external,taq,false,Tamasheq,tmh,tmh,Tuareg,"[""taq"", ""tmh""]",[],"{""en"": 2}",en,elephant,noun,126181,alu,,,en,Azawad,name,524318,ⴰⵣⴰⵓⴰⴷ,,,,,,,,,
tay,2,full_language,,tay,false,Atayal,,,,[],[],"{""id"": 2}",id,tuding,adj,29471,turing,,,,,,,,,,,,,,,,
tcs,2,full_language,,tcs,false,Torres Strait Creole,,,,[],[],"{""en"": 2}",en,me fellow,pron,38707,mipla,,,en,belong,prep,79173,blong,,,,,,,,,
tnv,2,full_language,,tnv,false,Tanchangya,,,,[],[],"{""en"": 2}",en,Tanchangya,noun,1206696,𑄖𑄧𑄐𑄴𑄌𑄧𑄁𑄉𑄴𑄡,,,,,,,,,,,,,,,,
tnz,2,full_language,,tnz,false,Ten'edn,,,,[],[],"{""vi"": 2}",vi,bông,noun,17425,hapɔŋ,,,,,,,,,,,,,,,,
tol,2,full_language,,tol,false,Tolowa,,,,[],[],"{""en"": 2}",en,Hiouchi,name,1227233,Xaa-yuu-chit,,,en,Yontocket,name,1421187,Yan’-daa-k’vt,,,,,,,,,
tou,2,full_language,,tou,false,Tho,,,,[],[],"{""vi"": 2}",vi,treo,verb,15051,kleo,,,vi,hôi,adj,18422,hɔːj,,,,,,,,,
tqw,2,full_language,,tqw,false,Tonkawa,,,,[],[],"{""en"": 2}",en,Tonkawa,noun,560997,Tickanwa•tic,,,,,,,,,,,,,,,,
trf,2,full_language,,trf,false,Trinidadian Creole English,,,,[],[],"{""en"": 2}",en,crappo,noun,841343,crappo,,,en,peewah,noun,1170140,peewa,,,,,,,,,
"tri, way, car",2,multiple_languages,,,false,,,,,[],"[{""input"": ""tri"", ""classification"": ""full_language"", ""canonical"": ""tri"", ""name"": ""Trió""}, {""input"": ""way"", ""classification"": ""full_language"", ""canonical"": ""way"", ""name"": ""Wayana""}, {""input"": ""car"", ""classification"": ""full_language"", ""canonical"": ""car"", ""name"": ""Kari'na""}]","{""nl"": 2}",nl,Sipaliwini,name,78304,sipari,,,,,,,,,,,,,,,,
trk,2,family,,trk,false,Turkic,,,,[],[],"{""cs"": 1, ""ru"": 1}",ru,яшма,noun,109132,jäšim,,,cs,buřan,noun,70601,буран,,,,,,,,,
tru,2,full_language,,tru,false,Turoyo,,,,[],[],"{""en"": 1, ""sv"": 1}",en,Estrangelo,noun,739247,ܐܶܣܛܪܰܢܓܶܠܳܐ,,,sv,hamish,noun,65836,ܚܡܫ,,,,,,,,,
umb,2,full_language,,umb,false,Umbundu,,,,[],[],"{""pt"": 2}",pt,anhara,noun,261717,anhara,,,pt,mataco,noun,344594,atako,,,,,,,,,
vmb,2,full_language,,vmb,false,Mbabaram,,,,[],[],"{""en"": 2}",en,dog,noun,16439,dog,,,,,,,,,,,,,,,,
vsn,2,etymology_only,external,vsn,false,Vedic Sanskrit,sa,sa,Sanskrit,"[""vsn"", ""sa""]",[],"{""la"": 2}",la,senior,adj,2530,सन्यस्,,,,,,,,,,,,,,,,
vum,2,full_language,,vum,false,Vumbu,,,,[],[],"{""en"": 2}",en,moabi,noun,730558,moabi,,,en,bilinga,noun,1036412,mbilinga,,,,,,,,,
way,2,full_language,,way,false,Wayana,,,,[],[],"{""en"": 2}",en,alouatte,noun,890327,alawata,,,en,piai,noun,987150,pïjai,,,,,,,,,
wbp,2,full_language,,wbp,false,Warlpiri,,,,[],[],"{""en"": 2}",en,yirratji,noun,1399006,yirratji,,,en,marloo,noun,1399059,marlu,,,,,,,,,
wiv,2,full_language,,wiv,false,Muduapa,,,,[],[],"{""en"": 1, ""fi"": 1}",en,Uneapa,name,1311710,Unea,,,fi,vitu,noun,35437,Vitu,,,,,,,,,
wiy,2,full_language,,wiy,false,Wiyot,,,,[],[],"{""en"": 2}",en,Wiyot,noun,809984,wíyot,,,,,,,,,,,,,,,,
wub,2,full_language,,wub,false,Wunambal,,,,[],[],"{""en"": 2}",en,warabi,noun,1187011,warabi,,,en,monjon,noun,1340178,monjon,,,,,,,,,
xcb,2,full_language,,xcb,false,Cumbric,,,,[],[],"{""en"": 2}",en,Pant,name,289620,pant,,,en,midden-pant,noun,448778,pant,,,,,,,,,
xdc,2,full_language,,xdc,false,Dacian,,,,[],[],"{""la"": 2}",la,mantia,noun,9146,mantia,,,la,amalusta,noun,832201,amolusta,,,,,,,,,
xkl,2,full_language,,xkl,false,Bakung,,,,[],[],"{""id"": 2}",id,kuyang,noun,26103,kuyang,,,id,jelutung,noun,27831,njau lutung,,,,,,,,,
xlc,2,full_language,,xlc,false,Lycian,,,,[],[],"{""en"": 1, ""ru"": 1}",en,Trm̃mili,noun,1454279,𐊗𐊕𐊐𐊎𐊆𐊍𐊆,,,ru,лада,noun,17347,𐊍𐊀𐊅𐊀,,,,,,,,,
xpc,2,full_language,,xpc,false,Pecheneg,,,,[],[],"{""ro"": 2}",ro,Covurlui,name,74610,qoyur,,,ro,Covurlui,name,74610,-luy,,,,,,,,,
xsb,2,full_language,,xsb,false,Sambali,,,,[],[],"{""en"": 1, ""es"": 1}",es,Zambales,name,188467,Sambal,,,en,Zambales,name,491211,Sambal,,,,,,,,,
xsy,2,full_language,,xsy,false,Saisiyat,,,,[],[],"{""en"": 2}",en,Saisiyat,noun,1464299,SaySiyat,,,,,,,,,,,,,,,,
xta,2,full_language,,xta,false,Alcozauca Mixtec,,,,[],[],"{""en"": 1, ""es"": 1}",es,Xochapa,name,716039,I̱ta Ita,,,en,Xochapa,name,1204355,I̱ta Ita,,,,,,,,,
xuu,2,full_language,,xuu,false,Khwe,,,,[],[],"{""en"": 2}",en,guarriboom,noun,652863,gwarri,,,en,guarri,noun,707262,gwarri,,,,,,,,,
xvs,2,full_language,,xvs,false,Vestinian,,,,[],[],"{""la"": 2}",la,grates,noun,16347,brat,,,la,Annaeus,name,839181,Aninies,,,,,,,,,
ygr,2,full_language,,ygr,false,Yagaria,,,,[],[],"{""en"": 2}",en,kuru,noun,438154,gúli gúli hu-,,,en,Kuru disease,noun,439317,gúli gúli hu-,,,,,,,,,
ynn,2,full_language,,ynn,false,Yana,,,,[],[],"{""en"": 2}",en,Yana,noun,404077,yana,,,,,,,,,,,,,,,,
yom,2,full_language,,yom,false,Yombe,,,,[],[],"{""en"": 1, ""nl"": 1}",en,moabi,noun,730558,moabi,,,nl,lota,noun,73590,lootyá,,,,,,,,,
yug,2,full_language,,yug,false,Yug,,,,[],[],"{""en"": 2}",en,Yug,noun,494938,Дьуʼк,,,,,,,,,,,,,,,,
yum,2,full_language,,yum,false,Yuma,,,,[],[],"{""en"": 2}",en,Quechan,noun,634420,Kwtsaan,,,,,,,,,,,,,,,,
+it-deverbal fpp,1,template_marker,,,false,,,,,[],[],"{""it"": 1}",it,scritta,noun,5200,scrivere,,,,,,,,,,,,,,,,
+lit,1,template_marker,,,false,,,,,[],[],"{""pl"": 1}",pl,dobry dzień,phrase,1108,good day,,,,,,,,,,,,,,,,
abz,1,full_language,,abz,false,Abui,,,,[],[],"{""en"": 1}",en,Abui,name,815531,abui,,,,,,,,,,,,,,,,
ach,1,full_language,,ach,false,Acholi,,,,[],[],"{""en"": 1}",en,nanga,noun,474135,naŋa,,,,,,,,,,,,,,,,
acw,1,full_language,,acw,false,Hijazi Arabic,,,,[],[],"{""id"": 1}",id,siti,noun,7391,ست,,,,,,,,,,,,,,,,
adt,1,full_language,,adt,false,Adnyamathanha,,,,[],[],"{""en"": 1}",en,euro,noun,124442,yuru,,,,,,,,,,,,,,,,
ae-old,1,etymology_only,external,ae-old,false,Old Avestan,ae,ae,Avestan,"[""ae-old"", ""ae""]",[],"{""la"": 1}",la,ibi,adv,2188,𐬌𐬛𐬁,,,,,,,,,,,,,,,,
aee,1,full_language,,aee,false,Northeast Pashayi,,,,[],[],"{""en"": 1}",en,Pashayi,name,1319393,پشهای,,,,,,,,,,,,,,,,
agx,1,full_language,,agx,false,Aghul,,,,[],[],"{""la"": 1}",la,bubo,noun,4967,бу́гьу,,,,,,,,,,,,,,,,
ahn,1,full_language,,ahn,false,Àhàn,,,,[],[],"{""en"": 1}",en,Ahan,name,507347,Àhàn,,,,,,,,,,,,,,,,
aht,1,full_language,,aht,false,Ahtna,,,,[],[],"{""en"": 1}",en,Tazlina,name,1119323,Tezdlen Na’,,,,,,,,,,,,,,,,
akm,1,full_language,,akm,false,Aka-Bo,,,,[],[],"{""en"": 1}",en,Aka-Bo,name,181685,aka-,,,,,,,,,,,,,,,,
alh,1,full_language,,alh,false,Alawa,,,,[],[],"{""en"": 1}",en,Alawa,name,629940,Galawa,,,,,,,,,,,,,,,,
aln,1,etymology_only,external,aln,false,Gheg Albanian,sq,sq,Albanian,"[""aln"", ""sq""]",[],"{""la"": 1}",la,pulvis,noun,36804,pluhun,,,,,,,,,,,,,,,,
alp,1,full_language,,alp,false,Alune,,,,[],[],"{""id"": 1}",id,loloi,verb,36729,loloi,,,,,,,,,,,,,,,,
amf,1,full_language,,amf,false,Hamer-Banna,,,,[],[],"{""en"": 1}",en,Hamar,noun,496753,hámar,,,,,,,,,,,,,,,,
amj,1,full_language,,amj,false,Amdang,,,,[],[],"{""en"": 1}",en,Amdang,name,886380,sìmí amdangtí,,,,,,,,,,,,,,,,
amw,1,full_language,,amw,false,Western Neo-Aramaic,,,,[],[],"{""en"": 1}",en,Maaloula,name,547582,ܡܰܥܠܽܘܠܰܐ,,,,,,,,,,,,,,,,
"an, gl, es",1,multiple_languages,,,false,,,,,[],"[{""input"": ""an"", ""classification"": ""full_language"", ""canonical"": ""an"", ""name"": ""Aragonese""}, {""input"": ""gl"", ""classification"": ""full_language"", ""canonical"": ""gl"", ""name"": ""Galician""}, {""input"": ""es"", ""classification"": ""full_language"", ""canonical"": ""es"", ""name"": ""Spanish""}]","{""pt"": 1}",pt,tragar,verb,81564,tragar,,,,,,,,,,,,,,,,
"an, gl, pt",1,multiple_languages,,,false,,,,,[],"[{""input"": ""an"", ""classification"": ""full_language"", ""canonical"": ""an"", ""name"": ""Aragonese""}, {""input"": ""gl"", ""classification"": ""full_language"", ""canonical"": ""gl"", ""name"": ""Galician""}, {""input"": ""pt"", ""classification"": ""full_language"", ""canonical"": ""pt"", ""name"": ""Portuguese""}]","{""es"": 1}",es,tragar,verb,30409,tragar,,,,,,,,,,,,,,,,
"an,ast",1,multiple_languages,,,false,,,,,[],"[{""input"": ""an"", ""classification"": ""full_language"", ""canonical"": ""an"", ""name"": ""Aragonese""}, {""input"": ""ast"", ""classification"": ""full_language"", ""canonical"": ""ast"", ""name"": ""Asturian""}]","{""pt"": 1}",pt,maçã,noun,16508,mazana,,,,,,,,,,,,,,,,
"an,ast,ca,es,gl",1,multiple_languages,,,false,,,,,[],"[{""input"": ""an"", ""classification"": ""full_language"", ""canonical"": ""an"", ""name"": ""Aragonese""}, {""input"": ""ast"", ""classification"": ""full_language"", ""canonical"": ""ast"", ""name"": ""Asturian""}, {""input"": ""ca"", ""classification"": ""full_language"", ""canonical"": ""ca"", ""name"": ""Catalan""}, {""input"": ""es"", ""classification"": ""full_language"", ""canonical"": ""es"", ""name"": ""Spanish""}, {""input"": ""gl"", ""classification"": ""full_language"", ""canonical"": ""gl"", ""name"": ""Galician""}]","{""pt"": 1}",pt,rem,noun,44890,res,,,,,,,,,,,,,,,,
"an,ast,ca,gl",1,multiple_languages,,,false,,,,,[],"[{""input"": ""an"", ""classification"": ""full_language"", ""canonical"": ""an"", ""name"": ""Aragonese""}, {""input"": ""ast"", ""classification"": ""full_language"", ""canonical"": ""ast"", ""name"": ""Asturian""}, {""input"": ""ca"", ""classification"": ""full_language"", ""canonical"": ""ca"", ""name"": ""Catalan""}, {""input"": ""gl"", ""classification"": ""full_language"", ""canonical"": ""gl"", ""name"": ""Galician""}]","{""es"": 1}",es,res,noun,24227,res,,,,,,,,,,,,,,,,
"an,ast,ca,gl,es",1,multiple_languages,,,false,,,,,[],"[{""input"": ""an"", ""classification"": ""full_language"", ""canonical"": ""an"", ""name"": ""Aragonese""}, {""input"": ""ast"", ""classification"": ""full_language"", ""canonical"": ""ast"", ""name"": ""Asturian""}, {""input"": ""ca"", ""classification"": ""full_language"", ""canonical"": ""ca"", ""name"": ""Catalan""}, {""input"": ""gl"", ""classification"": ""full_language"", ""canonical"": ""gl"", ""name"": ""Galician""}, {""input"": ""es"", ""classification"": ""full_language"", ""canonical"": ""es"", ""name"": ""Spanish""}]","{""pt"": 1}",pt,rês,noun,96351,res,,,,,,,,,,,,,,,,
ang-mer,1,etymology_only,external,ang-mer,false,Mercian Old English,ang-ang,ang,Old English,"[""ang-mer"", ""ang-ang"", ""ang""]",[],"{""en"": 1}",en,lesk,noun,596854,lēsca,,,,,,,,,,,,,,,,
aot,1,full_language,,aot,false,Atong (India),,,,[],[],"{""en"": 1}",en,Atong,name,609858,atong,,,,,,,,,,,,,,,,
aqp,1,full_language,,aqp,false,Atakapa,,,,[],[],"{""fr"": 1}",fr,plaquemine,noun,391466,piakimin,,,,,,,,,,,,,,,,
"ar,fa-cls",1,multiple_languages,,,false,,,,,[],"[{""input"": ""ar"", ""classification"": ""full_language"", ""canonical"": ""ar"", ""name"": ""Arabic""}, {""input"": ""fa-cls"", ""name"": ""Classical Persian"", ""parent"": ""fa"", ""root"": ""fa"", ""chain"": [""fa-cls"", ""fa""], ""section"": ""Persian"", ""classification"": ""etymology_only"", ""routing_classification"": ""external"", ""canonical"": ""fa-cls""}]","{""en"": 1}",en,Hind,name,232149,هِنْد,,,,,,,,,,,,,,,,
arc-bib,1,etymology_only,external,arc-bib,false,Biblical Aramaic,arc,arc,Aramaic,"[""arc-bib"", ""arc""]",[],"{""la"": 1}",la,Christus,name,1548,ܡܫܺܝܚܳܐ,,,,,,,,,,,,,,,,
"arq,ary",1,multiple_languages,,,false,,,,,[],"[{""input"": ""arq"", ""classification"": ""full_language"", ""canonical"": ""arq"", ""name"": ""Algerian Arabic""}, {""input"": ""ary"", ""classification"": ""full_language"", ""canonical"": ""ary"", ""name"": ""Moroccan Arabic""}]","{""fr"": 1}",fr,hagar,verb,89350,حقر,,,,,,,,,,,,,,,,
art-bel,1,full_language,,art-bel,false,Belter Creole,,,,[],[],"{""en"": 1}",en,Lang Belta,name,577167,lang belta,,,,,,,,,,,,,,,,
art-lap,1,full_language,,art-lap,false,Lapine,,,,[],[],"{""en"": 1}",en,silflay,noun,1004305,silflay,,,,,,,,,,,,,,,,
"ary,arq",1,multiple_languages,,,false,,,,,[],"[{""input"": ""ary"", ""classification"": ""full_language"", ""canonical"": ""ary"", ""name"": ""Moroccan Arabic""}, {""input"": ""arq"", ""classification"": ""full_language"", ""canonical"": ""arq"", ""name"": ""Algerian Arabic""}]","{""fr"": 1}",fr,boujadi,noun,269417,بوجادي,,,,,,,,,,,,,,,,
asl,1,full_language,,asl,false,Asilulu,,,,[],[],"{""id"": 1}",id,Kota Manise,name,38609,kota manise,,,,,,,,,,,,,,,,
"ast,an,lad",1,multiple_languages,,,false,,,,,[],"[{""input"": ""ast"", ""classification"": ""full_language"", ""canonical"": ""ast"", ""name"": ""Asturian""}, {""input"": ""an"", ""classification"": ""full_language"", ""canonical"": ""an"", ""name"": ""Aragonese""}, {""input"": ""lad"", ""classification"": ""full_language"", ""canonical"": ""lad"", ""name"": ""Ladino""}]","{""es"": 1}",es,nariz,noun,11938,nariz,,,,,,,,,,,,,,,,
"ast,ca,pt,es",1,multiple_languages,,,false,,,,,[],"[{""input"": ""ast"", ""classification"": ""full_language"", ""canonical"": ""ast"", ""name"": ""Asturian""}, {""input"": ""ca"", ""classification"": ""full_language"", ""canonical"": ""ca"", ""name"": ""Catalan""}, {""input"": ""pt"", ""classification"": ""full_language"", ""canonical"": ""pt"", ""name"": ""Portuguese""}, {""input"": ""es"", ""classification"": ""full_language"", ""canonical"": ""es"", ""name"": ""Spanish""}]","{""gl"": 1}",gl,cegar,verb,42260,cegar,,,,,,,,,,,,,,,,
"ast,es,lad",1,multiple_languages,,,false,,,,,[],"[{""input"": ""ast"", ""classification"": ""full_language"", ""canonical"": ""ast"", ""name"": ""Asturian""}, {""input"": ""es"", ""classification"": ""full_language"", ""canonical"": ""es"", ""name"": ""Spanish""}, {""input"": ""lad"", ""classification"": ""full_language"", ""canonical"": ""lad"", ""name"": ""Ladino""}]","{""pt"": 1}",pt,sarça,noun,90329,zarza,,,,,,,,,,,,,,,,
"ast,gl,pt,es",1,multiple_languages,,,false,,,,,[],"[{""input"": ""ast"", ""classification"": ""full_language"", ""canonical"": ""ast"", ""name"": ""Asturian""}, {""input"": ""gl"", ""classification"": ""full_language"", ""canonical"": ""gl"", ""name"": ""Galician""}, {""input"": ""pt"", ""classification"": ""full_language"", ""canonical"": ""pt"", ""name"": ""Portuguese""}, {""input"": ""es"", ""classification"": ""full_language"", ""canonical"": ""es"", ""name"": ""Spanish""}]","{""ca"": 1}",ca,cegar,verb,61803,cegar,,,,,,,,,,,,,,,,
"ast,it",1,multiple_languages,,,false,,,,,[],"[{""input"": ""ast"", ""classification"": ""full_language"", ""canonical"": ""ast"", ""name"": ""Asturian""}, {""input"": ""it"", ""classification"": ""full_language"", ""canonical"": ""it"", ""name"": ""Italian""}]","{""ca"": 1}",ca,a poc a poc,adv,1055,a poco a poco,,,,,,,,,,,,,,,,
"ast,roa-leo,mwl",1,multiple_languages,,,false,,,,,[],"[{""input"": ""ast"", ""classification"": ""full_language"", ""canonical"": ""ast"", ""name"": ""Asturian""}, {""input"": ""roa-leo"", ""classification"": ""full_language"", ""canonical"": ""roa-leo"", ""name"": ""Leonese""}, {""input"": ""mwl"", ""classification"": ""full_language"", ""canonical"": ""mwl"", ""name"": ""Mirandese""}]","{""pt"": 1}",pt,diante,adv,3598,delantre,,,,,,,,,,,,,,,,
ato,1,full_language,,ato,false,Atong (Cameroon),,,,[],[],"{""en"": 1}",en,Atong,name,609859,Atong,,,,,,,,,,,,,,,,
atw,1,full_language,,atw,false,Atsugewi,,,,[],[],"{""en"": 1}",en,Hokan,name,633119,hoqi,,,,,,,,,,,,,,,,
aud,1,full_language,,aud,false,Anuta,,,,[],[],"{""en"": 1}",en,aropa,noun,935007,aropa,,,,,,,,,,,,,,,,
aus-guw,1,full_language,,aus-guw,false,Guwar,,,,[],[],"{""en"": 1}",en,Gowar,name,1140366,gowar,"gowar, goowar, gooar",,,,,,,,,,,,,,,
avu,1,full_language,,avu,false,Avokaya,,,,[],[],"{""en"": 1}",en,Avokaya,name,1390025,Ãvõkáyã,,,,,,,,,,,,,,,,
awd,1,family,,awd,false,Arawak,,,,[],[],"{""nl"": 1}",nl,Malmok,name,91909,Malmok,,,,,,,,,,,,,,,,
awt,1,full_language,,awt,false,Araweté,,,,[],[],"{""pt"": 1}",pt,açaí,noun,37375,axaʼɨ,,,,,,,,,,,,,,,,
ayp,1,full_language,,ayp,false,North Mesopotamian Arabic,,,,[],[],"{""tr"": 1}",tr,lazut,noun,34478,لزوت,,,,,,,,,,,,,,,,
"az, klj",1,multiple_languages,,,false,,,,,[],"[{""input"": ""az"", ""classification"": ""full_language"", ""canonical"": ""az"", ""name"": ""Azerbaijani""}, {""input"": ""klj"", ""classification"": ""full_language"", ""canonical"": ""klj"", ""name"": ""Khalaj""}]","{""tr"": 1}",tr,sekiz,num,1984,səkkiz,,,,,,,,,,,,,,,,
"az, slr, crh",1,multiple_languages,,,false,,,,,[],"[{""input"": ""az"", ""classification"": ""full_language"", ""canonical"": ""az"", ""name"": ""Azerbaijani""}, {""input"": ""slr"", ""classification"": ""full_language"", ""canonical"": ""slr"", ""name"": ""Salar""}, {""input"": ""crh"", ""classification"": ""full_language"", ""canonical"": ""crh"", ""name"": ""Crimean Tatar""}]","{""tr"": 1}",tr,ağır,adj,877,ağır,,,,,,,,,,,,,,,,
"az, tk, gag, crh, kdr",1,multiple_languages,,,false,,,,,[],"[{""input"": ""az"", ""classification"": ""full_language"", ""canonical"": ""az"", ""name"": ""Azerbaijani""}, {""input"": ""tk"", ""classification"": ""full_language"", ""canonical"": ""tk"", ""name"": ""Turkmen""}, {""input"": ""gag"", ""classification"": ""full_language"", ""canonical"": ""gag"", ""name"": ""Gagauz""}, {""input"": ""crh"", ""classification"": ""full_language"", ""canonical"": ""crh"", ""name"": ""Crimean Tatar""}, {""input"": ""kdr"", ""classification"": ""full_language"", ""canonical"": ""kdr"", ""name"": ""Karaim""}]","{""tr"": 1}",tr,söz,noun,380,söz,,,,,,,,,,,,,,,,
"az,gag",1,multiple_languages,,,false,,,,,[],"[{""input"": ""az"", ""classification"": ""full_language"", ""canonical"": ""az"", ""name"": ""Azerbaijani""}, {""input"": ""gag"", ""classification"": ""full_language"", ""canonical"": ""gag"", ""name"": ""Gagauz""}]","{""tr"": 1}",tr,dal,noun,6116,dal,,,,,,,,,,,,,,,,
"az,uz,crh",1,multiple_languages,,,false,,,,,[],"[{""input"": ""az"", ""classification"": ""full_language"", ""canonical"": ""az"", ""name"": ""Azerbaijani""}, {""input"": ""uz"", ""classification"": ""full_language"", ""canonical"": ""uz"", ""name"": ""Uzbek""}, {""input"": ""crh"", ""classification"": ""full_language"", ""canonical"": ""crh"", ""name"": ""Crimean Tatar""}]","{""tr"": 1}",tr,sevgi,noun,2048,sevgi,,,,,,,,,,,,,,,,
azc-caz,1,full_language,,azc-caz,false,Cazcan,,,,[],[],"{""en"": 1}",en,Cazcan,name,1054582,cazcan,,,,,,,,,,,,,,,,
azg,1,full_language,,azg,false,San Pedro Amuzgos Amuzgo,,,,[],[],"{""en"": 1}",en,Xochistlahuaca,name,1165062,Suntjaaꞌ,,,,,,,,,,,,,,,,
azz,1,full_language,,azz,false,Highland Puebla Nahuatl,,,,[],[],"{""es"": 1}",es,cuautuza,noun,709715,cuautu̱san,,,,,,,,,,,,,,,,
"ba,tt",1,multiple_languages,,,false,,,,,[],"[{""input"": ""ba"", ""classification"": ""full_language"", ""canonical"": ""ba"", ""name"": ""Bashkir""}, {""input"": ""tt"", ""classification"": ""full_language"", ""canonical"": ""tt"", ""name"": ""Tatar""}]","{""tr"": 1}",tr,am,noun,4239,әм,,,,,,,,,,,,,,,,
bba,1,full_language,,bba,false,Baatonum,,,,[],[],"{""en"": 1}",en,Baatonum,name,1314860,Baatɔnum,,,,,,,,,,,,,,,,
bcj,1,full_language,,bcj,false,Bardi,,,,[],[],"{""en"": 1}",en,pindan,noun,1237511,bindan,,,,,,,,,,,,,,,,
"bcl,tl",1,multiple_languages,,,false,,,,,[],"[{""input"": ""bcl"", ""classification"": ""full_language"", ""canonical"": ""bcl"", ""name"": ""Central Bikol""}, {""input"": ""tl"", ""classification"": ""full_language"", ""canonical"": ""tl"", ""name"": ""Tagalog""}]","{""id"": 1}",id,tumpuk,verb,20130,tumpok,,,,,,,,,,,,,,,,
bdg,1,full_language,,bdg,false,Bonggi,,,,[],[],"{""id"": 1}",id,tupai,noun,13827,tufi,,,,,,,,,,,,,,,,
"be, ru",1,multiple_languages,,,false,,,,,[],"[{""input"": ""be"", ""classification"": ""full_language"", ""canonical"": ""be"", ""name"": ""Belarusian""}, {""input"": ""ru"", ""classification"": ""full_language"", ""canonical"": ""ru"", ""name"": ""Russian""}]","{""uk"": 1}",uk,форсунка,noun,44086,форсунка,,,,,,,,,,,,,,,,
"be,bg,gag,kdr,rsk,ru,crh",1,multiple_languages,,,false,,,,,[],"[{""input"": ""be"", ""classification"": ""full_language"", ""canonical"": ""be"", ""name"": ""Belarusian""}, {""input"": ""bg"", ""classification"": ""full_language"", ""canonical"": ""bg"", ""name"": ""Bulgarian""}, {""input"": ""gag"", ""classification"": ""full_language"", ""canonical"": ""gag"", ""name"": ""Gagauz""}, {""input"": ""kdr"", ""classification"": ""full_language"", ""canonical"": ""kdr"", ""name"": ""Karaim""}, {""input"": ""rsk"", ""classification"": ""full_language"", ""canonical"": ""rsk"", ""name"": ""Pannonian Rusyn""}, {""input"": ""ru"", ""classification"": ""full_language"", ""canonical"": ""ru"", ""name"": ""Russian""}, {""input"": ""crh"", ""classification"": ""full_language"", ""canonical"": ""crh"", ""name"": ""Crimean Tatar""}]","{""uk"": 1}",uk,-ки,suffix,9159,-ки,,,,,,,,,,,,,,,,
"be,bg,mk,rsk,ru",1,multiple_languages,,,false,,,,,[],"[{""input"": ""be"", ""classification"": ""full_language"", ""canonical"": ""be"", ""name"": ""Belarusian""}, {""input"": ""bg"", ""classification"": ""full_language"", ""canonical"": ""bg"", ""name"": ""Bulgarian""}, {""input"": ""mk"", ""classification"": ""full_language"", ""canonical"": ""mk"", ""name"": ""Macedonian""}, {""input"": ""rsk"", ""classification"": ""full_language"", ""canonical"": ""rsk"", ""name"": ""Pannonian Rusyn""}, {""input"": ""ru"", ""classification"": ""full_language"", ""canonical"": ""ru"", ""name"": ""Russian""}]","{""uk"": 1}",uk,-ачка,suffix,50209,-ачка,,,,,,,,,,,,,,,,
"be,mk,ru",1,multiple_languages,,,false,,,,,[],"[{""input"": ""be"", ""classification"": ""full_language"", ""canonical"": ""be"", ""name"": ""Belarusian""}, {""input"": ""mk"", ""classification"": ""full_language"", ""canonical"": ""mk"", ""name"": ""Macedonian""}, {""input"": ""ru"", ""classification"": ""full_language"", ""canonical"": ""ru"", ""name"": ""Russian""}]","{""uk"": 1}",uk,-лець,suffix,58650,-лец,,,,,,,,,,,,,,,,
"be,rsk",1,multiple_languages,,,false,,,,,[],"[{""input"": ""be"", ""classification"": ""full_language"", ""canonical"": ""be"", ""name"": ""Belarusian""}, {""input"": ""rsk"", ""classification"": ""full_language"", ""canonical"": ""rsk"", ""name"": ""Pannonian Rusyn""}]","{""uk"": 1}",uk,-ань,suffix,41136,-ань,,,,,,,,,,,,,,,,
bei,1,full_language,,bei,false,Bekati',,,,[],[],"{""id"": 1}",id,kebas,verb,34083,kabih,,,,,,,,,,,,,,,,
ber,1,family,,ber,false,Berber,,,,[],[],"{""ca"": 1}",ca,bugia,noun,47573,ⴱⴳⴰⵢⴻⵜ,,,,,,,,,,,,,,,,
beu,1,full_language,,beu,false,Blagar,,,,[],[],"{""id"": 1}",id,iria,noun,25580,iria,,,,,,,,,,,,,,,,
"bew, jv, su",1,multiple_languages,,,false,,,,,[],"[{""input"": ""bew"", ""classification"": ""full_language"", ""canonical"": ""bew"", ""name"": ""Betawi""}, {""input"": ""jv"", ""classification"": ""full_language"", ""canonical"": ""jv"", ""name"": ""Javanese""}, {""input"": ""su"", ""classification"": ""full_language"", ""canonical"": ""su"", ""name"": ""Sundanese""}]","{""id"": 1}",id,Senin,noun,3600,Senen,,,,,,,,,,,,,,,,
"bg,mk,ru,sh,uk",1,multiple_languages,,,false,,,,,[],"[{""input"": ""bg"", ""classification"": ""full_language"", ""canonical"": ""bg"", ""name"": ""Bulgarian""}, {""input"": ""mk"", ""classification"": ""full_language"", ""canonical"": ""mk"", ""name"": ""Macedonian""}, {""input"": ""ru"", ""classification"": ""full_language"", ""canonical"": ""ru"", ""name"": ""Russian""}, {""input"": ""sh"", ""classification"": ""full_language"", ""canonical"": ""sh"", ""name"": ""Serbo-Croatian""}, {""input"": ""uk"", ""classification"": ""full_language"", ""canonical"": ""uk"", ""name"": ""Ukrainian""}]","{""en"": 1}",en,Dnieper Valley,name,453296,доли́на,,,,,,,,,,,,,,,,
"bg,mk,sh",1,multiple_languages,,,false,,,,,[],"[{""input"": ""bg"", ""classification"": ""full_language"", ""canonical"": ""bg"", ""name"": ""Bulgarian""}, {""input"": ""mk"", ""classification"": ""full_language"", ""canonical"": ""mk"", ""name"": ""Macedonian""}, {""input"": ""sh"", ""classification"": ""full_language"", ""canonical"": ""sh"", ""name"": ""Serbo-Croatian""}]","{""uk"": 1}",uk,еквівалент,noun,14946,еквивалент,,,,,,,,,,,,,,,,
"bg,mk,sh,rsk,ru",1,multiple_languages,,,false,,,,,[],"[{""input"": ""bg"", ""classification"": ""full_language"", ""canonical"": ""bg"", ""name"": ""Bulgarian""}, {""input"": ""mk"", ""classification"": ""full_language"", ""canonical"": ""mk"", ""name"": ""Macedonian""}, {""input"": ""sh"", ""classification"": ""full_language"", ""canonical"": ""sh"", ""name"": ""Serbo-Croatian""}, {""input"": ""rsk"", ""classification"": ""full_language"", ""canonical"": ""rsk"", ""name"": ""Pannonian Rusyn""}, {""input"": ""ru"", ""classification"": ""full_language"", ""canonical"": ""ru"", ""name"": ""Russian""}]","{""uk"": 1}",uk,-яра,suffix,26584,-ара,,,,,,,,,,,,,,,,
"bg,rsk",1,multiple_languages,,,false,,,,,[],"[{""input"": ""bg"", ""classification"": ""full_language"", ""canonical"": ""bg"", ""name"": ""Bulgarian""}, {""input"": ""rsk"", ""classification"": ""full_language"", ""canonical"": ""rsk"", ""name"": ""Pannonian Rusyn""}]","{""uk"": 1}",uk,-ява,suffix,18877,-ява,,,,,,,,,,,,,,,,
"bg,rsk,sh",1,multiple_languages,,,false,,,,,[],"[{""input"": ""bg"", ""classification"": ""full_language"", ""canonical"": ""bg"", ""name"": ""Bulgarian""}, {""input"": ""rsk"", ""classification"": ""full_language"", ""canonical"": ""rsk"", ""name"": ""Pannonian Rusyn""}, {""input"": ""sh"", ""classification"": ""full_language"", ""canonical"": ""sh"", ""name"": ""Serbo-Croatian""}]","{""uk"": 1}",uk,-ава,suffix,24497,-ава,,,,,,,,,,,,,,,,
"bg,rue,mk,ru,uk",1,multiple_languages,,,false,,,,,[],"[{""input"": ""bg"", ""classification"": ""full_language"", ""canonical"": ""bg"", ""name"": ""Bulgarian""}, {""input"": ""rue"", ""classification"": ""full_language"", ""canonical"": ""rue"", ""name"": ""Carpathian Rusyn""}, {""input"": ""mk"", ""classification"": ""full_language"", ""canonical"": ""mk"", ""name"": ""Macedonian""}, {""input"": ""ru"", ""classification"": ""full_language"", ""canonical"": ""ru"", ""name"": ""Russian""}, {""input"": ""uk"", ""classification"": ""full_language"", ""canonical"": ""uk"", ""name"": ""Ukrainian""}]","{""en"": 1}",en,shirt,noun,49740,кора́,,,,,,,,,,,,,,,,
bgi,1,full_language,,bgi,false,Giangan,,,,[],[],"{""en"": 1}",en,Davao,name,324927,Dawaw,,,,,,,,,,,,,,,,
bgq,1,full_language,,bgq,false,Bagri,,,,[],[],"{""en"": 1}",en,Bagri,name,1319237,बागड़ी,,,,,,,,,,,,,,,,
bhe,1,full_language,,bhe,false,Bhaya,,,,[],[],"{""en"": 1}",en,Bhaya,name,610270,ڀيا,,,,,,,,,,,,,,,,
bhm,1,full_language,,bhm,false,Bathari,,,,[],[],"{""en"": 1}",en,Baṭḥari,name,1319526,بطحاري,,,,,,,,,,,,,,,,
bhv,1,full_language,,bhv,false,Bahau,,,,[],[],"{""id"": 1}",id,sutlung,noun,36730,sutlung,,,,,,,,,,,,,,,,
bjb,1,full_language,,bjb,false,Barngarla,,,,[],[],"{""en"": 1}",en,Kimba,name,446719,dyimba,,,,,,,,,,,,,,,,
bjj,1,full_language,,bjj,false,Kannauji,,,,[],[],"{""en"": 1}",en,Kannauji,name,1271583,कन्नौजी,,,,,,,,,,,,,,,,
bjs,1,full_language,,bjs,false,Bajan,,,,[],[],"{""en"": 1}",en,ecky-becky,noun,656646,ecky-becky,,,,,,,,,,,,,,,,
bkd,1,full_language,,bkd,false,Binukid,,,,[],[],"{""id"": 1}",id,undur,verb,17723,undud,,,,,,,,,,,,,,,,
bkr,1,full_language,,bkr,false,Bakumpai,,,,[],[],"{""id"": 1}",id,bahu,noun,7478,bahu,,,,,,,,,,,,,,,,
bkx,1,full_language,,bkx,false,Baikeno,,,,[],[],"{""en"": 1}",en,Oecusse,name,1404291,oe,,,,,,,,,,,,,,,,
blj,1,full_language,,blj,false,Bulungan,,,,[],[],"{""id"": 1}",id,Bulungan,name,16775,bulu tengon,,,,,,,,,,,,,,,,
bng,1,full_language,,bng,false,Benga,,,,[],[],"{""en"": 1}",en,bilinga,noun,1036412,mbilinga,,,,,,,,,,,,,,,,
bns,1,full_language,,bns,false,Bundeli,,,,[],[],"{""en"": 1}",en,Bundeli,name,1280517,बुन्देली,,,,,,,,,,,,,,,,
bnt-phu,1,full_language,,bnt-phu,false,Phuthi,,,,[],[],"{""en"": 1}",en,babala,noun,1175423,baballa,,,,,,,,,,,,,,,,
brc,1,full_language,,brc,false,Berbice Creole Dutch,,,,[],[],"{""fr"": 1}",fr,béké,adj,131059,bɛkɛ,,,,,,,,,,,,,,,,
bru,1,full_language,,bru,false,Eastern Bru,,,,[],[],"{""vi"": 1}",vi,riềng,noun,28686,curưng,,,,,,,,,,,,,,,,
brx,1,full_language,,brx,false,Bodo (India),,,,[],[],"{""en"": 1}",en,Bathou,name,1402887,बाथौ,,,,,,,,,,,,,,,,
bsk,1,full_language,,bsk,false,Burushaski,,,,[],[],"{""en"": 1}",en,Burushaski,name,653158,بروشسکی,,,,,,,,,,,,,,,,
btk,1,family,,btk,false,Batak,,,,[],[],"{""id"": 1}",id,ulos,noun,21506,ulos,,,,,,,,,,,,,,,,
btq,1,full_language,,btq,false,Batek,,,,[],[],"{""en"": 1}",en,gibbon,noun,351736,kəboɲ,,,,,,,,,,,,,,,,
btv,1,full_language,,btv,false,Bateri,,,,[],[],"{""en"": 1}",en,Bateri,name,1319238,بٹیری,,,,,,,,,,,,,,,,
btz,1,full_language,,btz,false,Alas-Kluet Batak,,,,[],[],"{""id"": 1}",id,coli,noun,15761,coli,,,,,,,,,,,,,,,,
bum,1,full_language,,bum,false,Bulu (Cameroon),,,,[],[],"{""en"": 1}",en,akalat,noun,977004,akalat,,,,,,,,,,,,,,,,
bve,1,full_language,,bve,false,Berau Malay,,,,[],[],"{""id"": 1}",id,Tanjung Redeb,name,33063,Tanjung Raddab,,,,,,,,,,,,,,,,
bzj,1,full_language,,bzj,false,Belizean Creole,,,,[],[],"{""en"": 1}",en,gibnut,noun,1154507,gibnat,,,,,,,,,,,,,,,,
"ca, cs, es, pl",1,multiple_languages,,,false,,,,,[],"[{""input"": ""ca"", ""classification"": ""full_language"", ""canonical"": ""ca"", ""name"": ""Catalan""}, {""input"": ""cs"", ""classification"": ""full_language"", ""canonical"": ""cs"", ""name"": ""Czech""}, {""input"": ""es"", ""classification"": ""full_language"", ""canonical"": ""es"", ""name"": ""Spanish""}, {""input"": ""pl"", ""classification"": ""full_language"", ""canonical"": ""pl"", ""name"": ""Polish""}]","{""eo"": 1}",eo,normo,noun,6868,norma,,,,,,,,,,,,,,,,
"ca, pl",1,multiple_languages,,,false,,,,,[],"[{""input"": ""ca"", ""classification"": ""full_language"", ""canonical"": ""ca"", ""name"": ""Catalan""}, {""input"": ""pl"", ""classification"": ""full_language"", ""canonical"": ""pl"", ""name"": ""Polish""}]","{""eo"": 1}",eo,flegmo,noun,134417,flegma,,,,,,,,,,,,,,,,
"ca,ast,gl,pt",1,multiple_languages,,,false,,,,,[],"[{""input"": ""ca"", ""classification"": ""full_language"", ""canonical"": ""ca"", ""name"": ""Catalan""}, {""input"": ""ast"", ""classification"": ""full_language"", ""canonical"": ""ast"", ""name"": ""Asturian""}, {""input"": ""gl"", ""classification"": ""full_language"", ""canonical"": ""gl"", ""name"": ""Galician""}, {""input"": ""pt"", ""classification"": ""full_language"", ""canonical"": ""pt"", ""name"": ""Portuguese""}]","{""es"": 1}",es,cegar,verb,89446,cegar,,,,,,,,,,,,,,,,
"ca,es,vec,scn",1,multiple_languages,,,false,,,,,[],"[{""input"": ""ca"", ""classification"": ""full_language"", ""canonical"": ""ca"", ""name"": ""Catalan""}, {""input"": ""es"", ""classification"": ""full_language"", ""canonical"": ""es"", ""name"": ""Spanish""}, {""input"": ""vec"", ""classification"": ""full_language"", ""canonical"": ""vec"", ""name"": ""Venetan""}, {""input"": ""scn"", ""classification"": ""full_language"", ""canonical"": ""scn"", ""name"": ""Sicilian""}]","{""it"": 1}",it,oca,noun,27303,oca,,,,,,,,,,,,,,,,
"ca,fr,it",1,multiple_languages,,,false,,,,,[],"[{""input"": ""ca"", ""classification"": ""full_language"", ""canonical"": ""ca"", ""name"": ""Catalan""}, {""input"": ""fr"", ""classification"": ""full_language"", ""canonical"": ""fr"", ""name"": ""French""}, {""input"": ""it"", ""classification"": ""full_language"", ""canonical"": ""it"", ""name"": ""Italian""}]","{""en"": 1}",en,Maura,name,337408,Maura,,,,,,,,,,,,,,,,
"ca,fr,oc",1,multiple_languages,,,false,,,,,[],"[{""input"": ""ca"", ""classification"": ""full_language"", ""canonical"": ""ca"", ""name"": ""Catalan""}, {""input"": ""fr"", ""classification"": ""full_language"", ""canonical"": ""fr"", ""name"": ""French""}, {""input"": ""oc"", ""classification"": ""full_language"", ""canonical"": ""oc"", ""name"": ""Occitan""}]","{""eo"": 1}",eo,en,prep,10,en,,,,,,,,,,,,,,,,
"ca,gl,es",1,multiple_languages,,,false,,,,,[],"[{""input"": ""ca"", ""classification"": ""full_language"", ""canonical"": ""ca"", ""name"": ""Catalan""}, {""input"": ""gl"", ""classification"": ""full_language"", ""canonical"": ""gl"", ""name"": ""Galician""}, {""input"": ""es"", ""classification"": ""full_language"", ""canonical"": ""es"", ""name"": ""Spanish""}]","{""pt"": 1}",pt,rebocar,verb,64317,remolcar,,,,,,,,,,,,,,,,
"ca,gl,oc,pt,es",1,multiple_languages,,,false,,,,,[],"[{""input"": ""ca"", ""classification"": ""full_language"", ""canonical"": ""ca"", ""name"": ""Catalan""}, {""input"": ""gl"", ""classification"": ""full_language"", ""canonical"": ""gl"", ""name"": ""Galician""}, {""input"": ""oc"", ""classification"": ""full_language"", ""canonical"": ""oc"", ""name"": ""Occitan""}, {""input"": ""pt"", ""classification"": ""full_language"", ""canonical"": ""pt"", ""name"": ""Portuguese""}, {""input"": ""es"", ""classification"": ""full_language"", ""canonical"": ""es"", ""name"": ""Spanish""}]","{""en"": 1}",en,verificate,verb,677556,verificar,,,,,,,,,,,,,,,,
"ca,it,oc",1,multiple_languages,,,false,,,,,[],"[{""input"": ""ca"", ""classification"": ""full_language"", ""canonical"": ""ca"", ""name"": ""Catalan""}, {""input"": ""it"", ""classification"": ""full_language"", ""canonical"": ""it"", ""name"": ""Italian""}, {""input"": ""oc"", ""classification"": ""full_language"", ""canonical"": ""oc"", ""name"": ""Occitan""}]","{""fr"": 1}",fr,Maisonneuve,name,41173,Casanova,,,,,,,,,,,,,,,,
"ca,oc,ca",1,multiple_languages,,,false,,,,,[],"[{""input"": ""ca"", ""classification"": ""full_language"", ""canonical"": ""ca"", ""name"": ""Catalan""}, {""input"": ""oc"", ""classification"": ""full_language"", ""canonical"": ""oc"", ""name"": ""Occitan""}, {""input"": ""ca"", ""classification"": ""full_language"", ""canonical"": ""ca"", ""name"": ""Catalan""}]","{""fr"": 1}",fr,enchaîner,verb,33758,encadenar,,,,,,,,,,,,,,,,
"ca,oc,fr",1,multiple_languages,,,false,,,,,[],"[{""input"": ""ca"", ""classification"": ""full_language"", ""canonical"": ""ca"", ""name"": ""Catalan""}, {""input"": ""oc"", ""classification"": ""full_language"", ""canonical"": ""oc"", ""name"": ""Occitan""}, {""input"": ""fr"", ""classification"": ""full_language"", ""canonical"": ""fr"", ""name"": ""French""}]","{""pt"": 1}",pt,genro,noun,23779,gendre,,,,,,,,,,,,,,,,
"ca,oc,vec",1,multiple_languages,,,false,,,,,[],"[{""input"": ""ca"", ""classification"": ""full_language"", ""canonical"": ""ca"", ""name"": ""Catalan""}, {""input"": ""oc"", ""classification"": ""full_language"", ""canonical"": ""oc"", ""name"": ""Occitan""}, {""input"": ""vec"", ""classification"": ""full_language"", ""canonical"": ""vec"", ""name"": ""Venetan""}]","{""it"": 1}",it,tastare,verb,77441,tastar,,,,,,,,,,,,,,,,
"ca,pl",1,multiple_languages,,,false,,,,,[],"[{""input"": ""ca"", ""classification"": ""full_language"", ""canonical"": ""ca"", ""name"": ""Catalan""}, {""input"": ""pl"", ""classification"": ""full_language"", ""canonical"": ""pl"", ""name"": ""Polish""}]","{""en"": 1}",en,Antoni,name,337625,Antoni,,,,,,,,,,,,,,,,
"car,tri,way",1,multiple_languages,,,false,,,,,[],"[{""input"": ""car"", ""classification"": ""full_language"", ""canonical"": ""car"", ""name"": ""Kari'na""}, {""input"": ""tri"", ""classification"": ""full_language"", ""canonical"": ""tri"", ""name"": ""Trió""}, {""input"": ""way"", ""classification"": ""full_language"", ""canonical"": ""way"", ""name"": ""Wayana""}]","{""nl"": 1}",nl,Tamushi,name,141796,tamusi,,,,,,,,,,,,,,,,
ccm,1,full_language,,ccm,false,Malaccan Creole Malay,,,,[],[],"{""id"": 1}",id,dawat,noun,24152,dawat,,,,,,,,,,,,,,,,
"ceb,cbk",1,multiple_languages,,,false,,,,,[],"[{""input"": ""ceb"", ""classification"": ""full_language"", ""canonical"": ""ceb"", ""name"": ""Cebuano""}, {""input"": ""cbk"", ""classification"": ""full_language"", ""canonical"": ""cbk"", ""name"": ""Chavacano""}]","{""id"": 1}",id,ketumbar,noun,19773,katumbal,,,,,,,,,,,,,,,,
"ceb,ilo,tl",1,multiple_languages,,,false,,,,,[],"[{""input"": ""ceb"", ""classification"": ""full_language"", ""canonical"": ""ceb"", ""name"": ""Cebuano""}, {""input"": ""ilo"", ""classification"": ""full_language"", ""canonical"": ""ilo"", ""name"": ""Ilocano""}, {""input"": ""tl"", ""classification"": ""full_language"", ""canonical"": ""tl"", ""name"": ""Tagalog""}]","{""en"": 1}",en,Singson,name,618847,Singson,,,,,,,,,,,,,,,,
cel-bry-pro,1,full_language,,cel-bry-pro,false,Proto-Brythonic,,,,[],[],"{""en"": 1}",en,Holland,name,122819,haiw-,,,,,,,,,,,,,,,,
chw,1,full_language,,chw,false,Chuabo,,,,[],[],"{""pt"": 1}",pt,muamuna,noun,433535,mwamuna,,,,,,,,,,,,,,,,
cic,1,full_language,,cic,false,Chickasaw,,,,[],[],"{""en"": 1}",en,Toccopola,name,1201019,oktaak,,,,,,,,,,,,,,,,
cja,1,full_language,,cja,false,Western Cham,,,,[],[],"{""vi"": 1}",vi,Đà Nẵng,name,20193,đaknan,,,,,,,,,,,,,,,,
clh,1,full_language,,clh,false,Chilisso,,,,[],[],"{""en"": 1}",en,Chilisso,name,1319265,چلیسو,,,,,,,,,,,,,,,,
cmt,1,full_language,,cmt,false,Camtho,,,,[],[],"{""en"": 1}",en,moegoe,noun,654645,moegoe,,,,,,,,,,,,,,,,
"co, scn",1,multiple_languages,,,false,,,,,[],"[{""input"": ""co"", ""classification"": ""full_language"", ""canonical"": ""co"", ""name"": ""Corsican""}, {""input"": ""scn"", ""classification"": ""full_language"", ""canonical"": ""scn"", ""name"": ""Sicilian""}]","{""it"": 1}",it,parrucca,noun,39352,pilucca,,,,,,,,,,,,,,,,
"co,sc,scn",1,multiple_languages,,,false,,,,,[],"[{""input"": ""co"", ""classification"": ""full_language"", ""canonical"": ""co"", ""name"": ""Corsican""}, {""input"": ""sc"", ""classification"": ""full_language"", ""canonical"": ""sc"", ""name"": ""Sardinian""}, {""input"": ""scn"", ""classification"": ""full_language"", ""canonical"": ""scn"", ""name"": ""Sicilian""}]","{""it"": 1}",it,osso,noun,20499,ossu,,,,,,,,,,,,,,,,
cod,1,full_language,,cod,false,Cocama,,,,[],[],"{""pt"": 1}",pt,panapaná,noun,206269,panama,,,,,,,,,,,,,,,,
com,1,full_language,,com,false,Comanche,,,,[],[],"{""en"": 1}",en,Numic,adj,957374,nʉmʉ,,,,,,,,,,,,,,,,
con,1,full_language,,con,false,Cofán,,,,[],[],"{""en"": 1}",en,yage,noun,611482,yagé,,,,,,,,,,,,,,,,
cop-boh,1,etymology_only,external,cop-boh,false,Bohairic Coptic,cop,cop,Coptic,"[""cop-boh"", ""cop""]",[],"{""en"": 1}",en,Khem,name,515177,ⲭⲏⲙⲓ,,,,,,,,,,,,,,,,
cop-fay,1,etymology_only,external,cop-fay,false,Fayyumic Coptic,cop,cop,Coptic,"[""cop-fay"", ""cop""]",[],"{""fi"": 1}",fi,lilja,noun,22004,ϩⲗⲏⲣⲓ,,,,,,,,,,,,,,,,
"crh, kdr",1,multiple_languages,,,false,,,,,[],"[{""input"": ""crh"", ""classification"": ""full_language"", ""canonical"": ""crh"", ""name"": ""Crimean Tatar""}, {""input"": ""kdr"", ""classification"": ""full_language"", ""canonical"": ""kdr"", ""name"": ""Karaim""}]","{""tr"": 1}",tr,orun,noun,33878,orun,,,,,,,,,,,,,,,,
"crh,tr",1,multiple_languages,,,false,,,,,[],"[{""input"": ""crh"", ""classification"": ""full_language"", ""canonical"": ""crh"", ""name"": ""Crimean Tatar""}, {""input"": ""tr"", ""classification"": ""full_language"", ""canonical"": ""tr"", ""name"": ""Turkish""}]","{""uk"": 1}",uk,Чурюк,name,58675,çürük,,,,,,,,,,,,,,,,
"crh,uz",1,multiple_languages,,,false,,,,,[],"[{""input"": ""crh"", ""classification"": ""full_language"", ""canonical"": ""crh"", ""name"": ""Crimean Tatar""}, {""input"": ""uz"", ""classification"": ""full_language"", ""canonical"": ""uz"", ""name"": ""Uzbek""}]","{""tr"": 1}",tr,yeğni,adj,42233,yengil,,,,,,,,,,,,,,,,
crp-cpr,1,full_language,,crp-cpr,false,Chinese Pidgin Russian,,,,[],[],"{""ru"": 1}",ru,китаёза,noun,249455,китаёза,,,,,,,,,,,,,,,,
crp-cpr-kya,1,etymology_only,external,crp-cpr-kya,false,Kyakhta Chinese Pidgin Russian,crp-cpr,crp-cpr,Chinese Pidgin Russian,"[""crp-cpr-kya"", ""crp-cpr""]",[],"{""ru"": 1}",ru,Шалтай-Болтай,name,100957,шелатай-балетай,,,,,,,,,,,,,,,,
crp-rsn,1,full_language,,crp-rsn,false,Russenorsk,,,,[],[],"{""sv"": 1}",sv,lite grann,adv,10750,лита грань немножко,,,,,,,,,,,,,,,,
crr,1,full_language,,crr,false,Carolina Algonquian,,,,[],[],"{""en"": 1}",en,macock,noun,798978,macócqwer,,,,,,,,,,,,,,,,
"cs,de,it,pl,sk",1,multiple_languages,,,false,,,,,[],"[{""input"": ""cs"", ""classification"": ""full_language"", ""canonical"": ""cs"", ""name"": ""Czech""}, {""input"": ""de"", ""classification"": ""full_language"", ""canonical"": ""de"", ""name"": ""German""}, {""input"": ""it"", ""classification"": ""full_language"", ""canonical"": ""it"", ""name"": ""Italian""}, {""input"": ""pl"", ""classification"": ""full_language"", ""canonical"": ""pl"", ""name"": ""Polish""}, {""input"": ""sk"", ""classification"": ""full_language"", ""canonical"": ""sk"", ""name"": ""Slovak""}]","{""en"": 1}",en,Seraphin,name,518051,Serafin,,,,,,,,,,,,,,,,
"cs,hu",1,multiple_languages,,,false,,,,,[],"[{""input"": ""cs"", ""classification"": ""full_language"", ""canonical"": ""cs"", ""name"": ""Czech""}, {""input"": ""hu"", ""classification"": ""full_language"", ""canonical"": ""hu"", ""name"": ""Hungarian""}]","{""en"": 1}",en,Salak,name,541184,Salák,,,,,,,,,,,,,,,,
"cs,lt",1,multiple_languages,,,false,,,,,[],"[{""input"": ""cs"", ""classification"": ""full_language"", ""canonical"": ""cs"", ""name"": ""Czech""}, {""input"": ""lt"", ""classification"": ""full_language"", ""canonical"": ""lt"", ""name"": ""Lithuanian""}]","{""eo"": 1}",eo,pra-,prefix,854,pra-,,,,,,,,,,,,,,,,
"cs,pl,sl",1,multiple_languages,,,false,,,,,[],"[{""input"": ""cs"", ""classification"": ""full_language"", ""canonical"": ""cs"", ""name"": ""Czech""}, {""input"": ""pl"", ""classification"": ""full_language"", ""canonical"": ""pl"", ""name"": ""Polish""}, {""input"": ""sl"", ""classification"": ""full_language"", ""canonical"": ""sl"", ""name"": ""Slovene""}]","{""en"": 1}",en,roof,noun,58445,strop,,,,,,,,,,,,,,,,
"cs,sh,sl,sk",1,multiple_languages,,,false,,,,,[],"[{""input"": ""cs"", ""classification"": ""full_language"", ""canonical"": ""cs"", ""name"": ""Czech""}, {""input"": ""sh"", ""classification"": ""full_language"", ""canonical"": ""sh"", ""name"": ""Serbo-Croatian""}, {""input"": ""sl"", ""classification"": ""full_language"", ""canonical"": ""sl"", ""name"": ""Slovene""}, {""input"": ""sk"", ""classification"": ""full_language"", ""canonical"": ""sk"", ""name"": ""Slovak""}]","{""ru"": 1}",ru,золото,noun,3098,zlato,,,,,,,,,,,,,,,,
"cs,zlw-ocs",1,multiple_languages,,,false,,,,,[],"[{""input"": ""cs"", ""classification"": ""full_language"", ""canonical"": ""cs"", ""name"": ""Czech""}, {""input"": ""zlw-ocs"", ""classification"": ""full_language"", ""canonical"": ""zlw-ocs"", ""name"": ""Old Czech""}]","{""uk"": 1}",uk,шлея,noun,57514,šle,,,,,,,,,,,,,,,,
csw,1,full_language,,csw,false,Swampy Cree,,,,[],[],"{""en"": 1}",en,Winnipeg,name,214253,ᐑᓂᐯᐠ,,,,,,,,,,,,,,,,
cuo,1,full_language,,cuo,false,Cumanagoto,,,,[],[],"{""eo"": 1}",eo,arepo,noun,128202,erepa,,,,,,,,,,,,,,,,
cup,1,full_language,,cup,false,Cupeño,,,,[],[],"{""en"": 1}",en,Cupan,adj,1097164,Cupa,,,,,,,,,,,,,,,,
"da,et,fo,de,is,no,sv",1,multiple_languages,,,false,,,,,[],"[{""input"": ""da"", ""classification"": ""full_language"", ""canonical"": ""da"", ""name"": ""Danish""}, {""input"": ""et"", ""classification"": ""full_language"", ""canonical"": ""et"", ""name"": ""Estonian""}, {""input"": ""fo"", ""classification"": ""full_language"", ""canonical"": ""fo"", ""name"": ""Faroese""}, {""input"": ""de"", ""classification"": ""full_language"", ""canonical"": ""de"", ""name"": ""German""}, {""input"": ""is"", ""classification"": ""full_language"", ""canonical"": ""is"", ""name"": ""Icelandic""}, {""input"": ""no"", ""classification"": ""full_language"", ""canonical"": ""no"", ""name"": ""Norwegian""}, {""input"": ""sv"", ""classification"": ""full_language"", ""canonical"": ""sv"", ""name"": ""Swedish""}]","{""en"": 1}",en,Georg,name,296093,Georg,,,,,,,,,,,,,,,,
"da,is,no,sv",1,multiple_languages,,,false,,,,,[],"[{""input"": ""da"", ""classification"": ""full_language"", ""canonical"": ""da"", ""name"": ""Danish""}, {""input"": ""is"", ""classification"": ""full_language"", ""canonical"": ""is"", ""name"": ""Icelandic""}, {""input"": ""no"", ""classification"": ""full_language"", ""canonical"": ""no"", ""name"": ""Norwegian""}, {""input"": ""sv"", ""classification"": ""full_language"", ""canonical"": ""sv"", ""name"": ""Swedish""}]","{""en"": 1}",en,Anders,name,249926,Anders,,,,,,,,,,,,,,,,
"da,nb,nn,is",1,multiple_languages,,,false,,,,,[],"[{""input"": ""da"", ""classification"": ""full_language"", ""canonical"": ""da"", ""name"": ""Danish""}, {""input"": ""nb"", ""classification"": ""full_language"", ""canonical"": ""nb"", ""name"": ""Norwegian Bokmål""}, {""input"": ""nn"", ""classification"": ""full_language"", ""canonical"": ""nn"", ""name"": ""Norwegian Nynorsk""}, {""input"": ""is"", ""classification"": ""full_language"", ""canonical"": ""is"", ""name"": ""Icelandic""}]","{""en"": 1}",en,hail,noun,154153,hagl,,,,,,,,,,,,,,,,
"da,ovd,nb,nn,sv",1,multiple_languages,,,false,,,,,[],"[{""input"": ""da"", ""classification"": ""full_language"", ""canonical"": ""da"", ""name"": ""Danish""}, {""input"": ""ovd"", ""classification"": ""full_language"", ""canonical"": ""ovd"", ""name"": ""Elfdalian""}, {""input"": ""nb"", ""classification"": ""full_language"", ""canonical"": ""nb"", ""name"": ""Norwegian Bokmål""}, {""input"": ""nn"", ""classification"": ""full_language"", ""canonical"": ""nn"", ""name"": ""Norwegian Nynorsk""}, {""input"": ""sv"", ""classification"": ""full_language"", ""canonical"": ""sv"", ""name"": ""Swedish""}]","{""en"": 1}",en,fish,noun,27256,fisk,,,,,,,,,,,,,,,,
"da,sl,sv",1,multiple_languages,,,false,,,,,[],"[{""input"": ""da"", ""classification"": ""full_language"", ""canonical"": ""da"", ""name"": ""Danish""}, {""input"": ""sl"", ""classification"": ""full_language"", ""canonical"": ""sl"", ""name"": ""Slovene""}, {""input"": ""sv"", ""classification"": ""full_language"", ""canonical"": ""sv"", ""name"": ""Swedish""}]","{""en"": 1}",en,deal,noun,8860,del,,,,,,,,,,,,,,,,
ddo,1,full_language,,ddo,false,Tsez,,,,[],[],"{""la"": 1}",la,fungus,noun,1516,зикӀу,,,,,,,,,,,,,,,,
"de, nl",1,multiple_languages,,,false,,,,,[],"[{""input"": ""de"", ""classification"": ""full_language"", ""canonical"": ""de"", ""name"": ""German""}, {""input"": ""nl"", ""classification"": ""full_language"", ""canonical"": ""nl"", ""name"": ""Dutch""}]","{""eo"": 1}",eo,nu,intj,6,nu,,,,,,,,,,,,,,,,
"de,en",1,multiple_languages,,,false,,,,,[],"[{""input"": ""de"", ""classification"": ""full_language"", ""canonical"": ""de"", ""name"": ""German""}, {""input"": ""en"", ""classification"": ""full_language"", ""canonical"": ""en"", ""name"": ""English""}]","{""it"": 1}",it,Emilio,name,17683,Emil,,,,,,,,,,,,,,,,
"de,it",1,multiple_languages,,,false,,,,,[],"[{""input"": ""de"", ""classification"": ""full_language"", ""canonical"": ""de"", ""name"": ""German""}, {""input"": ""it"", ""classification"": ""full_language"", ""canonical"": ""it"", ""name"": ""Italian""}]","{""en"": 1}",en,Carla,name,242181,Carla,,,,,,,,,,,,,,,,
"de,it,pl",1,multiple_languages,,,false,,,,,[],"[{""input"": ""de"", ""classification"": ""full_language"", ""canonical"": ""de"", ""name"": ""German""}, {""input"": ""it"", ""classification"": ""full_language"", ""canonical"": ""it"", ""name"": ""Italian""}, {""input"": ""pl"", ""classification"": ""full_language"", ""canonical"": ""pl"", ""name"": ""Polish""}]","{""eo"": 1}",eo,Eŭropo,name,7047,Europa,,,,,,,,,,,,,,,,
"de,la,pl",1,multiple_languages,,,false,,,,,[],"[{""input"": ""de"", ""classification"": ""full_language"", ""canonical"": ""de"", ""name"": ""German""}, {""input"": ""la"", ""classification"": ""full_language"", ""canonical"": ""la"", ""name"": ""Latin""}, {""input"": ""pl"", ""classification"": ""full_language"", ""canonical"": ""pl"", ""name"": ""Polish""}]","{""eo"": 1}",eo,Kenjo,name,4177,Kenia,,,,,,,,,,,,,,,,
"de,lb,wym",1,multiple_languages,,,false,,,,,[],"[{""input"": ""de"", ""classification"": ""full_language"", ""canonical"": ""de"", ""name"": ""German""}, {""input"": ""lb"", ""classification"": ""full_language"", ""canonical"": ""lb"", ""name"": ""Luxembourgish""}, {""input"": ""wym"", ""classification"": ""full_language"", ""canonical"": ""wym"", ""name"": ""Vilamovian""}]","{""en"": 1}",en,or,conj,362,oder,,,,,,,,,,,,,,,,
"de,mhn",1,multiple_languages,,,false,,,,,[],"[{""input"": ""de"", ""classification"": ""full_language"", ""canonical"": ""de"", ""name"": ""German""}, {""input"": ""mhn"", ""classification"": ""full_language"", ""canonical"": ""mhn"", ""name"": ""Mòcheno""}]","{""en"": 1}",en,drink,verb,27252,trinken,,,,,,,,,,,,,,,,
deh,1,full_language,,deh,false,Dehwari,,,,[],[],"{""en"": 1}",en,Dehwari,name,1319281,دهواری,,,,,,,,,,,,,,,,
dep,1,full_language,,dep,false,Pidgin Delaware,,,,[],[],"{""en"": 1}",en,manitou,noun,416315,Manétto,,,,,,,,,,,,,,,,
"dlm,vec",1,multiple_languages,,,false,,,,,[],"[{""input"": ""dlm"", ""classification"": ""full_language"", ""canonical"": ""dlm"", ""name"": ""Dalmatian""}, {""input"": ""vec"", ""classification"": ""full_language"", ""canonical"": ""vec"", ""name"": ""Venetan""}]","{""ro"": 1}",ro,bură,noun,39318,bura,,,,,,,,,,,,,,,,
dma,1,full_language,,dma,false,Duma,,,,[],[],"{""en"": 1}",en,moabi,noun,730558,muyabi,,,,,,,,,,,,,,,,
dmn,1,family,,dmn,false,Mande,,,,[],[],"{""en"": 1}",en,gris-gris,noun,426101,gerregery,,,,,,,,,,,,,,,,
dng,1,full_language,,dng,false,Dungan,,,,[],[],"{""ru"": 1}",ru,фунчоза,noun,222530,фынтёзы,,,,,,,,,,,,,,,,
dnk,1,full_language,,dnk,false,Dengka,,,,[],[],"{""id"": 1}",id,bisak,noun,30089,bisak,,,,,,,,,,,,,,,,
drg,1,full_language,,drg,false,Rungus,,,,[],[],"{""en"": 1}",en,Kudat,name,1434948,kutad,,,,,,,,,,,,,,,,
drl,1,full_language,,drl,false,Baagandji,,,,[],[],"{""en"": 1}",en,kopi,noun,442516,kopi,,,,,,,,,,,,,,,,
dru,1,full_language,,dru,false,Rukai,,,,[],[],"{""en"": 1}",en,taoke,noun,1444061,tawki,,,,,,,,,,,,,,,,
dso,1,full_language,,dso,false,Desiya,,,,[],[],"{""en"": 1}",en,Desia,noun,1383152,ଦେଶିଆ,,,,,,,,,,,,,,,,
dta,1,full_language,,dta,false,Daur,,,,[],[],"{""en"": 1}",en,Daur,noun,565978,daur,,,,,,,,,,,,,,,,
dtr,1,full_language,,dtr,false,Lotud,,,,[],[],"{""id"": 1}",id,lamin,noun,24290,lamin,,,,,,,,,,,,,,,,
duo,1,full_language,,duo,false,Dupaningan Agta,,,,[],[],"{""id"": 1}",id,along,noun,17253,along,,,,,,,,,,,,,,,,
dwu,1,full_language,,dwu,false,Dhuwal,,,,[],[],"{""en"": 1}",en,balanda,noun,660348,balanda,,,,,,,,,,,,,,,,
eee,1,full_language,,eee,false,E,,,,[],[],"{""en"": 1}",en,E,name,9976,ɛ⁵⁵,,,,,,,,,,,,,,,,
"egl,rgn",1,multiple_languages,,,false,,,,,[],"[{""input"": ""egl"", ""classification"": ""full_language"", ""canonical"": ""egl"", ""name"": ""Emilian""}, {""input"": ""rgn"", ""classification"": ""full_language"", ""canonical"": ""rgn"", ""name"": ""Romagnol""}]","{""it"": 1}",it,luglio,noun,1792,lój,,,,,,,,,,,,,,,,
eme,1,full_language,,eme,false,Emerillon,,,,[],[],"{""en"": 1}",en,aimara,noun,727848,taɾeʔiɾ,,,,,,,,,,,,,,,,
emy,1,full_language,,emy,false,Epigraphic Mayan,,,,[],[],"{""es"": 1}",es,Chan,name,19811,chan,,,,,,,,,,,,,,,,
"en,fr,de,pl,es",1,multiple_languages,,,false,,,,,[],"[{""input"": ""en"", ""classification"": ""full_language"", ""canonical"": ""en"", ""name"": ""English""}, {""input"": ""fr"", ""classification"": ""full_language"", ""canonical"": ""fr"", ""name"": ""French""}, {""input"": ""de"", ""classification"": ""full_language"", ""canonical"": ""de"", ""name"": ""German""}, {""input"": ""pl"", ""classification"": ""full_language"", ""canonical"": ""pl"", ""name"": ""Polish""}, {""input"": ""es"", ""classification"": ""full_language"", ""canonical"": ""es"", ""name"": ""Spanish""}]","{""eo"": 1}",eo,re-,prefix,361,re-,,,,,,,,,,,,,,,,
"en,fr,it,es",1,multiple_languages,,,false,,,,,[],"[{""input"": ""en"", ""classification"": ""full_language"", ""canonical"": ""en"", ""name"": ""English""}, {""input"": ""fr"", ""classification"": ""full_language"", ""canonical"": ""fr"", ""name"": ""French""}, {""input"": ""it"", ""classification"": ""full_language"", ""canonical"": ""it"", ""name"": ""Italian""}, {""input"": ""es"", ""classification"": ""full_language"", ""canonical"": ""es"", ""name"": ""Spanish""}]","{""eo"": 1}",eo,eks-,prefix,834,ex-,,,,,,,,,,,,,,,,
"en,frm",1,multiple_languages,,,false,,,,,[],"[{""input"": ""en"", ""classification"": ""full_language"", ""canonical"": ""en"", ""name"": ""English""}, {""input"": ""frm"", ""classification"": ""full_language"", ""canonical"": ""frm"", ""name"": ""Middle French""}]","{""fr"": 1}",fr,noirette,noun,390313,noirette,,,,,,,,,,,,,,,,
"en,it",1,multiple_languages,,,false,,,,,[],"[{""input"": ""en"", ""classification"": ""full_language"", ""canonical"": ""en"", ""name"": ""English""}, {""input"": ""it"", ""classification"": ""full_language"", ""canonical"": ""it"", ""name"": ""Italian""}]","{""de"": 1}",de,Kupʼjansʹk,name,361970,Kupʺjansʹk,,,,,,,,,,,,,,,,
"en,it,de",1,multiple_languages,,,false,,,,,[],"[{""input"": ""en"", ""classification"": ""full_language"", ""canonical"": ""en"", ""name"": ""English""}, {""input"": ""it"", ""classification"": ""full_language"", ""canonical"": ""it"", ""name"": ""Italian""}, {""input"": ""de"", ""classification"": ""full_language"", ""canonical"": ""de"", ""name"": ""German""}]","{""eo"": 1}",eo,en,prep,10,in,,,,,,,,,,,,,,,,
"en,it,es",1,multiple_languages,,,false,,,,,[],"[{""input"": ""en"", ""classification"": ""full_language"", ""canonical"": ""en"", ""name"": ""English""}, {""input"": ""it"", ""classification"": ""full_language"", ""canonical"": ""it"", ""name"": ""Italian""}, {""input"": ""es"", ""classification"": ""full_language"", ""canonical"": ""es"", ""name"": ""Spanish""}]","{""eo"": 1}",eo,ne,particle,179,no,,,,,,,,,,,,,,,,
"en,it,pl",1,multiple_languages,,,false,,,,,[],"[{""input"": ""en"", ""classification"": ""full_language"", ""canonical"": ""en"", ""name"": ""English""}, {""input"": ""it"", ""classification"": ""full_language"", ""canonical"": ""it"", ""name"": ""Italian""}, {""input"": ""pl"", ""classification"": ""full_language"", ""canonical"": ""pl"", ""name"": ""Polish""}]","{""eo"": 1}",eo,opero,noun,258,opera,,,,,,,,,,,,,,,,
en-CA,1,etymology_only,supported,en-CA,false,Canadian English,en-US,en,English,"[""en-CA"", ""en-US"", ""en-NNN"", ""en""]",[],"{""nb"": 1}",nb,Egypt,name,6185,Egypt,,,,,,,,,,,,,,,,
en-ZA,1,etymology_only,supported,en-ZA,false,South African English,en,en,English,"[""en-ZA"", ""en""]",[],"{""nb"": 1}",nb,Egypt,name,6188,Egypt,,,,,,,,,,,,,,,,
enh,1,full_language,,enh,false,Tundra Enets,,,,[],[],"{""hu"": 1}",hu,nyúl,noun,6337,наба,,,,,,,,,,,,,,,,
"es,an",1,multiple_languages,,,false,,,,,[],"[{""input"": ""es"", ""classification"": ""full_language"", ""canonical"": ""es"", ""name"": ""Spanish""}, {""input"": ""an"", ""classification"": ""full_language"", ""canonical"": ""an"", ""name"": ""Aragonese""}]","{""pt"": 1}",pt,manteiga,noun,15811,manteca,,,,,,,,,,,,,,,,
"es,ca,it",1,multiple_languages,,,false,,,,,[],"[{""input"": ""es"", ""classification"": ""full_language"", ""canonical"": ""es"", ""name"": ""Spanish""}, {""input"": ""ca"", ""classification"": ""full_language"", ""canonical"": ""ca"", ""name"": ""Catalan""}, {""input"": ""it"", ""classification"": ""full_language"", ""canonical"": ""it"", ""name"": ""Italian""}]","{""pt"": 1}",pt,candeia,noun,68123,candela,,,,,,,,,,,,,,,,
"es,ca,it,oc",1,multiple_languages,,,false,,,,,[],"[{""input"": ""es"", ""classification"": ""full_language"", ""canonical"": ""es"", ""name"": ""Spanish""}, {""input"": ""ca"", ""classification"": ""full_language"", ""canonical"": ""ca"", ""name"": ""Catalan""}, {""input"": ""it"", ""classification"": ""full_language"", ""canonical"": ""it"", ""name"": ""Italian""}, {""input"": ""oc"", ""classification"": ""full_language"", ""canonical"": ""oc"", ""name"": ""Occitan""}]","{""pt"": 1}",pt,á,noun,5222,ala,,,,,,,,,,,,,,,,
"es,ca,oc",1,multiple_languages,,,false,,,,,[],"[{""input"": ""es"", ""classification"": ""full_language"", ""canonical"": ""es"", ""name"": ""Spanish""}, {""input"": ""ca"", ""classification"": ""full_language"", ""canonical"": ""ca"", ""name"": ""Catalan""}, {""input"": ""oc"", ""classification"": ""full_language"", ""canonical"": ""oc"", ""name"": ""Occitan""}]","{""pt"": 1}",pt,moeda,noun,7318,moneda,,,,,,,,,,,,,,,,
"es,ca,pt",1,multiple_languages,,,false,,,,,[],"[{""input"": ""es"", ""classification"": ""full_language"", ""canonical"": ""es"", ""name"": ""Spanish""}, {""input"": ""ca"", ""classification"": ""full_language"", ""canonical"": ""ca"", ""name"": ""Catalan""}, {""input"": ""pt"", ""classification"": ""full_language"", ""canonical"": ""pt"", ""name"": ""Portuguese""}]","{""it"": 1}",it,smentire,verb,36099,desmentir,,,,,,,,,,,,,,,,
"es,fr",1,multiple_languages,,,false,,,,,[],"[{""input"": ""es"", ""classification"": ""full_language"", ""canonical"": ""es"", ""name"": ""Spanish""}, {""input"": ""fr"", ""classification"": ""full_language"", ""canonical"": ""fr"", ""name"": ""French""}]","{""ro"": 1}",ro,-i,suffix,115,-ir,,,,,,,,,,,,,,,,
"es,gl,ast",1,multiple_languages,,,false,,,,,[],"[{""input"": ""es"", ""classification"": ""full_language"", ""canonical"": ""es"", ""name"": ""Spanish""}, {""input"": ""gl"", ""classification"": ""full_language"", ""canonical"": ""gl"", ""name"": ""Galician""}, {""input"": ""ast"", ""classification"": ""full_language"", ""canonical"": ""ast"", ""name"": ""Asturian""}]","{""en"": 1}",en,standarization,noun,1475343,estandarización,,,,,,,,,,,,,,,,
"es,gl,ca",1,multiple_languages,,,false,,,,,[],"[{""input"": ""es"", ""classification"": ""full_language"", ""canonical"": ""es"", ""name"": ""Spanish""}, {""input"": ""gl"", ""classification"": ""full_language"", ""canonical"": ""gl"", ""name"": ""Galician""}, {""input"": ""ca"", ""classification"": ""full_language"", ""canonical"": ""ca"", ""name"": ""Catalan""}]","{""pt"": 1}",pt,embriagar,verb,72376,embriagar,,,,,,,,,,,,,,,,
"es,gl,ca,oc",1,multiple_languages,,,false,,,,,[],"[{""input"": ""es"", ""classification"": ""full_language"", ""canonical"": ""es"", ""name"": ""Spanish""}, {""input"": ""gl"", ""classification"": ""full_language"", ""canonical"": ""gl"", ""name"": ""Galician""}, {""input"": ""ca"", ""classification"": ""full_language"", ""canonical"": ""ca"", ""name"": ""Catalan""}, {""input"": ""oc"", ""classification"": ""full_language"", ""canonical"": ""oc"", ""name"": ""Occitan""}]","{""pt"": 1}",pt,trocar,verb,6754,trocar,,,,,,,,,,,,,,,,
"es,gl,pt,es",1,multiple_languages,,,false,,,,,[],"[{""input"": ""es"", ""classification"": ""full_language"", ""canonical"": ""es"", ""name"": ""Spanish""}, {""input"": ""gl"", ""classification"": ""full_language"", ""canonical"": ""gl"", ""name"": ""Galician""}, {""input"": ""pt"", ""classification"": ""full_language"", ""canonical"": ""pt"", ""name"": ""Portuguese""}, {""input"": ""es"", ""classification"": ""full_language"", ""canonical"": ""es"", ""name"": ""Spanish""}]","{""en"": 1}",en,modificate,verb,677867,modificar,,,,,,,,,,,,,,,,
"es,it,ca",1,multiple_languages,,,false,,,,,[],"[{""input"": ""es"", ""classification"": ""full_language"", ""canonical"": ""es"", ""name"": ""Spanish""}, {""input"": ""it"", ""classification"": ""full_language"", ""canonical"": ""it"", ""name"": ""Italian""}, {""input"": ""ca"", ""classification"": ""full_language"", ""canonical"": ""ca"", ""name"": ""Catalan""}]","{""pt"": 1}",pt,coisa,noun,380,cosa,,,,,,,,,,,,,,,,
"es,it,oc",1,multiple_languages,,,false,,,,,[],"[{""input"": ""es"", ""classification"": ""full_language"", ""canonical"": ""es"", ""name"": ""Spanish""}, {""input"": ""it"", ""classification"": ""full_language"", ""canonical"": ""it"", ""name"": ""Italian""}, {""input"": ""oc"", ""classification"": ""full_language"", ""canonical"": ""oc"", ""name"": ""Occitan""}]","{""pt"": 1}",pt,lua,noun,4621,luna,,,,,,,,,,,,,,,,
"es,it,pt",1,multiple_languages,,,false,,,,,[],"[{""input"": ""es"", ""classification"": ""full_language"", ""canonical"": ""es"", ""name"": ""Spanish""}, {""input"": ""it"", ""classification"": ""full_language"", ""canonical"": ""it"", ""name"": ""Italian""}, {""input"": ""pt"", ""classification"": ""full_language"", ""canonical"": ""pt"", ""name"": ""Portuguese""}]","{""en"": 1}",en,autogoal,noun,756537,autogol,,,,,,,,,,,,,,,,
"es,it,ro",1,multiple_languages,,,false,,,,,[],"[{""input"": ""es"", ""classification"": ""full_language"", ""canonical"": ""es"", ""name"": ""Spanish""}, {""input"": ""it"", ""classification"": ""full_language"", ""canonical"": ""it"", ""name"": ""Italian""}, {""input"": ""ro"", ""classification"": ""full_language"", ""canonical"": ""ro"", ""name"": ""Romanian""}]","{""pt"": 1}",pt,carne,noun,4873,carne,,,,,,,,,,,,,,,,
"es,la",1,multiple_languages,,,false,,,,,[],"[{""input"": ""es"", ""classification"": ""full_language"", ""canonical"": ""es"", ""name"": ""Spanish""}, {""input"": ""la"", ""classification"": ""full_language"", ""canonical"": ""la"", ""name"": ""Latin""}]","{""eo"": 1}",eo,figuro,noun,2890,figura,,,,,,,,,,,,,,,,
"es,oc",1,multiple_languages,,,false,,,,,[],"[{""input"": ""es"", ""classification"": ""full_language"", ""canonical"": ""es"", ""name"": ""Spanish""}, {""input"": ""oc"", ""classification"": ""full_language"", ""canonical"": ""oc"", ""name"": ""Occitan""}]","{""it"": 1}",it,incatenare,verb,99933,encadenar,,,,,,,,,,,,,,,,
"es,pt,ca,oc",1,multiple_languages,,,false,,,,,[],"[{""input"": ""es"", ""classification"": ""full_language"", ""canonical"": ""es"", ""name"": ""Spanish""}, {""input"": ""pt"", ""classification"": ""full_language"", ""canonical"": ""pt"", ""name"": ""Portuguese""}, {""input"": ""ca"", ""classification"": ""full_language"", ""canonical"": ""ca"", ""name"": ""Catalan""}, {""input"": ""oc"", ""classification"": ""full_language"", ""canonical"": ""oc"", ""name"": ""Occitan""}]","{""gl"": 1}",gl,trocar,verb,20944,trocar,,,,,,,,,,,,,,,,
"es,pt,ca,sc",1,multiple_languages,,,false,,,,,[],"[{""input"": ""es"", ""classification"": ""full_language"", ""canonical"": ""es"", ""name"": ""Spanish""}, {""input"": ""pt"", ""classification"": ""full_language"", ""canonical"": ""pt"", ""name"": ""Portuguese""}, {""input"": ""ca"", ""classification"": ""full_language"", ""canonical"": ""ca"", ""name"": ""Catalan""}, {""input"": ""sc"", ""classification"": ""full_language"", ""canonical"": ""sc"", ""name"": ""Sardinian""}]","{""it"": 1}",it,offerta,noun,4415,oferta,,,,,,,,,,,,,,,,
"es,pt,gl",1,multiple_languages,,,false,,,,,[],"[{""input"": ""es"", ""classification"": ""full_language"", ""canonical"": ""es"", ""name"": ""Spanish""}, {""input"": ""pt"", ""classification"": ""full_language"", ""canonical"": ""pt"", ""name"": ""Portuguese""}, {""input"": ""gl"", ""classification"": ""full_language"", ""canonical"": ""gl"", ""name"": ""Galician""}]","{""ca"": 1}",ca,dígit,noun,42112,dedo,,,,,,,,,,,,,,,,
es-BO,1,etymology_only,supported,es-BO,false,Bolivian Spanish,es,es,Spanish,"[""es-BO"", ""es""]",[],"{""id"": 1}",id,acaca,noun,36297,achachairú,,,,,,,,,,,,,,,,
"es-ear,pt",1,multiple_languages,,,false,,,,,[],"[{""input"": ""es-ear"", ""name"": ""Early Modern Spanish"", ""parent"": ""es"", ""root"": ""es"", ""chain"": [""es-ear"", ""es""], ""section"": ""Spanish"", ""classification"": ""etymology_only"", ""routing_classification"": ""supported"", ""canonical"": ""es-ear""}, {""input"": ""pt"", ""classification"": ""full_language"", ""canonical"": ""pt"", ""name"": ""Portuguese""}]","{""en"": 1}",en,alguazil,noun,819221,alguazil,,,,,,,,,,,,,,,,
ess,1,full_language,,ess,false,Central Siberian Yupik,,,,[],[],"{""nb"": 1}",nb,angakok,noun,59447,angaɫkuq,,,,,,,,,,,,,,,,
"et,liv,vep",1,multiple_languages,,,false,,,,,[],"[{""input"": ""et"", ""classification"": ""full_language"", ""canonical"": ""et"", ""name"": ""Estonian""}, {""input"": ""liv"", ""classification"": ""full_language"", ""canonical"": ""liv"", ""name"": ""Livonian""}, {""input"": ""vep"", ""classification"": ""full_language"", ""canonical"": ""vep"", ""name"": ""Veps""}]","{""fi"": 1}",fi,kurkku,noun,12732,kurk,,,,,,,,,,,,,,,,
eya,1,full_language,,eya,false,Eyak,,,,[],[],"{""en"": 1}",en,Yakutat,name,518333,diyaʼqudaʼt,,,,,,,,,,,,,,,,
"fax,ast",1,multiple_languages,,,false,,,,,[],"[{""input"": ""fax"", ""classification"": ""full_language"", ""canonical"": ""fax"", ""name"": ""Fala""}, {""input"": ""ast"", ""classification"": ""full_language"", ""canonical"": ""ast"", ""name"": ""Asturian""}]","{""gl"": 1}",gl,fariña,noun,50249,fariña,,,,,,,,,,,,,,,,
"fax,pt,es",1,multiple_languages,,,false,,,,,[],"[{""input"": ""fax"", ""classification"": ""full_language"", ""canonical"": ""fax"", ""name"": ""Fala""}, {""input"": ""pt"", ""classification"": ""full_language"", ""canonical"": ""pt"", ""name"": ""Portuguese""}, {""input"": ""es"", ""classification"": ""full_language"", ""canonical"": ""es"", ""name"": ""Spanish""}]","{""gl"": 1}",gl,Santiago,name,4333,Santiago,,,,,,,,,,,,,,,,
"fi,izh",1,multiple_languages,,,false,,,,,[],"[{""input"": ""fi"", ""classification"": ""full_language"", ""canonical"": ""fi"", ""name"": ""Finnish""}, {""input"": ""izh"", ""classification"": ""full_language"", ""canonical"": ""izh"", ""name"": ""Ingrian""}]","{""en"": 1}",en,leek,noun,340441,laukka,,,,,,,,,,,,,,,,
fng,1,full_language,,fng,false,Fanagalo,,,,[],[],"{""en"": 1}",en,aikona,intj,1053919,aikona,,,,,,,,,,,,,,,,
"fo,nn",1,multiple_languages,,,false,,,,,[],"[{""input"": ""fo"", ""classification"": ""full_language"", ""canonical"": ""fo"", ""name"": ""Faroese""}, {""input"": ""nn"", ""classification"": ""full_language"", ""canonical"": ""nn"", ""name"": ""Norwegian Nynorsk""}]","{""en"": 1}",en,rope,noun,129450,reip,,,,,,,,,,,,,,,,
fpe,1,full_language,,fpe,false,Pichinglis,,,,[],[],"{""en"": 1}",en,Pichinglis,name,1308278,Pichinglis,,,,,,,,,,,,,,,,
"fr,ca",1,multiple_languages,,,false,,,,,[],"[{""input"": ""fr"", ""classification"": ""full_language"", ""canonical"": ""fr"", ""name"": ""French""}, {""input"": ""ca"", ""classification"": ""full_language"", ""canonical"": ""ca"", ""name"": ""Catalan""}]","{""pt"": 1}",pt,verdete,noun,138235,verdet,,,,,,,,,,,,,,,,
"fr,ca,es",1,multiple_languages,,,false,,,,,[],"[{""input"": ""fr"", ""classification"": ""full_language"", ""canonical"": ""fr"", ""name"": ""French""}, {""input"": ""ca"", ""classification"": ""full_language"", ""canonical"": ""ca"", ""name"": ""Catalan""}, {""input"": ""es"", ""classification"": ""full_language"", ""canonical"": ""es"", ""name"": ""Spanish""}]","{""it"": 1}",it,disponibile,adj,4959,disponible,,,,,,,,,,,,,,,,
"fr,de",1,multiple_languages,,,false,,,,,[],"[{""input"": ""fr"", ""classification"": ""full_language"", ""canonical"": ""fr"", ""name"": ""French""}, {""input"": ""de"", ""classification"": ""full_language"", ""canonical"": ""de"", ""name"": ""German""}]","{""el"": 1}",el,ιστο-,prefix,81328,histo-,,,,,,,,,,,,,,,,
"fr,de,nl,no,da",1,multiple_languages,,,false,,,,,[],"[{""input"": ""fr"", ""classification"": ""full_language"", ""canonical"": ""fr"", ""name"": ""French""}, {""input"": ""de"", ""classification"": ""full_language"", ""canonical"": ""de"", ""name"": ""German""}, {""input"": ""nl"", ""classification"": ""full_language"", ""canonical"": ""nl"", ""name"": ""Dutch""}, {""input"": ""no"", ""classification"": ""full_language"", ""canonical"": ""no"", ""name"": ""Norwegian""}, {""input"": ""da"", ""classification"": ""full_language"", ""canonical"": ""da"", ""name"": ""Danish""}]","{""en"": 1}",en,Mathilde,name,372811,Mathilde,,,,,,,,,,,,,,,,
"fr,en,ca",1,multiple_languages,,,false,,,,,[],"[{""input"": ""fr"", ""classification"": ""full_language"", ""canonical"": ""fr"", ""name"": ""French""}, {""input"": ""en"", ""classification"": ""full_language"", ""canonical"": ""en"", ""name"": ""English""}, {""input"": ""ca"", ""classification"": ""full_language"", ""canonical"": ""ca"", ""name"": ""Catalan""}]","{""eo"": 1}",eo,centro,noun,1304,centre,,,,,,,,,,,,,,,,
"fr,fro",1,multiple_languages,,,false,,,,,[],"[{""input"": ""fr"", ""classification"": ""full_language"", ""canonical"": ""fr"", ""name"": ""French""}, {""input"": ""fro"", ""classification"": ""full_language"", ""canonical"": ""fro"", ""name"": ""Old French""}]","{""cs"": 1}",cs,diamant,noun,11621,diamant,,,,,,,,,,,,,,,,
"fr,it, oc",1,multiple_languages,,,false,,,,,[],"[{""input"": ""fr"", ""classification"": ""full_language"", ""canonical"": ""fr"", ""name"": ""French""}, {""input"": ""it"", ""classification"": ""full_language"", ""canonical"": ""it"", ""name"": ""Italian""}, {""input"": ""oc"", ""classification"": ""full_language"", ""canonical"": ""oc"", ""name"": ""Occitan""}]","{""eo"": 1}",eo,diri,verb,114916,dire,,,,,,,,,,,,,,,,
"fr,it,pt,es",1,multiple_languages,,,false,,,,,[],"[{""input"": ""fr"", ""classification"": ""full_language"", ""canonical"": ""fr"", ""name"": ""French""}, {""input"": ""it"", ""classification"": ""full_language"", ""canonical"": ""it"", ""name"": ""Italian""}, {""input"": ""pt"", ""classification"": ""full_language"", ""canonical"": ""pt"", ""name"": ""Portuguese""}, {""input"": ""es"", ""classification"": ""full_language"", ""canonical"": ""es"", ""name"": ""Spanish""}]","{""en"": 1}",en,Clotilde,name,470904,Clotilde,,,,,,,,,,,,,,,,
"fr,oc,ca",1,multiple_languages,,,false,,,,,[],"[{""input"": ""fr"", ""classification"": ""full_language"", ""canonical"": ""fr"", ""name"": ""French""}, {""input"": ""oc"", ""classification"": ""full_language"", ""canonical"": ""oc"", ""name"": ""Occitan""}, {""input"": ""ca"", ""classification"": ""full_language"", ""canonical"": ""ca"", ""name"": ""Catalan""}]","{""eo"": 1}",eo,ĉar,conj,1027,car,,,,,,,,,,,,,,,,
fr-mis,1,etymology_only,supported,fr-mis,false,Missouri French,fr,fr,French,"[""fr-mis"", ""fr""]",[],"{""fr"": 1}",fr,brème,noun,96322,brindgème,,,,,,,,,,,,,,,,
frd,1,full_language,,frd,false,Fordata,,,,[],[],"{""en"": 1}",en,Ambon,name,497844,Yabun,,,,,,,,,,,,,,,,
"fro,enm",1,multiple_languages,,,false,,,,,[],"[{""input"": ""fro"", ""classification"": ""full_language"", ""canonical"": ""fro"", ""name"": ""Old French""}, {""input"": ""enm"", ""classification"": ""full_language"", ""canonical"": ""enm"", ""name"": ""Middle English""}]","{""en"": 1}",en,Pentecost,name,345416,Pentecost,,,,,,,,,,,,,,,,
"fro,frm",1,multiple_languages,,,false,,,,,[],"[{""input"": ""fro"", ""classification"": ""full_language"", ""canonical"": ""fro"", ""name"": ""Old French""}, {""input"": ""frm"", ""classification"": ""full_language"", ""canonical"": ""frm"", ""name"": ""Middle French""}]","{""fr"": 1}",fr,far,noun,32101,far,,,,,,,,,,,,,,,,
"frp,oc",1,multiple_languages,,,false,,,,,[],"[{""input"": ""frp"", ""classification"": ""full_language"", ""canonical"": ""frp"", ""name"": ""Franco-Provençal""}, {""input"": ""oc"", ""classification"": ""full_language"", ""canonical"": ""oc"", ""name"": ""Occitan""}]","{""fr"": 1}",fr,terre,noun,1851,tèrra,,,,,,,,,,,,,,,,
fud,1,full_language,,fud,false,East Futuna,,,,[],[],"{""en"": 1}",en,Futuna,name,495947,Futuna,,,,,,,,,,,,,,,,
"fur,it,pt,es",1,multiple_languages,,,false,,,,,[],"[{""input"": ""fur"", ""classification"": ""full_language"", ""canonical"": ""fur"", ""name"": ""Friulian""}, {""input"": ""it"", ""classification"": ""full_language"", ""canonical"": ""it"", ""name"": ""Italian""}, {""input"": ""pt"", ""classification"": ""full_language"", ""canonical"": ""pt"", ""name"": ""Portuguese""}, {""input"": ""es"", ""classification"": ""full_language"", ""canonical"": ""es"", ""name"": ""Spanish""}]","{""fr"": 1}",fr,convive,noun,77948,convivio,,,,,,,,,,,,,,,,
"fur,lmo",1,multiple_languages,,,false,,,,,[],"[{""input"": ""fur"", ""classification"": ""full_language"", ""canonical"": ""fur"", ""name"": ""Friulian""}, {""input"": ""lmo"", ""classification"": ""full_language"", ""canonical"": ""lmo"", ""name"": ""Lombard""}]","{""it"": 1}",it,riferimento,noun,3136,riferiment,,,,,,,,,,,,,,,,
"fy,li",1,multiple_languages,,,false,,,,,[],"[{""input"": ""fy"", ""classification"": ""full_language"", ""canonical"": ""fy"", ""name"": ""West Frisian""}, {""input"": ""li"", ""classification"": ""full_language"", ""canonical"": ""li"", ""name"": ""Limburgish""}]","{""en"": 1}",en,bloom,noun,152455,blom,,,,,,,,,,,,,,,,
"fy,nl,de",1,multiple_languages,,,false,,,,,[],"[{""input"": ""fy"", ""classification"": ""full_language"", ""canonical"": ""fy"", ""name"": ""West Frisian""}, {""input"": ""nl"", ""classification"": ""full_language"", ""canonical"": ""nl"", ""name"": ""Dutch""}, {""input"": ""de"", ""classification"": ""full_language"", ""canonical"": ""de"", ""name"": ""German""}]","{""en"": 1}",en,own,adj,2872,eigen,,,,,,,,,,,,,,,,
"gag, az",1,multiple_languages,,,false,,,,,[],"[{""input"": ""gag"", ""classification"": ""full_language"", ""canonical"": ""gag"", ""name"": ""Gagauz""}, {""input"": ""az"", ""classification"": ""full_language"", ""canonical"": ""az"", ""name"": ""Azerbaijani""}]","{""tr"": 1}",tr,çimdik,noun,32723,çimdik,,,,,,,,,,,,,,,,
"gag, tk",1,multiple_languages,,,false,,,,,[],"[{""input"": ""gag"", ""classification"": ""full_language"", ""canonical"": ""gag"", ""name"": ""Gagauz""}, {""input"": ""tk"", ""classification"": ""full_language"", ""canonical"": ""tk"", ""name"": ""Turkmen""}]","{""tr"": 1}",tr,demir,noun,1830,demir,,,,,,,,,,,,,,,,
"gag,tk",1,multiple_languages,,,false,,,,,[],"[{""input"": ""gag"", ""classification"": ""full_language"", ""canonical"": ""gag"", ""name"": ""Gagauz""}, {""input"": ""tk"", ""classification"": ""full_language"", ""canonical"": ""tk"", ""name"": ""Turkmen""}]","{""tr"": 1}",tr,tat,noun,7987,dat,,,,,,,,,,,,,,,,
gcr,1,full_language,,gcr,false,Guianese Creole,,,,[],[],"{""fr"": 1}",fr,sassa,noun,146293,sassa,,,,,,,,,,,,,,,,
"gd,ga",1,multiple_languages,,,false,,,,,[],"[{""input"": ""gd"", ""classification"": ""full_language"", ""canonical"": ""gd"", ""name"": ""Scottish Gaelic""}, {""input"": ""ga"", ""classification"": ""full_language"", ""canonical"": ""ga"", ""name"": ""Irish""}]","{""en"": 1}",en,McCormick,name,285818,Mac Cormaic,,,,,,,,,,,,,,,,
gdx,1,full_language,,gdx,false,Godwari,,,,[],[],"{""en"": 1}",en,Godwari,name,1319320,गोडवाड़ी,,,,,,,,,,,,,,,,
ggg,1,full_language,,ggg,false,Gurgula,,,,[],[],"{""en"": 1}",en,Gurgula,name,1319392,گرگولا,,,,,,,,,,,,,,,,
gho,1,full_language,,gho,false,Ghomara,,,,[],[],"{""en"": 1}",en,Tétouan,name,1352387,tiṭṭawan,,,,,,,,,,,,,,,,
gig,1,full_language,,gig,false,Goaria,,,,[],[],"{""en"": 1}",en,Goaria,name,1319289,گوريا,,,,,,,,,,,,,,,,
gjk,1,full_language,,gjk,false,Kachi Koli,,,,[],[],"{""en"": 1}",en,Kachi Koli,name,596165,ڪڇي ڪولي,,,,,,,,,,,,,,,,
gkd,1,full_language,,gkd,false,Magi,,,,[],[],"{""en"": 1}",en,Magɨ,name,1409588,magɨ,,,,,,,,,,,,,,,,
"gl, pt",1,multiple_languages,,,false,,,,,[],"[{""input"": ""gl"", ""classification"": ""full_language"", ""canonical"": ""gl"", ""name"": ""Galician""}, {""input"": ""pt"", ""classification"": ""full_language"", ""canonical"": ""pt"", ""name"": ""Portuguese""}]","{""es"": 1}",es,marisco,noun,54911,marisco,,,,,,,,,,,,,,,,
"gl,ast,roa-leo,es",1,multiple_languages,,,false,,,,,[],"[{""input"": ""gl"", ""classification"": ""full_language"", ""canonical"": ""gl"", ""name"": ""Galician""}, {""input"": ""ast"", ""classification"": ""full_language"", ""canonical"": ""ast"", ""name"": ""Asturian""}, {""input"": ""roa-leo"", ""classification"": ""full_language"", ""canonical"": ""roa-leo"", ""name"": ""Leonese""}, {""input"": ""es"", ""classification"": ""full_language"", ""canonical"": ""es"", ""name"": ""Spanish""}]","{""pt"": 1}",pt,pão,noun,5415,pan,,,,,,,,,,,,,,,,
"gl,ca",1,multiple_languages,,,false,,,,,[],"[{""input"": ""gl"", ""classification"": ""full_language"", ""canonical"": ""gl"", ""name"": ""Galician""}, {""input"": ""ca"", ""classification"": ""full_language"", ""canonical"": ""ca"", ""name"": ""Catalan""}]","{""pt"": 1}",pt,encetar,verb,96338,encetar,,,,,,,,,,,,,,,,
"gl,ca,oc",1,multiple_languages,,,false,,,,,[],"[{""input"": ""gl"", ""classification"": ""full_language"", ""canonical"": ""gl"", ""name"": ""Galician""}, {""input"": ""ca"", ""classification"": ""full_language"", ""canonical"": ""ca"", ""name"": ""Catalan""}, {""input"": ""oc"", ""classification"": ""full_language"", ""canonical"": ""oc"", ""name"": ""Occitan""}]","{""pt"": 1}",pt,fada,noun,21452,fada,,,,,,,,,,,,,,,,
"gl,es,ca,fr,en",1,multiple_languages,,,false,,,,,[],"[{""input"": ""gl"", ""classification"": ""full_language"", ""canonical"": ""gl"", ""name"": ""Galician""}, {""input"": ""es"", ""classification"": ""full_language"", ""canonical"": ""es"", ""name"": ""Spanish""}, {""input"": ""ca"", ""classification"": ""full_language"", ""canonical"": ""ca"", ""name"": ""Catalan""}, {""input"": ""fr"", ""classification"": ""full_language"", ""canonical"": ""fr"", ""name"": ""French""}, {""input"": ""en"", ""classification"": ""full_language"", ""canonical"": ""en"", ""name"": ""English""}]","{""pt"": 1}",pt,admirável,adj,29333,admirable,,,,,,,,,,,,,,,,
"gl,es,ca,oc",1,multiple_languages,,,false,,,,,[],"[{""input"": ""gl"", ""classification"": ""full_language"", ""canonical"": ""gl"", ""name"": ""Galician""}, {""input"": ""es"", ""classification"": ""full_language"", ""canonical"": ""es"", ""name"": ""Spanish""}, {""input"": ""ca"", ""classification"": ""full_language"", ""canonical"": ""ca"", ""name"": ""Catalan""}, {""input"": ""oc"", ""classification"": ""full_language"", ""canonical"": ""oc"", ""name"": ""Occitan""}]","{""pt"": 1}",pt,estaca,noun,39619,estaca,,,,,,,,,,,,,,,,
"gl,es,ca,oc,it,lad",1,multiple_languages,,,false,,,,,[],"[{""input"": ""gl"", ""classification"": ""full_language"", ""canonical"": ""gl"", ""name"": ""Galician""}, {""input"": ""es"", ""classification"": ""full_language"", ""canonical"": ""es"", ""name"": ""Spanish""}, {""input"": ""ca"", ""classification"": ""full_language"", ""canonical"": ""ca"", ""name"": ""Catalan""}, {""input"": ""oc"", ""classification"": ""full_language"", ""canonical"": ""oc"", ""name"": ""Occitan""}, {""input"": ""it"", ""classification"": ""full_language"", ""canonical"": ""it"", ""name"": ""Italian""}, {""input"": ""lad"", ""classification"": ""full_language"", ""canonical"": ""lad"", ""name"": ""Ladino""}]","{""pt"": 1}",pt,torre,noun,8403,torre,,,,,,,,,,,,,,,,
"gl,fax",1,multiple_languages,,,false,,,,,[],"[{""input"": ""gl"", ""classification"": ""full_language"", ""canonical"": ""gl"", ""name"": ""Galician""}, {""input"": ""fax"", ""classification"": ""full_language"", ""canonical"": ""fax"", ""name"": ""Fala""}]","{""pt"": 1}",pt,rei,noun,2490,rei,,,,,,,,,,,,,,,,
"gl,fax,ast",1,multiple_languages,,,false,,,,,[],"[{""input"": ""gl"", ""classification"": ""full_language"", ""canonical"": ""gl"", ""name"": ""Galician""}, {""input"": ""fax"", ""classification"": ""full_language"", ""canonical"": ""fax"", ""name"": ""Fala""}, {""input"": ""ast"", ""classification"": ""full_language"", ""canonical"": ""ast"", ""name"": ""Asturian""}]","{""pt"": 1}",pt,farinha,noun,15447,fariña,,,,,,,,,,,,,,,,
"gl,fr,it,ro",1,multiple_languages,,,false,,,,,[],"[{""input"": ""gl"", ""classification"": ""full_language"", ""canonical"": ""gl"", ""name"": ""Galician""}, {""input"": ""fr"", ""classification"": ""full_language"", ""canonical"": ""fr"", ""name"": ""French""}, {""input"": ""it"", ""classification"": ""full_language"", ""canonical"": ""it"", ""name"": ""Italian""}, {""input"": ""ro"", ""classification"": ""full_language"", ""canonical"": ""ro"", ""name"": ""Romanian""}]","{""pt"": 1}",pt,lume,noun,37611,lume,,,,,,,,,,,,,,,,
"gl,mwl",1,multiple_languages,,,false,,,,,[],"[{""input"": ""gl"", ""classification"": ""full_language"", ""canonical"": ""gl"", ""name"": ""Galician""}, {""input"": ""mwl"", ""classification"": ""full_language"", ""canonical"": ""mwl"", ""name"": ""Mirandese""}]","{""pt"": 1}",pt,manteiga,noun,15811,manteiga,,,,,,,,,,,,,,,,
"gl,mwl,an,ast",1,multiple_languages,,,false,,,,,[],"[{""input"": ""gl"", ""classification"": ""full_language"", ""canonical"": ""gl"", ""name"": ""Galician""}, {""input"": ""mwl"", ""classification"": ""full_language"", ""canonical"": ""mwl"", ""name"": ""Mirandese""}, {""input"": ""an"", ""classification"": ""full_language"", ""canonical"": ""an"", ""name"": ""Aragonese""}, {""input"": ""ast"", ""classification"": ""full_language"", ""canonical"": ""ast"", ""name"": ""Asturian""}]","{""pt"": 1}",pt,bruxa,noun,18765,bruxa,,,,,,,,,,,,,,,,
"gl,mwl,es",1,multiple_languages,,,false,,,,,[],"[{""input"": ""gl"", ""classification"": ""full_language"", ""canonical"": ""gl"", ""name"": ""Galician""}, {""input"": ""mwl"", ""classification"": ""full_language"", ""canonical"": ""mwl"", ""name"": ""Mirandese""}, {""input"": ""es"", ""classification"": ""full_language"", ""canonical"": ""es"", ""name"": ""Spanish""}]","{""pt"": 1}",pt,barro,noun,21204,barro,,,,,,,,,,,,,,,,
"gl,osp",1,multiple_languages,,,false,,,,,[],"[{""input"": ""gl"", ""classification"": ""full_language"", ""canonical"": ""gl"", ""name"": ""Galician""}, {""input"": ""osp"", ""classification"": ""full_language"", ""canonical"": ""osp"", ""name"": ""Old Spanish""}]","{""pt"": 1}",pt,enxaqueca,noun,34543,xaqueca,,,,,,,,,,,,,,,,
"gl,roa-opt",1,multiple_languages,,,false,,,,,[],"[{""input"": ""gl"", ""classification"": ""full_language"", ""canonical"": ""gl"", ""name"": ""Galician""}, {""input"": ""roa-opt"", ""classification"": ""full_language"", ""canonical"": ""roa-opt"", ""name"": ""Old Galician-Portuguese""}]","{""pt"": 1}",pt,natura,noun,32063,natura,,,,,,,,,,,,,,,,
glj,1,full_language,,glj,false,Kulaal,,,,[],[],"{""en"": 1}",en,Gula Iro,name,512126,kùláál,,,,,,,,,,,,,,,,
"gmh,goh",1,multiple_languages,,,false,,,,,[],"[{""input"": ""gmh"", ""classification"": ""full_language"", ""canonical"": ""gmh"", ""name"": ""Middle High German""}, {""input"": ""goh"", ""classification"": ""full_language"", ""canonical"": ""goh"", ""name"": ""Old High German""}]","{""uk"": 1}",uk,шнур,noun,21286,snuor,,,,,,,,,,,,,,,,
gmw-fin,1,full_language,,gmw-fin,false,Fingallian,,,,[],[],"{""en"": 1}",en,bolcane,noun,1189720,bolcane,,,,,,,,,,,,,,,,
gmw-fri,1,family,,gmw-fri,false,Frisian,,,,[],[],"{""da"": 1}",da,Vibeke,name,10076,Wiebke,,,,,,,,,,,,,,,,
gmw-stm,1,full_language,,gmw-stm,false,Sathmar Swabian,,,,[],[],"{""nl"": 1}",nl,worst,noun,15397,Wurscht,,,,,,,,,,,,,,,,
gn,1,family,,gn,false,Guarani,,,,[],[],"{""id"": 1}",id,yurumi,noun,38806,yurumi,,,,,,,,,,,,,,,,
"goh,non",1,multiple_languages,,,false,,,,,[],"[{""input"": ""goh"", ""classification"": ""full_language"", ""canonical"": ""goh"", ""name"": ""Old High German""}, {""input"": ""non"", ""classification"": ""full_language"", ""canonical"": ""non"", ""name"": ""Old Norse""}]","{""pt"": 1}",pt,lesto,adj,132881,lista,,,,,,,,,,,,,,,,
grc-arp,1,etymology_only,external,grc-arp,false,Arcadocypriot Greek,grc,grc,Ancient Greek,"[""grc-arp"", ""grc""]",[],"{""la"": 1}",la,veho,verb,1606,ϝέχω,,,,,,,,,,,,,,,,
grc-boi,1,etymology_only,external,grc-boi,false,Boeotian Greek,grc-aeo,grc,Ancient Greek,"[""grc-boi"", ""grc-aeo"", ""grc""]",[],"{""en"": 1}",en,Pentecost,name,345416,‑καστός,,,,,,,,,,,,,,,,
gri,1,full_language,,gri,false,Ghari,,,,[],[],"{""en"": 1}",en,Honiara,name,465774,Naho-ni-ara,,,,,,,,,,,,,,,,
grt,1,full_language,,grt,false,Garo,,,,[],[],"{""vi"": 1}",vi,sừng,noun,23862,grong,,,,,,,,,,,,,,,,
"gsw,gmw-cfr",1,multiple_languages,,,false,,,,,[],"[{""input"": ""gsw"", ""classification"": ""full_language"", ""canonical"": ""gsw"", ""name"": ""Alemannic German""}, {""input"": ""gmw-cfr"", ""classification"": ""full_language"", ""canonical"": ""gmw-cfr"", ""name"": ""Central Franconian""}]","{""en"": 1}",en,will,verb,515,welle,,,,,,,,,,,,,,,,
"gsw,lb",1,multiple_languages,,,false,,,,,[],"[{""input"": ""gsw"", ""classification"": ""full_language"", ""canonical"": ""gsw"", ""name"": ""Alemannic German""}, {""input"": ""lb"", ""classification"": ""full_language"", ""canonical"": ""lb"", ""name"": ""Luxembourgish""}]","{""en"": 1}",en,sparrow,noun,234745,Spatz,,,,,,,,,,,,,,,,
"gu,kfr",1,multiple_languages,,,false,,,,,[],"[{""input"": ""gu"", ""classification"": ""full_language"", ""canonical"": ""gu"", ""name"": ""Gujarati""}, {""input"": ""kfr"", ""classification"": ""full_language"", ""canonical"": ""kfr"", ""name"": ""Kachchi""}]","{""en"": 1}",en,hundi,noun,588359,હૂંડી,,,,,,,,,,,,,,,,
gue,1,full_language,,gue,false,Gurindji,,,,[],[],"{""en"": 1}",en,budju,noun,655816,puju,,,,,,,,,,,,,,,,
gui,1,full_language,,gui,false,Eastern Bolivian Guarani,,,,[],[],"{""pt"": 1}",pt,panapaná,noun,206269,panapana,,,,,,,,,,,,,,,,
gup,1,full_language,,gup,false,Gunwinggu,,,,[],[],"{""en"": 1}",en,nabarlek,noun,1399014,na-barlek,,,,,,,,,,,,,,,,
gwf,1,full_language,,gwf,false,Gowro,,,,[],[],"{""en"": 1}",en,Gowro,name,1319110,گبارو,,,,,,,,,,,,,,,,
gwt,1,full_language,,gwt,false,Gawar-Bati,,,,[],[],"{""en"": 1}",en,Gawar-Bati,name,1319325,گور-باتی,,,,,,,,,,,,,,,,
gza,1,full_language,,gza,false,Ganza,,,,[],[],"{""en"": 1}",en,Omotic,adj,839247,wá-ma,,,,,,,,,,,,,,,,
"hi,mr",1,multiple_languages,,,false,,,,,[],"[{""input"": ""hi"", ""classification"": ""full_language"", ""canonical"": ""hi"", ""name"": ""Hindi""}, {""input"": ""mr"", ""classification"": ""full_language"", ""canonical"": ""mr"", ""name"": ""Marathi""}]","{""en"": 1}",en,modak,noun,537697,मोदक,,,,,,,,,,,,,,,,
hi-mid,1,etymology_only,external,hi-mid,false,Middle Hindi,inc-ohi,inc-ohi,Old Hindi,"[""hi-mid"", ""inc-ohi""]",[],"{""en"": 1}",en,musth,noun,562126,مَسْت,,,,,,,,,,,,,,,,
hi-mum,1,etymology_only,external,hi-mum,false,Bombay Hindi,hi,hi,Hindi,"[""hi-mum"", ""hi""]",[],"{""en"": 1}",en,Gandhigiri,noun,629939,गांधीगिरी,,,,,,,,,,,,,,,,
hlb,1,full_language,,hlb,false,Halbi,,,,[],[],"{""en"": 1}",en,Halbi,noun,1383157,हलबी,,,,,,,,,,,,,,,,
hnj,1,full_language,,hnj,false,Green Hmong,,,,[],[],"{""vi"": 1}",vi,H'Mông,name,31172,Hmoob,,,,,,,,,,,,,,,,
hnn,1,full_language,,hnn,false,Hanunoo,,,,[],[],"{""id"": 1}",id,-kah,suffix,7770,ka,,,,,,,,,,,,,,,,
hoc,1,full_language,,hoc,false,Ho,,,,[],[],"{""en"": 1}",en,Warang Citi,name,1352227,𑣙𑣗𑣁𑣜𑣊 𑣏𑣂𑣕𑣂,,,,,,,,,,,,,,,,
hoh,1,full_language,,hoh,false,Hobyót,,,,[],[],"{""en"": 1}",en,Hobyot,name,1319529,هوبيوت,,,,,,,,,,,,,,,,
hss,1,full_language,,hss,false,Harsusi,,,,[],[],"{""en"": 1}",en,Harsusi,name,1319532,حرسوسي,,,,,,,,,,,,,,,,
"hu,de,no,sv",1,multiple_languages,,,false,,,,,[],"[{""input"": ""hu"", ""classification"": ""full_language"", ""canonical"": ""hu"", ""name"": ""Hungarian""}, {""input"": ""de"", ""classification"": ""full_language"", ""canonical"": ""de"", ""name"": ""German""}, {""input"": ""no"", ""classification"": ""full_language"", ""canonical"": ""no"", ""name"": ""Norwegian""}, {""input"": ""sv"", ""classification"": ""full_language"", ""canonical"": ""sv"", ""name"": ""Swedish""}]","{""en"": 1}",en,Margit,name,459934,Margit,,,,,,,,,,,,,,,,
huc,1,full_language,,huc,false,ǂHoan,,,,[],[],"{""ru"": 1}",ru,чъхоан,noun,436418,ǂHoan,,,,,,,,,,,,,,,,
hvk,1,full_language,,hvk,false,Haveke,,,,[],[],"{""en"": 1}",en,Lapita,name,554306,xapeta'a,,,,,,,,,,,,,,,,
"iba, bjn",1,multiple_languages,,,false,,,,,[],"[{""input"": ""iba"", ""classification"": ""full_language"", ""canonical"": ""iba"", ""name"": ""Iban""}, {""input"": ""bjn"", ""classification"": ""full_language"", ""canonical"": ""bjn"", ""name"": ""Banjarese""}]","{""id"": 1}",id,ulah,noun,8973,ulah,,,,,,,,,,,,,,,,
ibh,1,full_language,,ibh,false,Bih,,,,[],[],"{""vi"": 1}",vi,nang,noun,23515,pinang,,,,,,,,,,,,,,,,
ie,1,full_language,,ie,false,Interlingue,,,,[],[],"{""eo"": 1}",eo,futuro,noun,690,futuro,,,,,,,,,,,,,,,,
ifb,1,full_language,,ifb,false,Batad Ifugao,,,,[],[],"{""en"": 1}",en,Kinakin,name,1383749,Kinakin,,,,,,,,,,,,,,,,
ifk,1,full_language,,ifk,false,Tuwali Ifugao,,,,[],[],"{""en"": 1}",en,Balawis,name,1481652,Balawis,,,,,,,,,,,,,,,,
ijn,1,full_language,,ijn,false,Kalabari,,,,[],[],"{""fr"": 1}",fr,béké,adj,131059,̣bekín ̣bọ,,,,,,,,,,,,,,,,
inc-ash,1,full_language,,inc-ash,false,Ashokan Prakrit,,,,[],[],"{""en"": 1}",en,Asoka,name,461878,𑀅𑀲𑁄𑀓,,,,,,,,,,,,,,,,
inc-kam,1,full_language,,inc-kam,false,Kamarupi Prakrit,,,,[],[],"{""en"": 1}",en,Kamarupa,name,1271579,𑖎𑖯𑖦𑖨𑖳,,,,,,,,,,,,,,,,
"is,fo",1,multiple_languages,,,false,,,,,[],"[{""input"": ""is"", ""classification"": ""full_language"", ""canonical"": ""is"", ""name"": ""Icelandic""}, {""input"": ""fo"", ""classification"": ""full_language"", ""canonical"": ""fo"", ""name"": ""Faroese""}]","{""pt"": 1}",pt,narval,noun,98082,náhvalur,,,,,,,,,,,,,,,,
"is,nb",1,multiple_languages,,,false,,,,,[],"[{""input"": ""is"", ""classification"": ""full_language"", ""canonical"": ""is"", ""name"": ""Icelandic""}, {""input"": ""nb"", ""classification"": ""full_language"", ""canonical"": ""nb"", ""name"": ""Norwegian Bokmål""}]","{""en"": 1}",en,mire,noun,361712,maur,,,,,,,,,,,,,,,,
ish,1,full_language,,ish,false,Esan,,,,[],[],"{""en"": 1}",en,Esan,name,524424,Ẹ̀sán,,,,,,,,,,,,,,,,
"ist,pms",1,multiple_languages,,,false,,,,,[],"[{""input"": ""ist"", ""classification"": ""full_language"", ""canonical"": ""ist"", ""name"": ""Istriot""}, {""input"": ""pms"", ""classification"": ""full_language"", ""canonical"": ""pms"", ""name"": ""Piedmontese""}]","{""it"": 1}",it,paese,noun,1001,pais,,,,,,,,,,,,,,,,
"it,ca,pt,mt",1,multiple_languages,,,false,,,,,[],"[{""input"": ""it"", ""classification"": ""full_language"", ""canonical"": ""it"", ""name"": ""Italian""}, {""input"": ""ca"", ""classification"": ""full_language"", ""canonical"": ""ca"", ""name"": ""Catalan""}, {""input"": ""pt"", ""classification"": ""full_language"", ""canonical"": ""pt"", ""name"": ""Portuguese""}, {""input"": ""mt"", ""classification"": ""full_language"", ""canonical"": ""mt"", ""name"": ""Maltese""}]","{""en"": 1}",en,festa,noun,411428,festa,,,,,,,,,,,,,,,,
"it,de",1,multiple_languages,,,false,,,,,[],"[{""input"": ""it"", ""classification"": ""full_language"", ""canonical"": ""it"", ""name"": ""Italian""}, {""input"": ""de"", ""classification"": ""full_language"", ""canonical"": ""de"", ""name"": ""German""}]","{""eo"": 1}",eo,Ruando,name,100359,Ruanda,,,,,,,,,,,,,,,,
"it,es,ca",1,multiple_languages,,,false,,,,,[],"[{""input"": ""it"", ""classification"": ""full_language"", ""canonical"": ""it"", ""name"": ""Italian""}, {""input"": ""es"", ""classification"": ""full_language"", ""canonical"": ""es"", ""name"": ""Spanish""}, {""input"": ""ca"", ""classification"": ""full_language"", ""canonical"": ""ca"", ""name"": ""Catalan""}]","{""fr"": 1}",fr,oie,noun,35352,oca,,,,,,,,,,,,,,,,
"it,es,de",1,multiple_languages,,,false,,,,,[],"[{""input"": ""it"", ""classification"": ""full_language"", ""canonical"": ""it"", ""name"": ""Italian""}, {""input"": ""es"", ""classification"": ""full_language"", ""canonical"": ""es"", ""name"": ""Spanish""}, {""input"": ""de"", ""classification"": ""full_language"", ""canonical"": ""de"", ""name"": ""German""}]","{""en"": 1}",en,Inter,name,113526,Inter,,,,,,,,,,,,,,,,
"it,es,fr",1,multiple_languages,,,false,,,,,[],"[{""input"": ""it"", ""classification"": ""full_language"", ""canonical"": ""it"", ""name"": ""Italian""}, {""input"": ""es"", ""classification"": ""full_language"", ""canonical"": ""es"", ""name"": ""Spanish""}, {""input"": ""fr"", ""classification"": ""full_language"", ""canonical"": ""fr"", ""name"": ""French""}]","{""ro"": 1}",ro,va,verb,90,va,,,,,,,,,,,,,,,,
"it,es,pl,la",1,multiple_languages,,,false,,,,,[],"[{""input"": ""it"", ""classification"": ""full_language"", ""canonical"": ""it"", ""name"": ""Italian""}, {""input"": ""es"", ""classification"": ""full_language"", ""canonical"": ""es"", ""name"": ""Spanish""}, {""input"": ""pl"", ""classification"": ""full_language"", ""canonical"": ""pl"", ""name"": ""Polish""}, {""input"": ""la"", ""classification"": ""full_language"", ""canonical"": ""la"", ""name"": ""Latin""}]","{""eo"": 1}",eo,-isto,suffix,846,-ista,,,,,,,,,,,,,,,,
"it,es,pt,gl",1,multiple_languages,,,false,,,,,[],"[{""input"": ""it"", ""classification"": ""full_language"", ""canonical"": ""it"", ""name"": ""Italian""}, {""input"": ""es"", ""classification"": ""full_language"", ""canonical"": ""es"", ""name"": ""Spanish""}, {""input"": ""pt"", ""classification"": ""full_language"", ""canonical"": ""pt"", ""name"": ""Portuguese""}, {""input"": ""gl"", ""classification"": ""full_language"", ""canonical"": ""gl"", ""name"": ""Galician""}]","{""eo"": 1}",eo,centro,noun,1304,centro,,,,,,,,,,,,,,,,
"it,la",1,multiple_languages,,,false,,,,,[],"[{""input"": ""it"", ""classification"": ""full_language"", ""canonical"": ""it"", ""name"": ""Italian""}, {""input"": ""la"", ""classification"": ""full_language"", ""canonical"": ""la"", ""name"": ""Latin""}]","{""pt"": 1}",pt,macio,adj,28340,malacia,,,,,,,,,,,,,,,,
"it,mt",1,multiple_languages,,,false,,,,,[],"[{""input"": ""it"", ""classification"": ""full_language"", ""canonical"": ""it"", ""name"": ""Italian""}, {""input"": ""mt"", ""classification"": ""full_language"", ""canonical"": ""mt"", ""name"": ""Maltese""}]","{""en"": 1}",en,Vella,name,398552,Vella,,,,,,,,,,,,,,,,
"it,nap,scn",1,multiple_languages,,,false,,,,,[],"[{""input"": ""it"", ""classification"": ""full_language"", ""canonical"": ""it"", ""name"": ""Italian""}, {""input"": ""nap"", ""classification"": ""full_language"", ""canonical"": ""nap"", ""name"": ""Neapolitan""}, {""input"": ""scn"", ""classification"": ""full_language"", ""canonical"": ""scn"", ""name"": ""Sicilian""}]","{""la"": 1}",la,lava,noun,1093,lava,,,,,,,,,,,,,,,,
"it,pl",1,multiple_languages,,,false,,,,,[],"[{""input"": ""it"", ""classification"": ""full_language"", ""canonical"": ""it"", ""name"": ""Italian""}, {""input"": ""pl"", ""classification"": ""full_language"", ""canonical"": ""pl"", ""name"": ""Polish""}]","{""eo"": 1}",eo,ironio,noun,9823,ironia,,,,,,,,,,,,,,,,
"it,vec",1,multiple_languages,,,false,,,,,[],"[{""input"": ""it"", ""classification"": ""full_language"", ""canonical"": ""it"", ""name"": ""Italian""}, {""input"": ""vec"", ""classification"": ""full_language"", ""canonical"": ""vec"", ""name"": ""Venetan""}]","{""en"": 1}",en,Mel,name,175892,Mel,,,,,,,,,,,,,,,,
it-CH,1,etymology_only,supported,it-CH,false,Switzerland Italian,it,it,Italian,"[""it-CH"", ""it""]",[],"{""de"": 1}",de,Konfitüre,noun,83536,confittura,,,,,,,,,,,,,,,,
itc-pra,1,etymology_only,supported,itc-pra,false,Praenestine,la,la,Latin,"[""itc-pra"", ""la""]",[],"{""la"": 1}",la,misceo,verb,8180,misc,,,,,,,,,,,,,,,,
itz,1,full_language,,itz,false,Itza',,,,[],[],"{""es"": 1}",es,Petén,name,63399,Petén,,,,,,,,,,,,,,,,
iyx,1,full_language,,iyx,false,Yaa,,,,[],[],"{""en"": 1}",en,moabi,noun,730558,moyabi,,,,,,,,,,,,,,,,
jah,1,full_language,,jah,false,Jah Hut,,,,[],[],"{""vi"": 1}",vi,chân,noun,3448,jong,,,,,,,,,,,,,,,,
jat,1,full_language,,jat,false,Jakati,,,,[],[],"{""en"": 1}",en,Jakati,name,1319280,جاکتی,,,,,,,,,,,,,,,,
jct,1,full_language,,jct,false,Krymchak,,,,[],[],"{""tr"": 1}",tr,yonca,noun,13181,yonca,,,,,,,,,,,,,,,,
jmd,1,full_language,,jmd,false,Yamdena,,,,[],[],"{""id"": 1}",id,lupa,verb,894,namlufe,,,,,,,,,,,,,,,,
jnd,1,full_language,,jnd,false,Jandavra,,,,[],[],"{""en"": 1}",en,Jandavra,name,1319300,جھنڊوريا,,,,,,,,,,,,,,,,
jrb,1,etymology_only,external,jrb,false,Judeo-Arabic,ar,ar,Arabic,"[""jrb"", ""ar""]",[],"{""la"": 1}",la,Cosri,name,830932,כׄזרי,,,,,,,,,,,,,,,,
juc,1,full_language,,juc,false,Jurchen,,,,[],[],"{""pl"": 1}",pl,Sachalin,name,97149,撒哈良,,,,,,,,,,,,,,,,
kak,1,full_language,,kak,false,Kayapa Kallahan,,,,[],[],"{""en"": 1}",en,Ba-ay,name,232604,Ba-ay,,,,,,,,,,,,,,,,
kap,1,full_language,,kap,false,Bezhta,,,,[],[],"{""la"": 1}",la,fungus,noun,1516,сакӀо,,,,,,,,,,,,,,,,
kbn,1,full_language,,kbn,false,Kare (Central Africa),,,,[],[],"{""en"": 1}",en,Kare,name,415879,kã́rĩ́,,,,,,,,,,,,,,,,
kbu,1,full_language,,kbu,false,Kabutra,,,,[],[],"{""en"": 1}",en,Kabutra,name,1319450,کبوترا,,,,,,,,,,,,,,,,
kcy,1,full_language,,kcy,false,Korandje,,,,[],[],"{""en"": 1}",en,Korandje,name,1466961,kwạṛa n dzyəy,,,,,,,,,,,,,,,,
kfa,1,full_language,,kfa,false,Kodava,,,,[],[],"{""en"": 1}",en,Thirke,name,1395951,ಥಿರ್ಕೆ,,,,,,,,,,,,,,,,
kfb,1,full_language,,kfb,false,Kolami,,,,[],[],"{""en"": 1}",en,Kolami,name,1395954,कॊलामि,,,,,,,,,,,,,,,,
kfc,1,full_language,,kfc,false,Konda-Dora,,,,[],[],"{""en"": 1}",en,Konda,name,540639,కొండ,,,,,,,,,,,,,,,,
khr,1,full_language,,khr,false,Kharia,,,,[],[],"{""vi"": 1}",vi,sừng,noun,23862,ɖeɽeŋ,,,,,,,,,,,,,,,,
kim,1,full_language,,kim,false,Tofa,,,,[],[],"{""tr"": 1}",tr,kaşık,noun,8083,ӄаъһиӄ,,,,,,,,,,,,,,,,
kj,1,full_language,,kj,false,Kwanyama,,,,[],[],"{""en"": 1}",en,oshana,noun,626192,oshana,,,,,,,,,,,,,,,,
kjb,1,full_language,,kjb,false,Q'anjob'al,,,,[],[],"{""en"": 1}",en,Q'anjob'al,name,791076,Qʼanjobʼal,,,,,,,,,,,,,,,,
kje,1,full_language,,kje,false,Kisar,,,,[],[],"{""id"": 1}",id,tebus,verb,20678,keuhu,,,,,,,,,,,,,,,,
kjv,1,etymology_only,external,kjv,false,Kajkavian Serbo-Croatian,sh,sh,Serbo-Croatian,"[""kjv"", ""sh""]",[],"{""pl"": 1}",pl,społem,adv,31343,spȏlum,,,,,,,,,,,,,,,,
"kk, ky",1,multiple_languages,,,false,,,,,[],"[{""input"": ""kk"", ""classification"": ""full_language"", ""canonical"": ""kk"", ""name"": ""Kazakh""}, {""input"": ""ky"", ""classification"": ""full_language"", ""canonical"": ""ky"", ""name"": ""Kyrgyz""}]","{""tr"": 1}",tr,söz,noun,380,сөз,,,,,,,,,,,,,,,,
"kk,ky",1,multiple_languages,,,false,,,,,[],"[{""input"": ""kk"", ""classification"": ""full_language"", ""canonical"": ""kk"", ""name"": ""Kazakh""}, {""input"": ""ky"", ""classification"": ""full_language"", ""canonical"": ""ky"", ""name"": ""Kyrgyz""}]","{""tr"": 1}",tr,am,noun,4239,ам,,,,,,,,,,,,,,,,
kkh,1,full_language,,kkh,false,Khün,,,,[],[],"{""vi"": 1}",vi,việc,noun,176,ᩅ᩠ᨿᨠ,,,,,,,,,,,,,,,,
kkz,1,full_language,,kkz,false,Kaska,,,,[],[],"{""en"": 1}",en,Danezāgé',name,1459973,Denezā́gī,,,,,,,,,,,,,,,,
kln,1,full_language,,kln,false,Kalenjin,,,,[],[],"{""en"": 1}",en,mursik,noun,1155710,mursik,,,,,,,,,,,,,,,,
kmz,1,full_language,,kmz,false,Khorasani Turkish,,,,[],[],"{""en"": 1}",en,Khorasani Turkic,name,587276,خراسان تركچىسى,,,,,,,,,,,,,,,,
knx,1,full_language,,knx,false,Kendayan,,,,[],[],"{""id"": 1}",id,bahari,adj,12776,bahare',,,,,,,,,,,,,,,,
koy,1,full_language,,koy,false,Koyukon,,,,[],[],"{""en"": 1}",en,Denali,name,381403,Deenaalee,,,,,,,,,,,,,,,,
kqq,1,full_language,,kqq,false,Krenak,,,,[],[],"{""pt"": 1}",pt,Cuparaque,name,321488,kuparak,,,,,,,,,,,,,,,,
kqr,1,full_language,,kqr,false,Kimaragang,,,,[],[],"{""id"": 1}",id,pecut,noun,30190,posut,,,,,,,,,,,,,,,,
krl-sou,1,etymology_only,external,krl-sou,false,South Karelian,krl,krl,Karelian,"[""krl-sou"", ""krl""]",[],"{""fi"": 1}",fi,pesä,noun,13943,pezä,,,,,,,,,,,,,,,,
kru,1,full_language,,kru,false,Kurux,,,,[],[],"{""en"": 1}",en,aiyo,intj,549581,अयो,,,,,,,,,,,,,,,,
ksk,1,full_language,,ksk,false,Kansa,,,,[],[],"{""en"": 1}",en,Topeka,name,302297,Dópik’é,,,,,,,,,,,,,,,,
ku,1,family,,ku,false,Kurdish,,,,[],[],"{""tr"": 1}",tr,Midyat,name,13516,Midyad,,,,,,,,,,,,,,,,
kuj,1,full_language,,kuj,false,Kuria,,,,[],[],"{""en"": 1}",en,agogwe,noun,753957,agogwe,,,,,,,,,,,,,,,,
kuz,1,full_language,,kuz,false,Kunza,,,,[],[],"{""en"": 1}",en,Chajnantor,name,1048032,tchacknatur,,,,,,,,,,,,,,,,
kvr,1,full_language,,kvr,false,Kerinci,,,,[],[],"{""id"": 1}",id,jelas,adj,807,jeleh,,,,,,,,,,,,,,,,
kxh,1,full_language,,kxh,false,Karo,,,,[],[],"{""id"": 1}",id,mendersip,noun,36727,mendersip,,,,,,,,,,,,,,,,
kxp,1,full_language,,kxp,false,Wadiyara Koli,,,,[],[],"{""en"": 1}",en,Wadiyara Koli,name,1319316,واديارا ڪولي,,,,,,,,,,,,,,,,
kyi,1,full_language,,kyi,false,Kiput,,,,[],[],"{""id"": 1}",id,dahan,noun,16011,din,,,,,,,,,,,,,,,,
kyj,1,full_language,,kyj,false,Karao,,,,[],[],"{""id"": 1}",id,alang,noun,12787,alang,,,,,,,,,,,,,,,,
kyk,1,full_language,,kyk,false,Kamayo,,,,[],[],"{""en"": 1}",en,Surigao,name,488261,Suligaw,,,,,,,,,,,,,,,,
kzj,1,full_language,,kzj,false,Coastal Kadazan,,,,[],[],"{""id"": 1}",id,lamin,noun,24290,hamin,,,,,,,,,,,,,,,,
"la,it",1,multiple_languages,,,false,,,,,[],"[{""input"": ""la"", ""classification"": ""full_language"", ""canonical"": ""la"", ""name"": ""Latin""}, {""input"": ""it"", ""classification"": ""full_language"", ""canonical"": ""it"", ""name"": ""Italian""}]","{""ru"": 1}",ru,Остия,name,216204,Ostia,,,,,,,,,,,,,,,,
"la-lat,la-ecc",1,multiple_languages,,,false,,,,,[],"[{""input"": ""la-lat"", ""name"": ""Late Latin"", ""parent"": ""la"", ""root"": ""la"", ""chain"": [""la-lat"", ""la""], ""section"": ""Latin"", ""classification"": ""etymology_only"", ""routing_classification"": ""supported"", ""canonical"": ""la-lat""}, {""input"": ""la-ecc"", ""name"": ""Ecclesiastical Latin"", ""parent"": ""la"", ""root"": ""la"", ""chain"": [""la-ecc"", ""la""], ""section"": ""Latin"", ""classification"": ""etymology_only"", ""routing_classification"": ""supported"", ""canonical"": ""la-ecc""}]","{""cs"": 1}",cs,abatyše,noun,31027,abbatissa,,,,,,,,,,,,,,,,
"la-lat,la-med",1,multiple_languages,,,false,,,,,[],"[{""input"": ""la-lat"", ""name"": ""Late Latin"", ""parent"": ""la"", ""root"": ""la"", ""chain"": [""la-lat"", ""la""], ""section"": ""Latin"", ""classification"": ""etymology_only"", ""routing_classification"": ""supported"", ""canonical"": ""la-lat""}, {""input"": ""la-med"", ""name"": ""Medieval Latin"", ""parent"": ""la"", ""root"": ""la"", ""chain"": [""la-med"", ""la""], ""section"": ""Latin"", ""classification"": ""etymology_only"", ""routing_classification"": ""supported"", ""canonical"": ""la-med""}]","{""el"": 1}",el,σαλαμούρα,noun,82721,salimuria,,,,,,,,,,,,,,,,
lbj,1,full_language,,lbj,false,Ladakhi,,,,[],[],"{""en"": 1}",en,Kargil,name,407907,དཀར་འཁྱིལ,,,,,,,,,,,,,,,,
lbw,1,full_language,,lbw,false,Tolaki,,,,[],[],"{""id"": 1}",id,wuwu,verb,39832,wuwu,,,,,,,,,,,,,,,,
lcp,1,full_language,,lcp,false,Western Lawa,,,,[],[],"{""vi"": 1}",vi,nhấc,verb,24419,ยวก,,,,,,,,,,,,,,,,
lep,1,full_language,,lep,false,Lepcha,,,,[],[],"{""en"": 1}",en,serow,noun,607447,ᰠᰶᰛᰨ,,,,,,,,,,,,,,,,
lev,1,full_language,,lev,false,Lamma,,,,[],[],"{""id"": 1}",id,aluakas,noun,30069,aluakas,,,,,,,,,,,,,,,,
lfn,1,full_language,,lfn,false,Lingua Franca Nova,,,,[],[],"{""eo"": 1}",eo,Elefeno,name,127871,elefen,,,,,,,,,,,,,,,,
"lij,vec",1,multiple_languages,,,false,,,,,[],"[{""input"": ""lij"", ""classification"": ""full_language"", ""canonical"": ""lij"", ""name"": ""Ligurian""}, {""input"": ""vec"", ""classification"": ""full_language"", ""canonical"": ""vec"", ""name"": ""Venetan""}]","{""it"": 1}",it,bigio,adj,100424,bixo,,,,,,,,,,,,,,,,
lij-old,1,etymology_only,external,lij-old,false,Old Ligurian,lij,lij,Ligurian,"[""lij-old"", ""lij""]",[],"{""fr"": 1}",fr,proue,noun,42030,proa,,,,,,,,,,,,,,,,
lis,1,full_language,,lis,false,Lisu,,,,[],[],"{""vi"": 1}",vi,mựa,adv,40235,ꓟꓽ,,,,,,,,,,,,,,,,
ljp,1,full_language,,ljp,false,Lampung Api,,,,[],[],"{""id"": 1}",id,bimbin,noun,29497,bimbin,,,,,,,,,,,,,,,,
lki,1,full_language,,lki,false,Laki,,,,[],[],"{""en"": 1}",en,Khorramabad,name,1337426,خۆڕماوە,,,,,,,,,,,,,,,,
lla,1,full_language,,lla,false,Lala-Roba,,,,[],[],"{""en"": 1}",en,Lala-Roba,name,512127,Lala-Roba,,,,,,,,,,,,,,,,
lli,1,full_language,,lli,false,Teke-Laali,,,,[],[],"{""en"": 1}",en,moabi,noun,730558,moyabi,,,,,,,,,,,,,,,,
lml,1,full_language,,lml,false,Raga,,,,[],[],"{""en"": 1}",en,nakamal,noun,1040544,gamali,na gamali,,,,,,,,,,,,,,,
"lmo,sc",1,multiple_languages,,,false,,,,,[],"[{""input"": ""lmo"", ""classification"": ""full_language"", ""canonical"": ""lmo"", ""name"": ""Lombard""}, {""input"": ""sc"", ""classification"": ""full_language"", ""canonical"": ""sc"", ""name"": ""Sardinian""}]","{""it"": 1}",it,prescia,noun,153274,pressa,,,,,,,,,,,,,,,,
loe,1,full_language,,loe,false,Saluan,,,,[],[],"{""id"": 1}",id,satu,num,91,sambatu,,,,,,,,,,,,,,,,
loz,1,full_language,,loz,false,Lozi,,,,[],[],"{""en"": 1}",en,chitupa,noun,686726,situpa,,,,,,,,,,,,,,,,
lrk,1,full_language,,lrk,false,Loarki,,,,[],[],"{""en"": 1}",en,Loarki,name,1319317,لوارکی,,,,,,,,,,,,,,,,
lrl,1,full_language,,lrl,false,Larestani,,,,[],[],"{""en"": 1}",en,Achomi,name,1319388,اچُمی,,,,,,,,,,,,,,,,
lrt,1,full_language,,lrt,false,Larantuka Malay,,,,[],[],"{""id"": 1}",id,berok,noun,28855,berok,,,,,,,,,,,,,,,,
lsd,1,full_language,,lsd,false,Lishana Deni,,,,[],[],"{""en"": 1}",en,Lishana Deni,name,1122020,לישאנא דיני,,,,,,,,,,,,,,,,
luv,1,full_language,,luv,false,Luwati,,,,[],[],"{""en"": 1}",en,Luwati,name,1319525,لواتي,,,,,,,,,,,,,,,,
mam,1,full_language,,mam,false,Mam,,,,[],[],"{""en"": 1}",en,Bamaca,name,1274965,Bámaca,,,,,,,,,,,,,,,,
mav,1,full_language,,mav,false,Sateré-Mawé,,,,[],[],"{""en"": 1}",en,guarana,noun,478478,warana,,,,,,,,,,,,,,,,
mby,1,full_language,,mby,false,Memoni,,,,[],[],"{""en"": 1}",en,Memoni,name,1319519,ميموني,,,,,,,,,,,,,,,,
men,1,full_language,,men,false,Mende (Sierra Leone),,,,[],[],"{""en"": 1}",en,nang,adj,355081,nyanga,,,,,,,,,,,,,,,,
mep,1,full_language,,mep,false,Miriwoong,,,,[],[],"{""en"": 1}",en,Miriwoong,name,1266799,Miriwoong,,,,,,,,,,,,,,,,
mer,1,full_language,,mer,false,Meru,,,,[],[],"{""en"": 1}",en,Meru,name,417620,Ameru,,,,,,,,,,,,,,,,
mhe,1,full_language,,mhe,false,Besisi,,,,[],[],"{""vi"": 1}",vi,óc,noun,19195,ʔatɔk,,,,,,,,,,,,,,,,
mhi,1,full_language,,mhi,false,Ma'di,,,,[],[],"{""en"": 1}",en,Anya-Nya,name,407639,ɨ̄nyānyā,,,,,,,,,,,,,,,,
mhj,1,full_language,,mhj,false,Mogholi,,,,[],[],"{""en"": 1}",en,Moghol,name,1319390,مُغُلی,,,,,,,,,,,,,,,,
"mhr,mrj",1,multiple_languages,,,false,,,,,[],"[{""input"": ""mhr"", ""classification"": ""full_language"", ""canonical"": ""mhr"", ""name"": ""Eastern Mari""}, {""input"": ""mrj"", ""classification"": ""full_language"", ""canonical"": ""mrj"", ""name"": ""Western Mari""}]","{""fi"": 1}",fi,uusi,adj,378,у,,,,,,,,,,,,,,,,
mhy,1,full_language,,mhy,false,Ma'anyan,,,,[],[],"{""id"": 1}",id,warik,noun,27493,warik,,,,,,,,,,,,,,,,
mis-phi,1,full_language,,mis-phi,false,Philistine,,,,[],[],"{""en"": 1}",en,Ekron,name,524780,𐤏𐤒𐤓𐤍,,,,,,,,,,,,,,,,
mjz,1,full_language,,mjz,false,Majhi,,,,[],[],"{""en"": 1}",en,Majhi,name,585629,माझी,,,,,,,,,,,,,,,,
"mk,bg",1,multiple_languages,,,false,,,,,[],"[{""input"": ""mk"", ""classification"": ""full_language"", ""canonical"": ""mk"", ""name"": ""Macedonian""}, {""input"": ""bg"", ""classification"": ""full_language"", ""canonical"": ""bg"", ""name"": ""Bulgarian""}]","{""ro"": 1}",ro,lanț,noun,5982,ланец,,,,,,,,,,,,,,,,
"mk,ru,uk",1,multiple_languages,,,false,,,,,[],"[{""input"": ""mk"", ""classification"": ""full_language"", ""canonical"": ""mk"", ""name"": ""Macedonian""}, {""input"": ""ru"", ""classification"": ""full_language"", ""canonical"": ""ru"", ""name"": ""Russian""}, {""input"": ""uk"", ""classification"": ""full_language"", ""canonical"": ""uk"", ""name"": ""Ukrainian""}]","{""en"": 1}",en,Luka,name,280251,Лука́,,,,,,,,,,,,,,,,
mki,1,full_language,,mki,false,Dhatki,,,,[],[],"{""en"": 1}",en,Dhatki,noun,658852,ڍاٽڪي,,,,,,,,,,,,,,,,
mky,1,full_language,,mky,false,Taba,,,,[],[],"{""id"": 1}",id,jeruk,noun,7104,yorik,,,,,,,,,,,,,,,,
mlv,1,full_language,,mlv,false,Mwotlap,,,,[],[],"{""en"": 1}",en,Mwotlap,name,977989,M̄otlap,,,,,,,,,,,,,,,,
mnb,1,full_language,,mnb,false,Muna,,,,[],[],"{""id"": 1}",id,adarusa,noun,36400,adarusa,,,,,,,,,,,,,,,,
mnj,1,full_language,,mnj,false,Munji,,,,[],[],"{""en"": 1}",en,Munji,name,1319224,مونجی,,,,,,,,,,,,,,,,
mns-cen,1,full_language,,mns-cen,false,Central Mansi,,,,[],[],"{""hu"": 1}",hu,vézna,adj,49312,ви́шкаръ,,,,,,,,,,,,,,,,
mpj,1,full_language,,mpj,false,Martu Wangka,,,,[],[],"{""fi"": 1}",fi,mala,noun,59091,mala,,,,,,,,,,,,,,,,
mqg,1,full_language,,mqg,false,Kota Bangun Kutai Malay,,,,[],[],"{""id"": 1}",id,parak,adj,27572,parak,,,,,,,,,,,,,,,,
mqy,1,full_language,,mqy,false,Manggarai,,,,[],[],"{""id"": 1}",id,uak,noun,28570,uak,,,,,,,,,,,,,,,,
"ms,id",1,multiple_languages,,,false,,,,,[],"[{""input"": ""ms"", ""classification"": ""full_language"", ""canonical"": ""ms"", ""name"": ""Malay""}, {""input"": ""id"", ""classification"": ""full_language"", ""canonical"": ""id"", ""name"": ""Indonesian""}]","{""en"": 1}",en,rendang,noun,509937,rendang,,,,,,,,,,,,,,,,
msb,1,full_language,,msb,false,Masbatenyo,,,,[],[],"{""id"": 1}",id,warangan,noun,39857,barang,,,,,,,,,,,,,,,,
mvy,1,full_language,,mvy,false,Indus Kohistani,,,,[],[],"{""en"": 1}",en,Indus Kohistani,name,635573,كْستٓى,,,,,,,,,,,,,,,,
"mwl,ast,es,an",1,multiple_languages,,,false,,,,,[],"[{""input"": ""mwl"", ""classification"": ""full_language"", ""canonical"": ""mwl"", ""name"": ""Mirandese""}, {""input"": ""ast"", ""classification"": ""full_language"", ""canonical"": ""ast"", ""name"": ""Asturian""}, {""input"": ""es"", ""classification"": ""full_language"", ""canonical"": ""es"", ""name"": ""Spanish""}, {""input"": ""an"", ""classification"": ""full_language"", ""canonical"": ""an"", ""name"": ""Aragonese""}]","{""pt"": 1}",pt,bigode,noun,23223,bigote,,,,,,,,,,,,,,,,
"mwl,roa-leo",1,multiple_languages,,,false,,,,,[],"[{""input"": ""mwl"", ""classification"": ""full_language"", ""canonical"": ""mwl"", ""name"": ""Mirandese""}, {""input"": ""roa-leo"", ""classification"": ""full_language"", ""canonical"": ""roa-leo"", ""name"": ""Leonese""}]","{""pt"": 1}",pt,pai,noun,871,pai,,,,,,,,,,,,,,,,
"mwl,roa-leo,an",1,multiple_languages,,,false,,,,,[],"[{""input"": ""mwl"", ""classification"": ""full_language"", ""canonical"": ""mwl"", ""name"": ""Mirandese""}, {""input"": ""roa-leo"", ""classification"": ""full_language"", ""canonical"": ""roa-leo"", ""name"": ""Leonese""}, {""input"": ""an"", ""classification"": ""full_language"", ""canonical"": ""an"", ""name"": ""Aragonese""}]","{""pt"": 1}",pt,mãe,noun,600,mai,,,,,,,,,,,,,,,,
mwv,1,full_language,,mwv,false,Mentawai,,,,[],[],"{""id"": 1}",id,opa,noun,20854,opa,,,,,,,,,,,,,,,,
"mye,gev,tsv",1,multiple_languages,,,false,,,,,[],"[{""input"": ""mye"", ""classification"": ""full_language"", ""canonical"": ""mye"", ""name"": ""Myene""}, {""input"": ""gev"", ""classification"": ""full_language"", ""canonical"": ""gev"", ""name"": ""Viya""}, {""input"": ""tsv"", ""classification"": ""full_language"", ""canonical"": ""tsv"", ""name"": ""Tsogo""}]","{""fr"": 1}",fr,okoumé,noun,120890,okumé,,,,,,,,,,,,,,,,
myz,1,full_language,,myz,false,Classical Mandaic,,,,[],[],"{""en"": 1}",en,Sabian,noun,475704,ࡑࡁࡀ,,,,,,,,,,,,,,,,
nag,1,full_language,,nag,false,Naga Pidgin,,,,[],[],"{""en"": 1}",en,mithun,noun,518530,methon,,,,,,,,,,,,,,,,
nan-pen,1,etymology_only,external,nan-pen,false,Penang Hokkien,nan-zha,nan-hbl,Hokkien,"[""nan-pen"", ""nan-zha"", ""nan-hbl""]",[],"{""en"": 1}",en,yong tau foo,noun,341901,釀豆腐,,,,,,,,,,,,,,,,
"nb,nn,da",1,multiple_languages,,,false,,,,,[],"[{""input"": ""nb"", ""classification"": ""full_language"", ""canonical"": ""nb"", ""name"": ""Norwegian Bokmål""}, {""input"": ""nn"", ""classification"": ""full_language"", ""canonical"": ""nn"", ""name"": ""Norwegian Nynorsk""}, {""input"": ""da"", ""classification"": ""full_language"", ""canonical"": ""da"", ""name"": ""Danish""}]","{""sv"": 1}",sv,förbindelse,noun,17745,forbindelse,,,,,,,,,,,,,,,,
ncg,1,full_language,,ncg,false,Nisga'a,,,,[],[],"{""en"": 1}",en,Nisg̱a'a,noun,1459588,Nisg̱a'a,,,,,,,,,,,,,,,,
ncl,1,full_language,,ncl,false,Michoacán Nahuatl,,,,[],[],"{""en"": 1}",en,huajillo,noun,936957,huāxin,,,,,,,,,,,,,,,,
"nds,gml",1,multiple_languages,,,false,,,,,[],"[{""input"": ""nds"", ""classification"": ""full_language"", ""canonical"": ""nds"", ""name"": ""Low German""}, {""input"": ""gml"", ""classification"": ""full_language"", ""canonical"": ""gml"", ""name"": ""Middle Low German""}]","{""uk"": 1}",uk,шпрот,noun,44910,sprott,,,,,,,,,,,,,,,,
"nds-nl,mhn",1,multiple_languages,,,false,,,,,[],"[{""input"": ""nds-nl"", ""name"": ""Dutch Low Saxon"", ""parent"": ""nds"", ""root"": ""nds"", ""chain"": [""nds-nl"", ""nds""], ""section"": ""Low German"", ""classification"": ""etymology_only"", ""routing_classification"": ""external"", ""canonical"": ""nds-nl""}, {""input"": ""mhn"", ""classification"": ""full_language"", ""canonical"": ""mhn"", ""name"": ""Mòcheno""}]","{""en"": 1}",en,fish,noun,27256,visch,,,,,,,,,,,,,,,,
nev,1,full_language,,nev,false,Nyaheun,,,,[],[],"{""vi"": 1}",vi,óc,noun,19195,tʔɔk,,,,,,,,,,,,,,,,
nez,1,full_language,,nez,false,Nez Perce,,,,[],[],"{""en"": 1}",en,camas,noun,453672,qém̓es,,,,,,,,,,,,,,,,
ngb,1,full_language,,ngb,false,Northern Ngbandi,,,,[],[],"{""en"": 1}",en,Ebola,name,208931,Legbala,,,,,,,,,,,,,,,,
ngt,1,full_language,,ngt,false,Ngeq,,,,[],[],"{""vi"": 1}",vi,nốc,noun,34532,tṳuk,,,,,,,,,,,,,,,,
nhg,1,full_language,,nhg,false,Tetelcingo Nahuatl,,,,[],[],"{""es"": 1}",es,chinacate,noun,794010,tzinacatl,,,,,,,,,,,,,,,,
nhi,1,full_language,,nhi,false,Zacatlán-Ahuacatlán-Tepetzintla Nahuatl,,,,[],[],"{""es"": 1}",es,talacho,noun,436997,tlalacha,,,,,,,,,,,,,,,,
nhk,1,full_language,,nhk,false,Cosoleacaque Nahuatl,,,,[],[],"{""es"": 1}",es,Cosoleacaque,name,134782,Coxoliyacac,,,,,,,,,,,,,,,,
nhm,1,full_language,,nhm,false,Morelos Nahuatl,,,,[],[],"{""es"": 1}",es,zapalote,noun,722274,tzapalotl,,,,,,,,,,,,,,,,
niq,1,full_language,,niq,false,Nandi,,,,[],[],"{""en"": 1}",en,mursik,noun,1155710,mursik,,,,,,,,,,,,,,,,
"nl,de,lb",1,multiple_languages,,,false,,,,,[],"[{""input"": ""nl"", ""classification"": ""full_language"", ""canonical"": ""nl"", ""name"": ""Dutch""}, {""input"": ""de"", ""classification"": ""full_language"", ""canonical"": ""de"", ""name"": ""German""}, {""input"": ""lb"", ""classification"": ""full_language"", ""canonical"": ""lb"", ""name"": ""Luxembourgish""}]","{""en"": 1}",en,thank,verb,5427,danken,,,,,,,,,,,,,,,,
"nl,en,sv",1,multiple_languages,,,false,,,,,[],"[{""input"": ""nl"", ""classification"": ""full_language"", ""canonical"": ""nl"", ""name"": ""Dutch""}, {""input"": ""en"", ""classification"": ""full_language"", ""canonical"": ""en"", ""name"": ""English""}, {""input"": ""sv"", ""classification"": ""full_language"", ""canonical"": ""sv"", ""name"": ""Swedish""}]","{""eo"": 1}",eo,ringo,noun,2198,ring,,,,,,,,,,,,,,,,
"nl,it",1,multiple_languages,,,false,,,,,[],"[{""input"": ""nl"", ""classification"": ""full_language"", ""canonical"": ""nl"", ""name"": ""Dutch""}, {""input"": ""it"", ""classification"": ""full_language"", ""canonical"": ""it"", ""name"": ""Italian""}]","{""eo"": 1}",eo,mis-,prefix,1722,mis-,,,,,,,,,,,,,,,,
"nl,sk,sq",1,multiple_languages,,,false,,,,,[],"[{""input"": ""nl"", ""classification"": ""full_language"", ""canonical"": ""nl"", ""name"": ""Dutch""}, {""input"": ""sk"", ""classification"": ""full_language"", ""canonical"": ""sk"", ""name"": ""Slovak""}, {""input"": ""sq"", ""classification"": ""full_language"", ""canonical"": ""sq"", ""name"": ""Albanian""}]","{""ru"": 1}",ru,Йозеф,name,32795,Jozef,,,,,,,,,,,,,,,,
nl-BE,1,etymology_only,supported,nl-BE,false,Belgian Dutch,nl,nl,Dutch,"[""nl-BE"", ""nl""]",[],"{""fr"": 1}",fr,lambic,noun,111278,lambiek,,,,,,,,,,,,,,,,
nlm,1,full_language,,nlm,false,Mankiyali,,,,[],[],"{""en"": 1}",en,Mankiyali,name,1319499,منکیالی,,,,,,,,,,,,,,,,
"nn, da, sv",1,multiple_languages,,,false,,,,,[],"[{""input"": ""nn"", ""classification"": ""full_language"", ""canonical"": ""nn"", ""name"": ""Norwegian Nynorsk""}, {""input"": ""da"", ""classification"": ""full_language"", ""canonical"": ""da"", ""name"": ""Danish""}, {""input"": ""sv"", ""classification"": ""full_language"", ""canonical"": ""sv"", ""name"": ""Swedish""}]","{""de"": 1}",de,Wotan,name,62075,Oden,,,,,,,,,,,,,,,,
"nn,da,sv",1,multiple_languages,,,false,,,,,[],"[{""input"": ""nn"", ""classification"": ""full_language"", ""canonical"": ""nn"", ""name"": ""Norwegian Nynorsk""}, {""input"": ""da"", ""classification"": ""full_language"", ""canonical"": ""da"", ""name"": ""Danish""}, {""input"": ""sv"", ""classification"": ""full_language"", ""canonical"": ""sv"", ""name"": ""Swedish""}]","{""nl"": 1}",nl,Woen,name,73167,Oden,,,,,,,,,,,,,,,,
"nn,nb",1,multiple_languages,,,false,,,,,[],"[{""input"": ""nn"", ""classification"": ""full_language"", ""canonical"": ""nn"", ""name"": ""Norwegian Nynorsk""}, {""input"": ""nb"", ""classification"": ""full_language"", ""canonical"": ""nb"", ""name"": ""Norwegian Bokmål""}]","{""sv"": 1}",sv,kamp,noun,6021,gamp,,,,,,,,,,,,,,,,
noe,1,full_language,,noe,false,Nimadi,,,,[],[],"{""en"": 1}",en,Nimadi,noun,1383161,निमाड़ी,,,,,,,,,,,,,,,,
nol,1,full_language,,nol,false,Nomlaki,,,,[],[],"{""en"": 1}",en,Paskenta,name,637328,paskenti,,,,,,,,,,,,,,,,
"non,fo",1,multiple_languages,,,false,,,,,[],"[{""input"": ""non"", ""classification"": ""full_language"", ""canonical"": ""non"", ""name"": ""Old Norse""}, {""input"": ""fo"", ""classification"": ""full_language"", ""canonical"": ""fo"", ""name"": ""Faroese""}]","{""sv"": 1}",sv,skäppa,noun,102052,skeppa,,,,,,,,,,,,,,,,
nr,1,full_language,,nr,false,Southern Ndebele,,,,[],[],"{""en"": 1}",en,Mpumalanga,name,434431,mpumalanga,,,,,,,,,,,,,,,,
"nrf,frp",1,multiple_languages,,,false,,,,,[],"[{""input"": ""nrf"", ""classification"": ""full_language"", ""canonical"": ""nrf"", ""name"": ""Norman""}, {""input"": ""frp"", ""classification"": ""full_language"", ""canonical"": ""frp"", ""name"": ""Franco-Provençal""}]","{""fr"": 1}",fr,vous,pron,142,vos,,,,,,,,,,,,,,,,
"nrf,roa-gal",1,multiple_languages,,,false,,,,,[],"[{""input"": ""nrf"", ""classification"": ""full_language"", ""canonical"": ""nrf"", ""name"": ""Norman""}, {""input"": ""roa-gal"", ""classification"": ""full_language"", ""canonical"": ""roa-gal"", ""name"": ""Gallo""}]","{""fr"": 1}",fr,femme,noun,994,fame,,,,,,,,,,,,,,,,
nru,1,full_language,,nru,false,Narua,,,,[],[],"{""en"": 1}",en,tisese,noun,1089198,tisese,,,,,,,,,,,,,,,,
nty,1,full_language,,nty,false,Mantsi,,,,[],[],"{""en"": 1}",en,Mantsi,name,1319225,mã53 tsi53,,,,,,,,,,,,,,,,
nus,1,full_language,,nus,false,Nuer,,,,[],[],"{""en"": 1}",en,Bole,name,415025,bɛɛl,,,,,,,,,,,,,,,,
nxm,1,full_language,,nxm,false,Numidian,,,,[],[],"{""la"": 1}",la,Masinissa,name,837446,msnsn,,,,,,,,,,,,,,,,
nyf,1,full_language,,nyf,false,Giryama,,,,[],[],"{""en"": 1}",en,sengi,noun,597293,sanje,,,,,,,,,,,,,,,,
nyn,1,full_language,,nyn,false,Nyankole,,,,[],[],"{""en"": 1}",en,Ankole,name,557780,Nkore,,,,,,,,,,,,,,,,
"nyn,cgg,nyo,ttj",1,multiple_languages,,,false,,,,,[],"[{""input"": ""nyn"", ""classification"": ""full_language"", ""canonical"": ""nyn"", ""name"": ""Nyankole""}, {""input"": ""cgg"", ""classification"": ""full_language"", ""canonical"": ""cgg"", ""name"": ""Rukiga""}, {""input"": ""nyo"", ""classification"": ""full_language"", ""canonical"": ""nyo"", ""name"": ""Nyoro""}, {""input"": ""ttj"", ""classification"": ""full_language"", ""canonical"": ""ttj"", ""name"": ""Tooro""}]","{""en"": 1}",en,Runyakitara,name,1339775,Orunyakitara,,,,,,,,,,,,,,,,
nyo,1,full_language,,nyo,false,Nyoro,,,,[],[],"{""fi"": 1}",fi,bunyorokaniini,noun,183151,Bunyoro,,,,,,,,,,,,,,,,
nyy,1,full_language,,nyy,false,Nyakyusa,,,,[],[],"{""en"": 1}",en,kipunji,noun,669081,kipunji,,,,,,,,,,,,,,,,
nzb,1,full_language,,nzb,false,Njebi,,,,[],[],"{""en"": 1}",en,moabi,noun,730558,muyèbi,,,,,,,,,,,,,,,,
"oc, an",1,multiple_languages,,,false,,,,,[],"[{""input"": ""oc"", ""classification"": ""full_language"", ""canonical"": ""oc"", ""name"": ""Occitan""}, {""input"": ""an"", ""classification"": ""full_language"", ""canonical"": ""an"", ""name"": ""Aragonese""}]","{""ca"": 1}",ca,caler,verb,50553,caler,,,,,,,,,,,,,,,,
"oc, gl",1,multiple_languages,,,false,,,,,[],"[{""input"": ""oc"", ""classification"": ""full_language"", ""canonical"": ""oc"", ""name"": ""Occitan""}, {""input"": ""gl"", ""classification"": ""full_language"", ""canonical"": ""gl"", ""name"": ""Galician""}]","{""ca"": 1}",ca,gra,noun,7897,gran,,,,,,,,,,,,,,,,
"oc,fr,ro",1,multiple_languages,,,false,,,,,[],"[{""input"": ""oc"", ""classification"": ""full_language"", ""canonical"": ""oc"", ""name"": ""Occitan""}, {""input"": ""fr"", ""classification"": ""full_language"", ""canonical"": ""fr"", ""name"": ""French""}, {""input"": ""ro"", ""classification"": ""full_language"", ""canonical"": ""ro"", ""name"": ""Romanian""}]","{""pt"": 1}",pt,ano,noun,357,an,,,,,,,,,,,,,,,,
"oc,fro",1,multiple_languages,,,false,,,,,[],"[{""input"": ""oc"", ""classification"": ""full_language"", ""canonical"": ""oc"", ""name"": ""Occitan""}, {""input"": ""fro"", ""classification"": ""full_language"", ""canonical"": ""fro"", ""name"": ""Old French""}]","{""ca"": 1}",ca,cantó,noun,6802,canton,,,,,,,,,,,,,,,,
"oc,it,es,gl",1,multiple_languages,,,false,,,,,[],"[{""input"": ""oc"", ""classification"": ""full_language"", ""canonical"": ""oc"", ""name"": ""Occitan""}, {""input"": ""it"", ""classification"": ""full_language"", ""canonical"": ""it"", ""name"": ""Italian""}, {""input"": ""es"", ""classification"": ""full_language"", ""canonical"": ""es"", ""name"": ""Spanish""}, {""input"": ""gl"", ""classification"": ""full_language"", ""canonical"": ""gl"", ""name"": ""Galician""}]","{""pt"": 1}",pt,adaga,noun,46909,daga,,,,,,,,,,,,,,,,
"oc,pt,es",1,multiple_languages,,,false,,,,,[],"[{""input"": ""oc"", ""classification"": ""full_language"", ""canonical"": ""oc"", ""name"": ""Occitan""}, {""input"": ""pt"", ""classification"": ""full_language"", ""canonical"": ""pt"", ""name"": ""Portuguese""}, {""input"": ""es"", ""classification"": ""full_language"", ""canonical"": ""es"", ""name"": ""Spanish""}]","{""en"": 1}",en,glorificate,verb,696536,glorificar,,,,,,,,,,,,,,,,
oc-ara,1,etymology_only,external,oc-ara,false,Aranese,oc-gas,oc,Occitan,"[""oc-ara"", ""oc-gas"", ""oc""]",[],"{""en"": 1}",en,Val d'Aran,name,407846,Val d'Aran,,,,,,,,,,,,,,,,
oc-auv,1,etymology_only,external,oc-auv,false,Auvergnat,oc,oc,Occitan,"[""oc-auv"", ""oc""]",[],"{""fr"": 1}",fr,Chapteuil,name,139164,Chaptuèlh,,,,,,,,,,,,,,,,
odk,1,full_language,,odk,false,Od,,,,[],[],"{""en"": 1}",en,Od,name,252614,اوڊ,,,,,,,,,,,,,,,,
oia,1,full_language,,oia,false,Oirata,,,,[],[],"{""id"": 1}",id,amaruwa,noun,36725,amaruwa,,,,,,,,,,,,,,,,
oko,1,full_language,,oko,false,Old Korean,,,,[],[],"{""nb"": 1}",nb,Seoul,name,18334,徐羅伐,,,,,,,,,,,,,,,,
okz-ang,1,etymology_only,external,okz-ang,false,Angkorian Old Khmer,okz,okz,Old Khmer,"[""okz-ang"", ""okz""]",[],"{""vi"": 1}",vi,cúi,noun,21130,កុរ៑,,,,,,,,,,,,,,,,
"oma,iow,ksk,osa",1,multiple_languages,,,false,,,,,[],"[{""input"": ""oma"", ""classification"": ""full_language"", ""canonical"": ""oma"", ""name"": ""Omaha-Ponca""}, {""input"": ""iow"", ""classification"": ""full_language"", ""canonical"": ""iow"", ""name"": ""Chiwere""}, {""input"": ""ksk"", ""classification"": ""full_language"", ""canonical"": ""ksk"", ""name"": ""Kansa""}, {""input"": ""osa"", ""classification"": ""full_language"", ""canonical"": ""osa"", ""name"": ""Osage""}]","{""en"": 1}",en,Wakanda,name,376572,Wakanda,,,,,,,,,,,,,,,,
omc,1,full_language,,omc,false,Mochica,,,,[],[],"{""es"": 1}",es,poto,noun,68431,potos,,,,,,,,,,,,,,,,
omg,1,full_language,,omg,false,Omagua,,,,[],[],"{""pt"": 1}",pt,panapaná,noun,206269,panama,,,,,,,,,,,,,,,,
omk,1,full_language,,omk,false,Omok,,,,[],[],"{""hu"": 1}",hu,hó,noun,2853,ку,,,,,,,,,,,,,,,,
omq-tel,1,full_language,,omq-tel,false,Teposcolula Mixtec,,,,[],[],"{""en"": 1}",en,Etlatongo,name,1225511,Yucunduchi,,,,,,,,,,,,,,,,
onb,1,full_language,,onb,false,Lingao,,,,[],[],"{""vi"": 1}",vi,sam,noun,20546,sam¹,,,,,,,,,,,,,,,,
onw,1,full_language,,onw,false,Old Nubian,,,,[],[],"{""en"": 1}",en,Makuria,name,1487550,ⲙⲁⲕⲟⲩⲣⲓⲁ,,,,,,,,,,,,,,,,
"orv, zle-ort",1,multiple_languages,,,false,,,,,[],"[{""input"": ""orv"", ""classification"": ""full_language"", ""canonical"": ""orv"", ""name"": ""Old East Slavic""}, {""input"": ""zle-ort"", ""classification"": ""full_language"", ""canonical"": ""zle-ort"", ""name"": ""Old Ruthenian""}]","{""uk"": 1}",uk,ниць,adv,32008,ниць,,,,,,,,,,,,,,,,
"orv,cu",1,multiple_languages,,,false,,,,,[],"[{""input"": ""orv"", ""classification"": ""full_language"", ""canonical"": ""orv"", ""name"": ""Old East Slavic""}, {""input"": ""cu"", ""classification"": ""full_language"", ""canonical"": ""cu"", ""name"": ""Old Church Slavonic""}]","{""ru"": 1}",ru,серафим,noun,41083,серафимъ,,,,,,,,,,,,,,,,
os-iro,1,etymology_only,external,os-iro,false,Iron Ossetian,os,os,Ossetian,"[""os-iro"", ""os""]",[],"{""la"": 1}",la,formica,noun,1782,мӕлдзыг,,,,,,,,,,,,,,,,
osn,1,full_language,,osn,false,Old Sundanese,,,,[],[],"{""en"": 1}",en,Bekasi,name,492651,Bhagasasi,,,,,,,,,,,,,,,,
"osp,lmo",1,multiple_languages,,,false,,,,,[],"[{""input"": ""osp"", ""classification"": ""full_language"", ""canonical"": ""osp"", ""name"": ""Old Spanish""}, {""input"": ""lmo"", ""classification"": ""full_language"", ""canonical"": ""lmo"", ""name"": ""Lombard""}]","{""it"": 1}",it,muso,noun,22167,mus,,,,,,,,,,,,,,,,
oyd,1,full_language,,oyd,false,Oyda,,,,[],[],"{""en"": 1}",en,Oyda,name,1465765,Oyda,,,,,,,,,,,,,,,,
oym,1,full_language,,oym,false,Wayampi,,,,[],[],"{""en"": 1}",en,carajura,noun,1250053,karayuru,,,,,,,,,,,,,,,,
paq,1,full_language,,paq,false,Parya,,,,[],[],"{""en"": 1}",en,Parya,name,1319227,Parya,,,,,,,,,,,,,,,,
pcc,1,full_language,,pcc,false,Bouyei,,,,[],[],"{""vi"": 1}",vi,Giáy,noun,38216,Qyaix,,,,,,,,,,,,,,,,
pey,1,full_language,,pey,false,Petjo,,,,[],[],"{""id"": 1}",id,kompi,noun,14169,compies,,,,,,,,,,,,,,,,
pga,1,full_language,,pga,false,Juba Arabic,,,,[],[],"{""en"": 1}",en,merisa,noun,1405289,meriisa,,,,,,,,,,,,,,,,
phk,1,full_language,,phk,false,Phake,,,,[],[],"{""vi"": 1}",vi,tạo,noun,877,တွ်,,,,,,,,,,,,,,,,
pit,1,full_language,,pit,false,Pitta-Pitta,,,,[],[],"{""en"": 1}",en,pituri,noun,1035033,pijiri,,,,,,,,,,,,,,,,
"pl,cs",1,multiple_languages,,,false,,,,,[],"[{""input"": ""pl"", ""classification"": ""full_language"", ""canonical"": ""pl"", ""name"": ""Polish""}, {""input"": ""cs"", ""classification"": ""full_language"", ""canonical"": ""cs"", ""name"": ""Czech""}]","{""de"": 1}",de,Beeskow,name,72268,bez,,,,,,,,,,,,,,,,
"pl,csb,dsb,hsb",1,multiple_languages,,,false,,,,,[],"[{""input"": ""pl"", ""classification"": ""full_language"", ""canonical"": ""pl"", ""name"": ""Polish""}, {""input"": ""csb"", ""classification"": ""full_language"", ""canonical"": ""csb"", ""name"": ""Kashubian""}, {""input"": ""dsb"", ""classification"": ""full_language"", ""canonical"": ""dsb"", ""name"": ""Lower Sorbian""}, {""input"": ""hsb"", ""classification"": ""full_language"", ""canonical"": ""hsb"", ""name"": ""Upper Sorbian""}]","{""ru"": 1}",ru,золото,noun,3098,złoto,,,,,,,,,,,,,,,,
"pl,hsb",1,multiple_languages,,,false,,,,,[],"[{""input"": ""pl"", ""classification"": ""full_language"", ""canonical"": ""pl"", ""name"": ""Polish""}, {""input"": ""hsb"", ""classification"": ""full_language"", ""canonical"": ""hsb"", ""name"": ""Upper Sorbian""}]","{""en"": 1}",en,weak,adj,46728,wić,,,,,,,,,,,,,,,,
"pl,sl",1,multiple_languages,,,false,,,,,[],"[{""input"": ""pl"", ""classification"": ""full_language"", ""canonical"": ""pl"", ""name"": ""Polish""}, {""input"": ""sl"", ""classification"": ""full_language"", ""canonical"": ""sl"", ""name"": ""Slovene""}]","{""en"": 1}",en,acorn,noun,305541,jagoda,,,,,,,,,,,,,,,,
plo,1,full_language,,plo,false,Oluta Popoluca,,,,[],[],"{""en"": 1}",en,Acayucan,name,1206661,Capeꞌnʉ̱p,,,,,,,,,,,,,,,,
plq,1,full_language,,plq,false,Palaic,,,,[],[],"{""la"": 1}",la,ensis,noun,17138,𒄩𒅆𒄿𒊏𒄠,,,,,,,,,,,,,,,,
ply,1,full_language,,ply,false,Bolyu,,,,[],[],"{""vi"": 1}",vi,kiến,noun,2870,ɣəːn³³,,,,,,,,,,,,,,,,
pmf,1,full_language,,pmf,false,Pamona,,,,[],[],"{""id"": 1}",id,kawao,noun,32755,kawao,,,,,,,,,,,,,,,,
"pms,scn",1,multiple_languages,,,false,,,,,[],"[{""input"": ""pms"", ""classification"": ""full_language"", ""canonical"": ""pms"", ""name"": ""Piedmontese""}, {""input"": ""scn"", ""classification"": ""full_language"", ""canonical"": ""scn"", ""name"": ""Sicilian""}]","{""it"": 1}",it,schiuma,noun,26695,scuma,,,,,,,,,,,,,,,,
pnw,1,full_language,,pnw,false,Panyjima,,,,[],[],"{""en"": 1}",en,Pilbara,name,407629,bilybara,,,,,,,,,,,,,,,,
poi,1,full_language,,poi,false,Highland Popoluca,,,,[],[],"{""en"": 1}",en,Acayucan,name,1206661,Ca̱pñɨɨm,,,,,,,,,,,,,,,,
pom,1,full_language,,pom,false,Southeastern Pomo,,,,[],[],"{""en"": 1}",en,Gualala,name,594533,Qh awála-li,,,,,,,,,,,,,,,,
pos,1,full_language,,pos,false,Sayula Popoluca,,,,[],[],"{""en"": 1}",en,Acayucan,name,1206661,Capnʉꞌm,,,,,,,,,,,,,,,,
poz-sml,1,full_language,,poz-sml,false,Sarawak Malay,,,,[],[],"{""id"": 1}",id,Sarawak,name,21206,serawak,,,,,,,,,,,,,,,,
pra-ard,1,etymology_only,external,pra-ard,false,Ardhamagadhi Prakrit,pra,pra,Prakrit,"[""pra-ard"", ""pra""]",[],"{""id"": 1}",id,cula,noun,23375,cūlā,,,,,,,,,,,,,,,,
pra-mah,1,etymology_only,external,pra-mah,false,Maharastri Prakrit,pra,pra,Prakrit,"[""pra-mah"", ""pra""]",[],"{""en"": 1}",en,padwal,noun,965842,𑀧𑀟𑁄𑀮,,,,,,,,,,,,,,,,
"pro,oc,ca",1,multiple_languages,,,false,,,,,[],"[{""input"": ""pro"", ""classification"": ""full_language"", ""canonical"": ""pro"", ""name"": ""Old Occitan""}, {""input"": ""oc"", ""classification"": ""full_language"", ""canonical"": ""oc"", ""name"": ""Occitan""}, {""input"": ""ca"", ""classification"": ""full_language"", ""canonical"": ""ca"", ""name"": ""Catalan""}]","{""fr"": 1}",fr,trouvère,noun,88387,trobador,,,,,,,,,,,,,,,,
prx,1,full_language,,prx,false,Purik,,,,[],[],"{""en"": 1}",en,Purgi,name,1319239,پرگی,,,,,,,,,,,,,,,,
"pt, ast",1,multiple_languages,,,false,,,,,[],"[{""input"": ""pt"", ""classification"": ""full_language"", ""canonical"": ""pt"", ""name"": ""Portuguese""}, {""input"": ""ast"", ""classification"": ""full_language"", ""canonical"": ""ast"", ""name"": ""Asturian""}]","{""gl"": 1}",gl,afumar,verb,86209,afumar,,,,,,,,,,,,,,,,
"pt, gl, es, it",1,multiple_languages,,,false,,,,,[],"[{""input"": ""pt"", ""classification"": ""full_language"", ""canonical"": ""pt"", ""name"": ""Portuguese""}, {""input"": ""gl"", ""classification"": ""full_language"", ""canonical"": ""gl"", ""name"": ""Galician""}, {""input"": ""es"", ""classification"": ""full_language"", ""canonical"": ""es"", ""name"": ""Spanish""}, {""input"": ""it"", ""classification"": ""full_language"", ""canonical"": ""it"", ""name"": ""Italian""}]","{""pt"": 1}",pt,noa,noun,57052,nona,,,,,,,,,,,,,,,,
"pt,ast,es",1,multiple_languages,,,false,,,,,[],"[{""input"": ""pt"", ""classification"": ""full_language"", ""canonical"": ""pt"", ""name"": ""Portuguese""}, {""input"": ""ast"", ""classification"": ""full_language"", ""canonical"": ""ast"", ""name"": ""Asturian""}, {""input"": ""es"", ""classification"": ""full_language"", ""canonical"": ""es"", ""name"": ""Spanish""}]","{""gl"": 1}",gl,perdiz,noun,5047,perdiz,,,,,,,,,,,,,,,,
"pt,ast,es, ca",1,multiple_languages,,,false,,,,,[],"[{""input"": ""pt"", ""classification"": ""full_language"", ""canonical"": ""pt"", ""name"": ""Portuguese""}, {""input"": ""ast"", ""classification"": ""full_language"", ""canonical"": ""ast"", ""name"": ""Asturian""}, {""input"": ""es"", ""classification"": ""full_language"", ""canonical"": ""es"", ""name"": ""Spanish""}, {""input"": ""ca"", ""classification"": ""full_language"", ""canonical"": ""ca"", ""name"": ""Catalan""}]","{""gl"": 1}",gl,cagar,verb,4822,cagar,,,,,,,,,,,,,,,,
"pt,es,ca",1,multiple_languages,,,false,,,,,[],"[{""input"": ""pt"", ""classification"": ""full_language"", ""canonical"": ""pt"", ""name"": ""Portuguese""}, {""input"": ""es"", ""classification"": ""full_language"", ""canonical"": ""es"", ""name"": ""Spanish""}, {""input"": ""ca"", ""classification"": ""full_language"", ""canonical"": ""ca"", ""name"": ""Catalan""}]","{""gl"": 1}",gl,barril,noun,4314,barril,,,,,,,,,,,,,,,,
"pt,fax",1,multiple_languages,,,false,,,,,[],"[{""input"": ""pt"", ""classification"": ""full_language"", ""canonical"": ""pt"", ""name"": ""Portuguese""}, {""input"": ""fax"", ""classification"": ""full_language"", ""canonical"": ""fax"", ""name"": ""Fala""}]","{""gl"": 1}",gl,rei,noun,4193,rei,,,,,,,,,,,,,,,,
"pt,gl,ca,oc",1,multiple_languages,,,false,,,,,[],"[{""input"": ""pt"", ""classification"": ""full_language"", ""canonical"": ""pt"", ""name"": ""Portuguese""}, {""input"": ""gl"", ""classification"": ""full_language"", ""canonical"": ""gl"", ""name"": ""Galician""}, {""input"": ""ca"", ""classification"": ""full_language"", ""canonical"": ""ca"", ""name"": ""Catalan""}, {""input"": ""oc"", ""classification"": ""full_language"", ""canonical"": ""oc"", ""name"": ""Occitan""}]","{""es"": 1}",es,trocar,verb,134990,trocar,,,,,,,,,,,,,,,,
puy,1,full_language,,puy,false,Purisimeño,,,,[],[],"{""en"": 1}",en,Lompoc,name,442114,lompoʼ,,,,,,,,,,,,,,,,
pyu,1,full_language,,pyu,false,Puyuma,,,,[],[],"{""en"": 1}",en,taoke,noun,1444061,tawki,,,,,,,,,,,,,,,,
pzh,1,full_language,,pzh,false,Pazeh,,,,[],[],"{""id"": 1}",id,basuh,verb,18520,bazu’,,,,,,,,,,,,,,,,
qwe-kch,1,full_language,,qwe-kch,false,Kichwa,,,,[],[],"{""es"": 1}",es,yaguarlocro,noun,404144,yawar,,,,,,,,,,,,,,,,
qwm-cum,1,etymology_only,external,qwm-cum,false,Cuman,qwm,qwm,Kipchak,"[""qwm-cum"", ""qwm""]",[],"{""tr"": 1}",tr,bardak,noun,3569,bardac,,,,,,,,,,,,,,,,
qwm-mam,1,etymology_only,external,qwm-mam,false,Mamluk-Kipchak,qwm,qwm,Kipchak,"[""qwm-mam"", ""qwm""]",[],"{""tr"": 1}",tr,sidik,noun,19565,سيتُك,,,,,,,,,,,,,,,,
raw,1,full_language,,raw,false,Rawang,,,,[],[],"{""vi"": 1}",vi,vác,verb,24317,baq,,,,,,,,,,,,,,,,
"rm,ca",1,multiple_languages,,,false,,,,,[],"[{""input"": ""rm"", ""classification"": ""full_language"", ""canonical"": ""rm"", ""name"": ""Romansh""}, {""input"": ""ca"", ""classification"": ""full_language"", ""canonical"": ""ca"", ""name"": ""Catalan""}]","{""ro"": 1}",ro,umfla,verb,20987,unflar,,,,,,,,,,,,,,,,
rml,1,full_language,,rml,false,Baltic Romani,,,,[],[],"{""en"": 1}",en,Django,name,303562,džangavel,,,,,,,,,,,,,,,,
"roa-ang,roa-bbn,roa-brg,roa-cha,roa-lor,roa-orl,roa-poi",1,multiple_languages,,,false,,,,,[],"[{""input"": ""roa-ang"", ""classification"": ""full_language"", ""canonical"": ""roa-ang"", ""name"": ""Angevin""}, {""input"": ""roa-bbn"", ""classification"": ""full_language"", ""canonical"": ""roa-bbn"", ""name"": ""Bourbonnais-Berrichon""}, {""input"": ""roa-brg"", ""classification"": ""full_language"", ""canonical"": ""roa-brg"", ""name"": ""Bourguignon""}, {""input"": ""roa-cha"", ""classification"": ""full_language"", ""canonical"": ""roa-cha"", ""name"": ""Champenois""}, {""input"": ""roa-lor"", ""classification"": ""full_language"", ""canonical"": ""roa-lor"", ""name"": ""Lorrain""}, {""input"": ""roa-orl"", ""classification"": ""full_language"", ""canonical"": ""roa-orl"", ""name"": ""Orléanais""}, {""input"": ""roa-poi"", ""classification"": ""full_language"", ""canonical"": ""roa-poi"", ""name"": ""Poitevin-Saintongeais""}]","{""fr"": 1}",fr,vous,pron,142,vous,,,,,,,,,,,,,,,,
"roa-ang,roa-cha,roa-lor,roa-orl",1,multiple_languages,,,false,,,,,[],"[{""input"": ""roa-ang"", ""classification"": ""full_language"", ""canonical"": ""roa-ang"", ""name"": ""Angevin""}, {""input"": ""roa-cha"", ""classification"": ""full_language"", ""canonical"": ""roa-cha"", ""name"": ""Champenois""}, {""input"": ""roa-lor"", ""classification"": ""full_language"", ""canonical"": ""roa-lor"", ""name"": ""Lorrain""}, {""input"": ""roa-orl"", ""classification"": ""full_language"", ""canonical"": ""roa-orl"", ""name"": ""Orléanais""}]","{""fr"": 1}",fr,ils,pron,225,is,,,,,,,,,,,,,,,,
"roa-fcm,roa-poi",1,multiple_languages,,,false,,,,,[],"[{""input"": ""roa-fcm"", ""classification"": ""full_language"", ""canonical"": ""roa-fcm"", ""name"": ""Franc-Comtois""}, {""input"": ""roa-poi"", ""classification"": ""full_language"", ""canonical"": ""roa-poi"", ""name"": ""Poitevin-Saintongeais""}]","{""fr"": 1}",fr,ils,pron,225,és,,,,,,,,,,,,,,,,
roa-gis,1,full_language,,roa-gis,false,Gallo-Italic of Sicily,,,,[],[],"{""ro"": 1}",ro,flacără,noun,13979,ciàccara,,,,,,,,,,,,,,,,
"roa-leo,ast",1,multiple_languages,,,false,,,,,[],"[{""input"": ""roa-leo"", ""classification"": ""full_language"", ""canonical"": ""roa-leo"", ""name"": ""Leonese""}, {""input"": ""ast"", ""classification"": ""full_language"", ""canonical"": ""ast"", ""name"": ""Asturian""}]","{""pt"": 1}",pt,arco-da-velha,noun,13180,arcu la vieya,,,,,,,,,,,,,,,,
"roa-oca,ca,frp",1,multiple_languages,,,false,,,,,[],"[{""input"": ""roa-oca"", ""classification"": ""full_language"", ""canonical"": ""roa-oca"", ""name"": ""Old Catalan""}, {""input"": ""ca"", ""classification"": ""full_language"", ""canonical"": ""ca"", ""name"": ""Catalan""}, {""input"": ""frp"", ""classification"": ""full_language"", ""canonical"": ""frp"", ""name"": ""Franco-Provençal""}]","{""it"": 1}",it,imbatto,noun,72654,embat,,,,,,,,,,,,,,,,
"roa-opt,osp",1,multiple_languages,,,false,,,,,[],"[{""input"": ""roa-opt"", ""classification"": ""full_language"", ""canonical"": ""roa-opt"", ""name"": ""Old Galician-Portuguese""}, {""input"": ""osp"", ""classification"": ""full_language"", ""canonical"": ""osp"", ""name"": ""Old Spanish""}]","{""it"": 1}",it,argento,noun,7241,arento,,,,,,,,,,,,,,,,
rrm,1,full_language,,rrm,false,Moriori,,,,[],[],"{""en"": 1}",en,mehoriki,noun,978855,mehoriki,,,,,,,,,,,,,,,,
"rsk,ru",1,multiple_languages,,,false,,,,,[],"[{""input"": ""rsk"", ""classification"": ""full_language"", ""canonical"": ""rsk"", ""name"": ""Pannonian Rusyn""}, {""input"": ""ru"", ""classification"": ""full_language"", ""canonical"": ""ru"", ""name"": ""Russian""}]","{""uk"": 1}",uk,-иня,suffix,51909,-иня,,,,,,,,,,,,,,,,
"ru, be",1,multiple_languages,,,false,,,,,[],"[{""input"": ""ru"", ""classification"": ""full_language"", ""canonical"": ""ru"", ""name"": ""Russian""}, {""input"": ""be"", ""classification"": ""full_language"", ""canonical"": ""be"", ""name"": ""Belarusian""}]","{""uk"": 1}",uk,сер,noun,6450,сэр,,,,,,,,,,,,,,,,
"ru,bg,mk",1,multiple_languages,,,false,,,,,[],"[{""input"": ""ru"", ""classification"": ""full_language"", ""canonical"": ""ru"", ""name"": ""Russian""}, {""input"": ""bg"", ""classification"": ""full_language"", ""canonical"": ""bg"", ""name"": ""Bulgarian""}, {""input"": ""mk"", ""classification"": ""full_language"", ""canonical"": ""mk"", ""name"": ""Macedonian""}]","{""uk"": 1}",uk,килим,noun,12496,кили́м,,,,,,,,,,,,,,,,
"rue,rsk",1,multiple_languages,,,false,,,,,[],"[{""input"": ""rue"", ""classification"": ""full_language"", ""canonical"": ""rue"", ""name"": ""Carpathian Rusyn""}, {""input"": ""rsk"", ""classification"": ""full_language"", ""canonical"": ""rsk"", ""name"": ""Pannonian Rusyn""}]","{""uk"": 1}",uk,когут,noun,18451,когут,,,,,,,,,,,,,,,,
"rue,ru",1,multiple_languages,,,false,,,,,[],"[{""input"": ""rue"", ""classification"": ""full_language"", ""canonical"": ""rue"", ""name"": ""Carpathian Rusyn""}, {""input"": ""ru"", ""classification"": ""full_language"", ""canonical"": ""ru"", ""name"": ""Russian""}]","{""uk"": 1}",uk,сторінка,noun,3471,сторо́нка,,,,,,,,,,,,,,,,
"ruq, ruo",1,multiple_languages,,,false,,,,,[],"[{""input"": ""ruq"", ""classification"": ""full_language"", ""canonical"": ""ruq"", ""name"": ""Megleno-Romanian""}, {""input"": ""ruo"", ""classification"": ""full_language"", ""canonical"": ""ruo"", ""name"": ""Istro-Romanian""}]","{""ro"": 1}",ro,cuteza,verb,38877,cutez,,,,,,,,,,,,,,,,
rzh,1,full_language,,rzh,false,Razihi,,,,[],[],"{""en"": 1}",en,Razihi,name,1319817,رزيحي,,,,,,,,,,,,,,,,
"sah, dlg",1,multiple_languages,,,false,,,,,[],"[{""input"": ""sah"", ""classification"": ""full_language"", ""canonical"": ""sah"", ""name"": ""Yakut""}, {""input"": ""dlg"", ""classification"": ""full_language"", ""canonical"": ""dlg"", ""name"": ""Dolgan""}]","{""tr"": 1}",tr,oyun,noun,566,ой,,,,,,,,,,,,,,,,
sai-car,1,family,,sai-car,false,Cariban,,,,[],[],"{""pl"": 1}",pl,sawanna,noun,78949,zavana,,,,,,,,,,,,,,,,
sai-ctq,1,full_language,,sai-ctq,false,Catuquinaru,,,,[],[],"{""en"": 1}",en,cambarysu,noun,1100873,cambarysú,,,,,,,,,,,,,,,,
sai-mlb,1,full_language,,sai-mlb,false,Malibu,,,,[],[],"{""en"": 1}",en,Malibu,name,250047,malibu,,,,,,,,,,,,,,,,
sai-qmb,1,full_language,,sai-qmb,false,Quimbaya,,,,[],[],"{""en"": 1}",en,Quindío,name,1059412,quindío,,,,,,,,,,,,,,,,
sai-yao,1,full_language,,sai-yao,false,Yao (South America),,,,[],[],"{""en"": 1}",en,piai,noun,987150,peeiai,,,,,,,,,,,,,,,,
sbn,1,full_language,,sbn,false,Sindhi Bhil,,,,[],[],"{""en"": 1}",en,Meghwar Bhil,name,1318498,ميگهواڙ ڀيل,,,,,,,,,,,,,,,,
sc-old,1,etymology_only,external,sc-old,false,Old Sardinian,sc,sc,Sardinian,"[""sc-old"", ""sc""]",[],"{""ro"": 1}",ro,câștiga,verb,3216,castigare,,,,,,,,,,,,,,,,
sci,1,full_language,,sci,false,Sri Lankan Creole Malay,,,,[],[],"{""id"": 1}",id,preman,noun,10267,priman,,,,,,,,,,,,,,,,
sdg,1,full_language,,sdg,false,Savi,,,,[],[],"{""en"": 1}",en,Sawi,name,575198,ساوی,,,,,,,,,,,,,,,,
sds,1,full_language,,sds,false,Tunisian Berber,,,,[],[],"{""en"": 1}",en,Tataouine,name,1091999,tiṭ,tiṭṭawin,,,,,,,,,,,,,,,
sem-sam,1,full_language,,sem-sam,false,Samalian,,,,[],[],"{""en"": 1}",en,Damascus,name,214380,𐤃𐤌𐤔𐤒,,,,,,,,,,,,,,,,
sem-tay,1,full_language,,sem-tay,false,Taymanitic,,,,[],[],"{""en"": 1}",en,Tayma,name,1055514,𐪉𐪃𐪑,,,,,,,,,,,,,,,,
ser,1,full_language,,ser,false,Serrano,,,,[],[],"{""en"": 1}",en,Yucaipa,name,499380,yucaipat,,,,,,,,,,,,,,,,
sfw,1,full_language,,sfw,false,Sehwi,,,,[],[],"{""en"": 1}",en,danta,noun,583194,danta,,,,,,,,,,,,,,,,
sg,1,full_language,,sg,false,Sango,,,,[],[],"{""fr"": 1}",fr,chouia,noun,88680,suiya,,,,,,,,,,,,,,,,
sgd,1,full_language,,sgd,false,Surigaonon,,,,[],[],"{""en"": 1}",en,Siargao,name,557943,Siargao,,,,,,,,,,,,,,,,
sgu,1,full_language,,sgu,false,Salas,,,,[],[],"{""id"": 1}",id,ululita,noun,37302,ulilita,,,,,,,,,,,,,,,,
sgw,1,full_language,,sgw,false,Sebat Bet Gurage,,,,[],[],"{""en"": 1}",en,guereza,noun,731741,gureza,,,,,,,,,,,,,,,,
sgy,1,full_language,,sgy,false,Sanglechi,,,,[],[],"{""en"": 1}",en,Sanglechi,name,1319226,سنگلیچی,,,,,,,,,,,,,,,,
"sh,ru",1,multiple_languages,,,false,,,,,[],"[{""input"": ""sh"", ""classification"": ""full_language"", ""canonical"": ""sh"", ""name"": ""Serbo-Croatian""}, {""input"": ""ru"", ""classification"": ""full_language"", ""canonical"": ""ru"", ""name"": ""Russian""}]","{""en"": 1}",en,Ekaterina,name,396269,Екатерина,,,,,,,,,,,,,,,,
"sh,sl",1,multiple_languages,,,false,,,,,[],"[{""input"": ""sh"", ""classification"": ""full_language"", ""canonical"": ""sh"", ""name"": ""Serbo-Croatian""}, {""input"": ""sl"", ""classification"": ""full_language"", ""canonical"": ""sl"", ""name"": ""Slovene""}]","{""ro"": 1}",ro,rață,noun,11743,raca,,,,,,,,,,,,,,,,
shd,1,full_language,,shd,false,Kundal Shahi,,,,[],[],"{""en"": 1}",en,Kundal Shahi,name,1319276,کنڈل شاہی,,,,,,,,,,,,,,,,
shu,1,full_language,,shu,false,Chadian Arabic,,,,[],[],"{""en"": 1}",en,Baggara,noun,1257634,بقارى,,,,,,,,,,,,,,,,
shy,1,full_language,,shy,false,Tachawit,,,,[],[],"{""en"": 1}",en,Biskra,name,596168,ⵜⵉⴱⴻⵙⴽⴻⵔⵜ,,,,,,,,,,,,,,,,
sjn,1,full_language,,sjn,false,Sindarin,,,,[],[],"{""en"": 1}",en,Rohirric,name,1022646,roch,,,,,,,,,,,,,,,,
sjo,1,full_language,,sjo,false,Xibe,,,,[],[],"{""en"": 1}",en,Sibe,noun,620638,ᠰᡞᠪᡝ,,,,,,,,,,,,,,,,
sjs,1,full_language,,sjs,false,Senhaja de Srair,,,,[],[],"{""la"": 1}",la,plumbum,noun,3572,andun,,,,,,,,,,,,,,,,
"sk,cs",1,multiple_languages,,,false,,,,,[],"[{""input"": ""sk"", ""classification"": ""full_language"", ""canonical"": ""sk"", ""name"": ""Slovak""}, {""input"": ""cs"", ""classification"": ""full_language"", ""canonical"": ""cs"", ""name"": ""Czech""}]","{""ru"": 1}",ru,Калашников,name,23176,koláč,,,,,,,,,,,,,,,,
skd,1,full_language,,skd,false,Southern Sierra Miwok,,,,[],[],"{""en"": 1}",en,Ahwahnee,name,581951,awwo,,,,,,,,,,,,,,,,
skm,1,full_language,,skm,false,Sakam,,,,[],[],"{""ru"": 1}",ru,торить,verb,422549,то̏р,,,,,,,,,,,,,,,,
slu,1,full_language,,slu,false,Selaru,,,,[],[],"{""id"": 1}",id,riba,verb,16511,riha,,,,,,,,,,,,,,,,
smp,1,full_language,,smp,false,Samaritan Hebrew,,,,[],[],"{""el"": 1}",el,Ιαβαι,name,56966,ࠉࠞࠄࠬࠅࠝࠄ,,,,,,,,,,,,,,,,
smr,1,full_language,,smr,false,Simeulue,,,,[],[],"{""id"": 1}",id,semong,noun,28985,smong,,,,,,,,,,,,,,,,
sqt,1,full_language,,sqt,false,Soqotri,,,,[],[],"{""en"": 1}",en,Soqotri,name,1319537,سقطري,,,,,,,,,,,,,,,,
srh,1,full_language,,srh,false,Sarikoli,,,,[],[],"{""fi"": 1}",fi,petkel,noun,113871,petgāl,,,,,,,,,,,,,,,,
srq,1,full_language,,srq,false,Sirionó,,,,[],[],"{""pt"": 1}",pt,panapaná,noun,206269,ana ana,,,,,,,,,,,,,,,,
srr,1,full_language,,srr,false,Serer,,,,[],[],"{""en"": 1}",en,Sene,name,468476,Sène,,,,,,,,,,,,,,,,
ssm,1,full_language,,ssm,false,Semnam,,,,[],[],"{""id"": 1}",id,kelamin,noun,6624,kəːl,,,,,,,,,,,,,,,,
sts,1,full_language,,sts,false,Shumashti,,,,[],[],"{""en"": 1}",en,Shumashti,name,1319112,ݜماݜتی,,,,,,,,,,,,,,,,
"su, jv",1,multiple_languages,,,false,,,,,[],"[{""input"": ""su"", ""classification"": ""full_language"", ""canonical"": ""su"", ""name"": ""Sundanese""}, {""input"": ""jv"", ""classification"": ""full_language"", ""canonical"": ""jv"", ""name"": ""Javanese""}]","{""id"": 1}",id,nama,noun,262,ngaran,,,,,,,,,,,,,,,,
suk,1,full_language,,suk,false,Sukuma,,,,[],[],"{""de"": 1}",de,Wahi,noun,178513,Vaahi,,,,,,,,,,,,,,,,
suz,1,full_language,,suz,false,Sunwar,,,,[],[],"{""en"": 1}",en,Sunwar,noun,1383810,सुनुवार,,,,,,,,,,,,,,,,
"sv,no,da",1,multiple_languages,,,false,,,,,[],"[{""input"": ""sv"", ""classification"": ""full_language"", ""canonical"": ""sv"", ""name"": ""Swedish""}, {""input"": ""no"", ""classification"": ""full_language"", ""canonical"": ""no"", ""name"": ""Norwegian""}, {""input"": ""da"", ""classification"": ""full_language"", ""canonical"": ""da"", ""name"": ""Danish""}]","{""cs"": 1}",cs,Ingrid,name,16251,Ingrid,,,,,,,,,,,,,,,,
sva,1,full_language,,sva,false,Svan,,,,[],[],"{""ru"": 1}",ru,гул,noun,32362,გულ,,,,,,,,,,,,,,,,
taa,1,full_language,,taa,false,Lower Tanana,,,,[],[],"{""en"": 1}",en,Minto,name,404468,Menhti,,,,,,,,,,,,,,,,
tab,1,full_language,,tab,false,Tabasaran,,,,[],[],"{""tr"": 1}",tr,buğu,noun,37691,бугъ,,,,,,,,,,,,,,,,
tae,1,full_language,,tae,false,Tariana,,,,[],[],"{""en"": 1}",en,manicole,noun,1164052,mánaka,,,,,,,,,,,,,,,,
tbl,1,full_language,,tbl,false,Tboli,,,,[],[],"{""id"": 1}",id,labu,noun,10363,labuk,,,,,,,,,,,,,,,,
tbq,1,family,,tbq,false,Tibeto-Burman,,,,[],[],"{""en"": 1}",en,Mao,name,212886,Mao,,,,,,,,,,,,,,,,
tdg,1,full_language,,tdg,false,Western Tamang,,,,[],[],"{""vi"": 1}",vi,cẳng,noun,29344,कङ्,,,,,,,,,,,,,,,,
tef,1,full_language,,tef,false,Teressa,,,,[],[],"{""vi"": 1}",vi,nhậu,verb,26164,nyūḵ,,,,,,,,,,,,,,,,
tep,1,full_language,,tep,false,Tepecano,,,,[],[],"{""en"": 1}",en,Azqueltán,name,1217477,toʹtona·rtám,,,,,,,,,,,,,,,,
thv,1,etymology_only,external,thv,false,Tamahaq,tmh,tmh,Tuareg,"[""thv"", ""tmh""]",[],"{""en"": 1}",en,elephant,noun,126181,êlu,,,,,,,,,,,,,,,,
tig,1,full_language,,tig,false,Tigre,,,,[],[],"{""la"": 1}",la,ebur,noun,11075,ኣቦት,,,,,,,,,,,,,,,,
tiw,1,full_language,,tiw,false,Tiwi,,,,[],[],"{""en"": 1}",en,ningaui,noun,1398926,nyingawi,,,,,,,,,,,,,,,,
tiy,1,full_language,,tiy,false,Tiruray,,,,[],[],"{""id"": 1}",id,kerapu,noun,19580,kurafu,,,,,,,,,,,,,,,,
tjw,1,full_language,,tjw,false,Chaap Wuurong,,,,[],[],"{""en"": 1}",en,mihirung,noun,954537,mihirung paringmal,,,,,,,,,,,,,,,,
"tk, crh",1,multiple_languages,,,false,,,,,[],"[{""input"": ""tk"", ""classification"": ""full_language"", ""canonical"": ""tk"", ""name"": ""Turkmen""}, {""input"": ""crh"", ""classification"": ""full_language"", ""canonical"": ""crh"", ""name"": ""Crimean Tatar""}]","{""tr"": 1}",tr,sekiz,num,1984,sekiz,,,,,,,,,,,,,,,,
"tk,gag",1,multiple_languages,,,false,,,,,[],"[{""input"": ""tk"", ""classification"": ""full_language"", ""canonical"": ""tk"", ""name"": ""Turkmen""}, {""input"": ""gag"", ""classification"": ""full_language"", ""canonical"": ""gag"", ""name"": ""Gagauz""}]","{""tr"": 1}",tr,şimdi,adv,207,şindi,,,,,,,,,,,,,,,,
"tk,uz",1,multiple_languages,,,false,,,,,[],"[{""input"": ""tk"", ""classification"": ""full_language"", ""canonical"": ""tk"", ""name"": ""Turkmen""}, {""input"": ""uz"", ""classification"": ""full_language"", ""canonical"": ""uz"", ""name"": ""Uzbek""}]","{""tr"": 1}",tr,am,noun,4239,am,,,,,,,,,,,,,,,,
tkn,1,full_language,,tkn,false,Tokunoshima,,,,[],[],"{""en"": 1}",en,domoic acid,noun,569288,ドウモイ,,,,,,,,,,,,,,,,
tks,1,full_language,,tks,false,Ramandi,,,,[],[],"{""fi"": 1}",fi,tati,noun,70334,تاتون,,,,,,,,,,,,,,,,
"tl, ceb",1,multiple_languages,,,false,,,,,[],"[{""input"": ""tl"", ""classification"": ""full_language"", ""canonical"": ""tl"", ""name"": ""Tagalog""}, {""input"": ""ceb"", ""classification"": ""full_language"", ""canonical"": ""ceb"", ""name"": ""Cebuano""}]","{""id"": 1}",id,manusia,noun,412,tawo,,,,,,,,,,,,,,,,
tnk,1,full_language,,tnk,false,Kwamera,,,,[],[],"{""en"": 1}",en,Tanna,name,445258,tana,,,,,,,,,,,,,,,,
tog,1,full_language,,tog,false,Tonga (Malawi),,,,[],[],"{""en"": 1}",en,mbuna,noun,622328,mbuna,,,,,,,,,,,,,,,,
tra,1,full_language,,tra,false,Tirahi,,,,[],[],"{""en"": 1}",en,Tirahi,name,1319541,تراہی,,,,,,,,,,,,,,,,
tsv,1,full_language,,tsv,false,Tsogo,,,,[],[],"{""en"": 1}",en,okoume,noun,1206117,okumé,,,,,,,,,,,,,,,,
"tt, ba",1,multiple_languages,,,false,,,,,[],"[{""input"": ""tt"", ""classification"": ""full_language"", ""canonical"": ""tt"", ""name"": ""Tatar""}, {""input"": ""ba"", ""classification"": ""full_language"", ""canonical"": ""ba"", ""name"": ""Bashkir""}]","{""tr"": 1}",tr,güreş,noun,8103,көрәш,,,,,,,,,,,,,,,,
tth,1,full_language,,tth,false,Upper Ta'oih,,,,[],[],"{""vi"": 1}",vi,Truồi,name,40617,atruôi,,,,,,,,,,,,,,,,
ttt,1,full_language,,ttt,false,Tat,,,,[],[],"{""ru"": 1}",ru,кирка,noun,49027,kerki,,,,,,,,,,,,,,,,
tup,1,family,,tup,false,Tupian,,,,[],[],"{""en"": 1}",en,aracari,noun,1001035,arasári,,,,,,,,,,,,,,,,
tuq,1,full_language,,tuq,false,Tedaga,,,,[],[],"{""en"": 1}",en,Teda,name,536226,Teda,,,,,,,,,,,,,,,,
tzh,1,full_language,,tzh,false,Tzeltal,,,,[],[],"{""en"": 1}",en,cantil,noun,586409,kantiil,,,,,,,,,,,,,,,,
tzl,1,full_language,,tzl,false,Talossan,,,,[],[],"{""en"": 1}",en,Talossa,name,934082,Talossa,,,,,,,,,,,,,,,,
tzo,1,full_language,,tzo,false,Tzotzil,,,,[],[],"{""es"": 1}",es,Zinacantán,name,165327,sots'leb,,,,,,,,,,,,,,,,
udi,1,full_language,,udi,false,Udi,,,,[],[],"{""tr"": 1}",tr,domalan,noun,23531,телепа,,,,,,,,,,,,,,,,
"uk,be",1,multiple_languages,,,false,,,,,[],"[{""input"": ""uk"", ""classification"": ""full_language"", ""canonical"": ""uk"", ""name"": ""Ukrainian""}, {""input"": ""be"", ""classification"": ""full_language"", ""canonical"": ""be"", ""name"": ""Belarusian""}]","{""ru"": 1}",ru,минерал,noun,35271,мінера́л,,,,,,,,,,,,,,,,
"uk,bg",1,multiple_languages,,,false,,,,,[],"[{""input"": ""uk"", ""classification"": ""full_language"", ""canonical"": ""uk"", ""name"": ""Ukrainian""}, {""input"": ""bg"", ""classification"": ""full_language"", ""canonical"": ""bg"", ""name"": ""Bulgarian""}]","{""ru"": 1}",ru,Калашников,name,23176,кола́ч,,,,,,,,,,,,,,,,
uln,1,full_language,,uln,false,Unserdeutsch,,,,[],[],"{""en"": 1}",en,Unserdeutsch,name,677328,Unserdeutsch,,,,,,,,,,,,,,,,
umc,1,full_language,,umc,false,Marrucinian,,,,[],[],"{""la"": 1}",la,regina,noun,528,regenai,,,,,,,,,,,,,,,,
unr,1,full_language,,unr,false,Mundari,,,,[],[],"{""en"": 1}",en,Mundari,name,642387,मुंडारी,,,,,,,,,,,,,,,,
"ur,fa",1,multiple_languages,,,false,,,,,[],"[{""input"": ""ur"", ""classification"": ""full_language"", ""canonical"": ""ur"", ""name"": ""Urdu""}, {""input"": ""fa"", ""classification"": ""full_language"", ""canonical"": ""fa"", ""name"": ""Persian""}]","{""cs"": 1}",cs,šál,noun,25074,شال,,,,,,,,,,,,,,,,
urb,1,full_language,,urb,false,Urubú-Kaapor,,,,[],[],"{""pt"": 1}",pt,açaí,noun,37375,wasai,,,,,,,,,,,,,,,,
urh,1,full_language,,urh,false,Urhobo,,,,[],[],"{""en"": 1}",en,amebo,noun,772346,avwebo,,,,,,,,,,,,,,,,
ush,1,full_language,,ush,false,Ushojo,,,,[],[],"{""en"": 1}",en,Ushoji,name,1319261,اُݜوجو,,,,,,,,,,,,,,,,
uum,1,full_language,,uum,false,Urum,,,,[],[],"{""tr"": 1}",tr,yonca,noun,13181,yonca,,,,,,,,,,,,,,,,
uuu,1,full_language,,uuu,false,U,,,,[],[],"{""vi"": 1}",vi,hôi,adj,18422,ʔùj,,,,,,,,,,,,,,,,
vah,1,full_language,,vah,false,Varhadi,,,,[],[],"{""en"": 1}",en,Varhadi,noun,1383820,वऱ्हाडी,,,,,,,,,,,,,,,,
ve,1,full_language,,ve,false,Venda,,,,[],[],"{""en"": 1}",en,motlopi,noun,1133922,muṱhobi,,,,,,,,,,,,,,,,
"vec,it",1,multiple_languages,,,false,,,,,[],"[{""input"": ""vec"", ""classification"": ""full_language"", ""canonical"": ""vec"", ""name"": ""Venetan""}, {""input"": ""it"", ""classification"": ""full_language"", ""canonical"": ""it"", ""name"": ""Italian""}]","{""ro"": 1}",ro,secară,noun,15849,segala,,,,,,,,,,,,,,,,
"vec,lmo",1,multiple_languages,,,false,,,,,[],"[{""input"": ""vec"", ""classification"": ""full_language"", ""canonical"": ""vec"", ""name"": ""Venetan""}, {""input"": ""lmo"", ""classification"": ""full_language"", ""canonical"": ""lmo"", ""name"": ""Lombard""}]","{""it"": 1}",it,albio,noun,155836,albio,,,,,,,,,,,,,,,,
vgr,1,full_language,,vgr,false,Vaghri,,,,[],[],"{""en"": 1}",en,Vaghri,name,1319506,باوری,,,,,,,,,,,,,,,,
wbj,1,full_language,,wbj,false,Alagwa,,,,[],[],"{""en"": 1}",en,Alawa,name,629941,Alaagwa’isa,,,,,,,,,,,,,,,,
wim,1,full_language,,wim,false,Wik-Mungkan,,,,[],[],"{""en"": 1}",en,taipan,noun,488939,thaypan,tay-pan,,,,,,,,,,,,,,,
wkw,1,full_language,,wkw,false,Wakawaka,,,,[],[],"{""en"": 1}",en,bunya,noun,577627,bunyi,,,,,,,,,,,,,,,,
wlc,1,full_language,,wlc,false,Mwali Comorian,,,,[],[],"{""fr"": 1}",fr,Mohéli,name,125383,Mwali,,,,,,,,,,,,,,,,
wlo,1,full_language,,wlo,false,Wolio,,,,[],[],"{""id"": 1}",id,baku,noun,5739,baku,,,,,,,,,,,,,,,,
wls,1,full_language,,wls,false,Wallisian,,,,[],[],"{""en"": 1}",en,Uvean,noun,935022,'Uvea,,,,,,,,,,,,,,,,
wmw,1,full_language,,wmw,false,Mwani,,,,[],[],"{""pt"": 1}",pt,Pomba Gira,name,34760,njira,,,,,,,,,,,,,,,,
wne,1,full_language,,wne,false,Waneci,,,,[],[],"{""en"": 1}",en,Wanetsi,name,1319262,وڼېڅي,,,,,,,,,,,,,,,,
wni,1,full_language,,wni,false,Ndzwani Comorian,,,,[],[],"{""fr"": 1}",fr,Anjouan,name,96902,Ndzuwani,,,,,,,,,,,,,,,,
"wo,ff",1,multiple_languages,,,false,,,,,[],"[{""input"": ""wo"", ""classification"": ""full_language"", ""canonical"": ""wo"", ""name"": ""Wolof""}, {""input"": ""ff"", ""classification"": ""full_language"", ""canonical"": ""ff"", ""name"": ""Fula""}]","{""en"": 1}",en,Casamance,name,556521,Kasamansa,,,,,,,,,,,,,,,,
wti,1,full_language,,wti,false,Berta,,,,[],[],"{""en"": 1}",en,Benishangul,noun,1485592,bela Shangul,,,,,,,,,,,,,,,,
wux,1,full_language,,wux,false,Wulna,,,,[],[],"{""en"": 1}",en,naga,noun,324168,nākā,,,,,,,,,,,,,,,,
"xaa,ary,arq",1,multiple_languages,,,false,,,,,[],"[{""input"": ""xaa"", ""classification"": ""full_language"", ""canonical"": ""xaa"", ""name"": ""Andalusian Arabic""}, {""input"": ""ary"", ""classification"": ""full_language"", ""canonical"": ""ary"", ""name"": ""Moroccan Arabic""}, {""input"": ""arq"", ""classification"": ""full_language"", ""canonical"": ""arq"", ""name"": ""Algerian Arabic""}]","{""pt"": 1}",pt,bigorna,noun,54425,بقرنية,,,,,,,,,,,,,,,,
xag,1,full_language,,xag,false,Aghwan,,,,[],[],"{""en"": 1}",en,work,noun,1577,𐔱𐕒𐕙𐔵,,,,,,,,,,,,,,,,
xaw,1,full_language,,xaw,false,Kawaiisu,,,,[],[],"{""en"": 1}",en,Tehachapi,name,463685,tihačipía,,,,,,,,,,,,,,,,
xbo-vol,1,etymology_only,external,xbo-vol,false,Volga Bulgar,xbo,xbo,Bulgar,"[""xbo-vol"", ""xbo""]",[],"{""hu"": 1}",hu,bélyeg,noun,19489,بَلُو,,,,,,,,,,,,,,,,
xcm,1,full_language,,xcm,false,Comecrudo,,,,[],[],"{""en"": 1}",en,Karankawa,noun,1366607,klam kakáwa,,,,,,,,,,,,,,,,
xhe,1,full_language,,xhe,false,Khetrani,,,,[],[],"{""en"": 1}",en,Khetrani,name,1319299,خترانی,,,,,,,,,,,,,,,,
xka,1,full_language,,xka,false,Kalkoti,,,,[],[],"{""en"": 1}",en,Kalkoti,name,1319301,کھعلکوٹى,,,,,,,,,,,,,,,,
xlg,1,full_language,,xlg,false,Ancient Ligurian,,,,[],[],"{""la"": 1}",la,Padus,name,686666,Bodincus,,,,,,,,,,,,,,,,
xln,1,full_language,,xln,false,Alanic,,,,[],[],"{""en"": 1}",en,Asparukh,name,1019942,Æspӕruk,,,,,,,,,,,,,,,,
xme-old,1,full_language,,xme-old,false,Old Median,,,,[],[],"{""ru"": 1}",ru,собака,noun,4856,σπάκα,,,,,,,,,,,,,,,,
xmk,1,full_language,,xmk,false,Ancient Macedonian,,,,[],[],"{""la"": 1}",la,cicer,noun,17442,κίκερροι,,,,,,,,,,,,,,,,
xmy,1,full_language,,xmy,false,Mayaguduna,,,,[],[],"{""en"": 1}",en,migaloo,noun,635720,migulu,,,,,,,,,,,,,,,,
xni,1,full_language,,xni,false,Ngarigu,,,,[],[],"{""en"": 1}",en,bogong,noun,544127,bugung,,,,,,,,,,,,,,,,
"xno,fro",1,multiple_languages,,,false,,,,,[],"[{""input"": ""xno"", ""name"": ""Anglo-Norman"", ""parent"": ""fro-nor"", ""root"": ""fro"", ""chain"": [""xno"", ""fro-nor"", ""fro""], ""section"": ""Old French"", ""classification"": ""etymology_only"", ""routing_classification"": ""external"", ""canonical"": ""xno""}, {""input"": ""fro"", ""classification"": ""full_language"", ""canonical"": ""fro"", ""name"": ""Old French""}]","{""en"": 1}",en,ay,intj,210563,ahi,,,,,,,,,,,,,,,,
xqt,1,full_language,,xqt,false,Qatabanian,,,,[],[],"{""en"": 1}",en,Qataban,name,1354948,𐩤𐩩𐩨𐩬,,,,,,,,,,,,,,,,
xsa,1,full_language,,xsa,false,Sabaean,,,,[],[],"{""en"": 1}",en,Almaqah,name,1130600,𐩱𐩡𐩣𐩤𐩠,,,,,,,,,,,,,,,,
xsl,1,full_language,,xsl,false,South Slavey,,,,[],[],"{""en"": 1}",en,Dene Zhatıé,name,1459144,Dene Zhatıé,,,,,,,,,,,,,,,,
xth,1,full_language,,xth,false,Yitha Yitha,,,,[],[],"{""en"": 1}",en,kultarr,noun,1291548,kultarr,,,,,,,,,,,,,,,,
xvi,1,etymology_only,external,xvi,false,Kamviri,bsh,bsh,Kamkata-viri,"[""xvi"", ""bsh""]",[],"{""en"": 1}",en,Shekhani,name,1319490,شیخانی,,,,,,,,,,,,,,,,
xyt,1,full_language,,xyt,false,Mayi-Thakurti,,,,[],[],"{""en"": 1}",en,maloga bean,noun,1195466,malaka,,,,,,,,,,,,,,,,
yao,1,full_language,,yao,false,Yao (Africa),,,,[],[],"{""en"": 1}",en,Nyasaland,name,426631,nyasa,,,,,,,,,,,,,,,,
ycl,1,full_language,,ycl,false,Lolopo,,,,[],[],"{""vi"": 1}",vi,bọ,noun,19949,bber,,,,,,,,,,,,,,,,
ycn,1,full_language,,ycn,false,Yucuna,,,,[],[],"{""en"": 1}",en,manicole,noun,1164052,manakóla,,,,,,,,,,,,,,,,
ydg,1,full_language,,ydg,false,Yidgha,,,,[],[],"{""en"": 1}",en,Yidgha,name,1319263,یدغا,,,,,,,,,,,,,,,,
ynd,1,full_language,,ynd,false,Yandruwandha,,,,[],[],"{""en"": 1}",en,pituri,noun,1035033,bijirri,,,,,,,,,,,,,,,,
yuc,1,full_language,,yuc,false,Yuchi,,,,[],[],"{""en"": 1}",en,pawpaw,noun,465757,pahpah,,,,,,,,,,,,,,,,
yue-HK,1,etymology_only,external,yue-HK,false,Hong Kong Cantonese,yue,yue,Cantonese,"[""yue-HK"", ""yue""]",[],"{""en"": 1}",en,calefare,noun,1370367,茄哩啡,,,,,,,,,,,,,,,,
yur,1,full_language,,yur,false,Yurok,,,,[],[],"{""en"": 1}",en,Weitchpec,name,1421195,wechpues,,,,,,,,,,,,,,,,
zak,1,full_language,,zak,false,Zanaki,,,,[],[],"{""en"": 1}",en,Nyerere,name,451780,nyerere,,,,,,,,,,,,,,,,
zal,1,full_language,,zal,false,Zauzou,,,,[],[],"{""en"": 1}",en,Zauzou,name,1101816,zau⁵⁵zou³³,,,,,,,,,,,,,,,,
zap,1,full_language,,zap,false,Zapotec,,,,[],[],"{""es"": 1}",es,Nayeli,name,117163,nadxieelii,,,,,,,,,,,,,,,,
zav,1,full_language,,zav,false,Yatzachi Zapotec,,,,[],[],"{""en"": 1}",en,Solaga,name,1165219,Zoꞌoḻaguəꞌ,,,,,,,,,,,,,,,,
zen,1,full_language,,zen,false,Zenaga,,,,[],[],"{""pt"": 1}",pt,Guiné,name,10339,ägənwi,,,,,,,,,,,,,,,,
zhn,1,full_language,,zhn,false,Nong Zhuang,,,,[],[],"{""vi"": 1}",vi,tỏi,noun,26857,soiq,,,,,,,,,,,,,,,,
zkh,1,full_language,,zkh,false,Khorezmian Turkic,,,,[],[],"{""tr"": 1}",tr,akmak,verb,24089,اقماق,,,,,,,,,,,,,,,,
zkv,1,full_language,,zkv,false,Krevinian,,,,[],[],"{""fi"": 1}",fi,samota,verb,137986,śamun,,,,,,,,,,,,,,,,
zle-mbe,1,etymology_only,external,zle-mbe,false,Middle Belarusian,zle-ort,zle-ort,Old Ruthenian,"[""zle-mbe"", ""zle-ort""]",[],"{""uk"": 1}",uk,знесення,noun,15434,знесенье,,,,,,,,,,,,,,,,
"zle-ort, orv",1,multiple_languages,,,false,,,,,[],"[{""input"": ""zle-ort"", ""classification"": ""full_language"", ""canonical"": ""zle-ort"", ""name"": ""Old Ruthenian""}, {""input"": ""orv"", ""classification"": ""full_language"", ""canonical"": ""orv"", ""name"": ""Old East Slavic""}]","{""uk"": 1}",uk,Едем,name,18885,Едемъ,,,,,,,,,,,,,,,,
zls,1,family,,zls,false,South Slavic,,,,[],[],"{""cs"": 1}",cs,čuvač,noun,50074,čuvati,,,,,,,,,,,,,,,,
zpq,1,full_language,,zpq,false,Zoogocho Zapotec,,,,[],[],"{""en"": 1}",en,Solaga,name,1165219,Zoḻagaꞌ,,,,,,,,,,,,,,,,
